{
"type": "FeatureCollection",
"name": "zalew_maska",
"crs": { "type": "name", "properties": { "name": "urn:ogc:def:crs:OGC:1.3:CRS84" } },
"features": [
{ "type": "Feature", "properties": { "fid": 1, "full_id": "r6962883", "osm_id": "6962883", "osm_type": "relation", "name": "Zalew Szczeciński", "place": null, "wetland": null, "landuse": null, "wikipedia": "pl:Zalew Szczeciński; de:Stettiner Haff", "wikidata": "Q50620166", "water": "lagoon", "type": "multipolygon", "source:alt_name:pl": "https://www.zalew.org/?page_id=28;https://porty24.pl/akwen/zachodniopomorski-szlak-zeglarski/zalew-szczecinski.html", "part_of": "Stettiner Haff - Zalew Szczeciński", "natural": "water", "name:sk": "Štetínsky záliv", "name:pl": "Zalew Szczeciński", "name:en": "Szczecin Lagoon", "name:de": "Großes Haff", "alt_name:pl": "Duży Zalew;Wielki Zalew", "alt_name:de": "Oderhaff;Pommersches Haff;Stettiner Haff", "wojewodztwo": null, "powiat": null, "gmina": null, "obreb": null, "arkusz": null, "nr_dzialki": null, "teryt": null, "pow_m2": null, "layer": "zalew_maska", "path": "C:/RDOS_Monitoring_Lokalny/zalew_maska.gpkg" }, "geometry": { "type": "MultiPolygon", "coordinates": [ [ [ [ 14.2139441, 53.8654312 ], [ 14.2140986, 53.8654668 ], [ 14.2143434, 53.8654983 ], [ 14.2144587, 53.8655229 ], [ 14.2145241, 53.865532 ], [ 14.2145407, 53.8655264 ], [ 14.2145336, 53.8655145 ], [ 14.2145371, 53.8654962 ], [ 14.2145621, 53.865492 ], [ 14.2145882, 53.8654906 ], [ 14.2146298, 53.8654962 ], [ 14.2146512, 53.8654906 ], [ 14.214656, 53.8654752 ], [ 14.2146274, 53.865464 ], [ 14.2145847, 53.8654598 ], [ 14.2145621, 53.8654416 ], [ 14.2145823, 53.8654149 ], [ 14.2146286, 53.8654037 ], [ 14.2146952, 53.8653988 ], [ 14.2148081, 53.8654192 ], [ 14.2149008, 53.865443 ], [ 14.2149685, 53.8654724 ], [ 14.2150054, 53.8655032 ], [ 14.2150232, 53.8655288 ], [ 14.2150178, 53.8655614 ], [ 14.2149964, 53.8655922 ], [ 14.214959, 53.8656357 ], [ 14.2148972, 53.8656767 ], [ 14.2148616, 53.8656921 ], [ 14.2148975, 53.8657073 ], [ 14.2149335, 53.8657226 ], [ 14.2149661, 53.8657107 ], [ 14.2150196, 53.8656861 ], [ 14.2150885, 53.8656546 ], [ 14.2152811, 53.865621 ], [ 14.2154771, 53.8655894 ], [ 14.2157231, 53.8655635 ], [ 14.2158515, 53.8655656 ], [ 14.2159394, 53.8655768 ], [ 14.2160012, 53.8656091 ], [ 14.2160503, 53.865688 ], [ 14.2160989, 53.8657038 ], [ 14.2161205, 53.8656911 ], [ 14.2161434, 53.8656595 ], [ 14.2162112, 53.8656634 ], [ 14.2162719, 53.8656812 ], [ 14.2163049, 53.8657146 ], [ 14.2163577, 53.8657314 ], [ 14.2164229, 53.865735 ], [ 14.2165038, 53.8657028 ], [ 14.2165671, 53.8657096 ], [ 14.2166041, 53.8657328 ], [ 14.2166566, 53.8657688 ], [ 14.2167048, 53.8657976 ], [ 14.2167351, 53.8658235 ], [ 14.2167386, 53.8658536 ], [ 14.2167285, 53.8658722 ], [ 14.2166832, 53.8659014 ], [ 14.2167594, 53.8659297 ], [ 14.2168812, 53.865916 ], [ 14.2171578, 53.8657693 ], [ 14.2172779, 53.8656913 ], [ 14.2173416, 53.8656495 ], [ 14.2172534, 53.8656133 ], [ 14.2172216, 53.8655693 ], [ 14.217282, 53.8654912 ], [ 14.2173082, 53.8654213 ], [ 14.2172904, 53.8653776 ], [ 14.2172116, 53.8653711 ], [ 14.2171654, 53.8653622 ], [ 14.2171879, 53.8653404 ], [ 14.2172569, 53.8653216 ], [ 14.2173258, 53.8653139 ], [ 14.2174535, 53.8653595 ], [ 14.2175656, 53.8653823 ], [ 14.2177313, 53.8653949 ], [ 14.2178245, 53.8654228 ], [ 14.2178455, 53.8654905 ], [ 14.2179084, 53.8655371 ], [ 14.217927, 53.8655298 ], [ 14.2179471, 53.8654614 ], [ 14.2179383, 53.8654074 ], [ 14.2179943, 53.8653504 ], [ 14.2181149, 53.8652974 ], [ 14.2182824, 53.8653017 ], [ 14.2183944, 53.8653181 ], [ 14.2184195, 53.8653556 ], [ 14.2185165, 53.8653862 ], [ 14.2186337, 53.865431 ], [ 14.2187714, 53.8655886 ], [ 14.218797, 53.865638 ], [ 14.2188593, 53.8656305 ], [ 14.2188248, 53.865557 ], [ 14.2187987, 53.8654882 ], [ 14.2188189, 53.8654437 ], [ 14.2188427, 53.8654353 ], [ 14.2188807, 53.8654395 ], [ 14.2189104, 53.8654318 ], [ 14.2189485, 53.8654128 ], [ 14.2189479, 53.8653925 ], [ 14.21893, 53.8653669 ], [ 14.2189069, 53.8653403 ], [ 14.2189045, 53.8652909 ], [ 14.2189639, 53.8652348 ], [ 14.2190162, 53.8652166 ], [ 14.219097, 53.8652117 ], [ 14.2191588, 53.8652163 ], [ 14.2191814, 53.8652026 ], [ 14.2191802, 53.8651753 ], [ 14.2191897, 53.8651486 ], [ 14.2192432, 53.8650968 ], [ 14.2193014, 53.8650674 ], [ 14.2193531, 53.8650337 ], [ 14.2193864, 53.8650043 ], [ 14.2193858, 53.8649791 ], [ 14.2193591, 53.8649735 ], [ 14.2193133, 53.8649717 ], [ 14.2192289, 53.8649728 ], [ 14.2191493, 53.8649671 ], [ 14.2191101, 53.8649426 ], [ 14.2191386, 53.8649139 ], [ 14.2191766, 53.8648802 ], [ 14.219286, 53.8648361 ], [ 14.2194226, 53.8648123 ], [ 14.2195391, 53.8648109 ], [ 14.2196235, 53.8648291 ], [ 14.2197019, 53.8648669 ], [ 14.2197304, 53.8649202 ], [ 14.2197732, 53.8649538 ], [ 14.2198421, 53.8649699 ], [ 14.2199353, 53.8650027 ], [ 14.2200156, 53.8650456 ], [ 14.2200774, 53.8650961 ], [ 14.2201285, 53.8651508 ], [ 14.2201458, 53.8652051 ], [ 14.2201666, 53.8652313 ], [ 14.2202101, 53.8652499 ], [ 14.2202676, 53.8652355 ], [ 14.2203246, 53.8652047 ], [ 14.2204328, 53.8651395 ], [ 14.220573, 53.8650667 ], [ 14.2205956, 53.8650428 ], [ 14.2206372, 53.8650253 ], [ 14.2206788, 53.8650246 ], [ 14.2207322, 53.8650288 ], [ 14.2207691, 53.8650197 ], [ 14.2207976, 53.8649973 ], [ 14.2208238, 53.8649763 ], [ 14.220885, 53.8649619 ], [ 14.2209563, 53.8649675 ], [ 14.2210121, 53.8649847 ], [ 14.2210418, 53.8650053 ], [ 14.2210804, 53.8650123 ], [ 14.2211232, 53.8650155 ], [ 14.2211767, 53.8650218 ], [ 14.2212266, 53.8650386 ], [ 14.221248, 53.8650376 ], [ 14.2212551, 53.8650313 ], [ 14.2212446, 53.8650219 ], [ 14.221237, 53.8649968 ], [ 14.2212531, 53.864984 ], [ 14.221281, 53.8649827 ], [ 14.2213125, 53.8649866 ], [ 14.2213404, 53.8649947 ], [ 14.2213541, 53.8650085 ], [ 14.2213508, 53.8650316 ], [ 14.221349, 53.8650639 ], [ 14.2213983, 53.8650502 ], [ 14.2215029, 53.8649854 ], [ 14.2215724, 53.8649163 ], [ 14.2215528, 53.8648883 ], [ 14.2214845, 53.8648543 ], [ 14.2214203, 53.8648319 ], [ 14.221368, 53.8648032 ], [ 14.2213443, 53.864759 ], [ 14.2213181, 53.8647247 ], [ 14.2212742, 53.8647015 ], [ 14.2212635, 53.8646714 ], [ 14.221292, 53.8646448 ], [ 14.2213562, 53.8646146 ], [ 14.2214263, 53.8645852 ], [ 14.221494, 53.8645726 ], [ 14.2215558, 53.8645691 ], [ 14.2216105, 53.8645502 ], [ 14.2216414, 53.8645249 ], [ 14.2217367, 53.8645056 ], [ 14.2218668, 53.8644853 ], [ 14.2219996, 53.864489 ], [ 14.2220344, 53.8644612 ], [ 14.2220355, 53.864437 ], [ 14.2220804, 53.8644173 ], [ 14.2220725, 53.864384 ], [ 14.222047, 53.8643814 ], [ 14.2219701, 53.8644097 ], [ 14.2219141, 53.8644142 ], [ 14.2218756, 53.8643869 ], [ 14.2218832, 53.8643471 ], [ 14.2219512, 53.8643237 ], [ 14.2220192, 53.8643169 ], [ 14.2221478, 53.8642303 ], [ 14.2222449, 53.8641739 ], [ 14.2223649, 53.864166 ], [ 14.222516, 53.8641944 ], [ 14.222539, 53.8642161 ], [ 14.2225353, 53.8642373 ], [ 14.2225218, 53.8642548 ], [ 14.2225326, 53.864278 ], [ 14.2226033, 53.8643103 ], [ 14.2227122, 53.8643298 ], [ 14.2228142, 53.8643177 ], [ 14.2229327, 53.8643126 ], [ 14.2230822, 53.8643028 ], [ 14.2231698, 53.8642517 ], [ 14.2231879, 53.8642048 ], [ 14.2232144, 53.8641642 ], [ 14.2233433, 53.8641184 ], [ 14.2234276, 53.8641051 ], [ 14.2234849, 53.8641185 ], [ 14.2235311, 53.8642015 ], [ 14.2236356, 53.8643025 ], [ 14.2236928, 53.8642991 ], [ 14.2237422, 53.8642895 ], [ 14.2239423, 53.8642198 ], [ 14.2240296, 53.8641592 ], [ 14.2241319, 53.8640969 ], [ 14.2242776, 53.8639686 ], [ 14.2244387, 53.8637749 ], [ 14.2246606, 53.8636247 ], [ 14.2247653, 53.863546 ], [ 14.2247514, 53.8635031 ], [ 14.2246574, 53.8635008 ], [ 14.2246121, 53.863529 ], [ 14.2245382, 53.8635274 ], [ 14.224503, 53.8634754 ], [ 14.2245456, 53.8634089 ], [ 14.2246063, 53.8633981 ], [ 14.2246968, 53.8633384 ], [ 14.22482, 53.8632637 ], [ 14.2244993, 53.8633297 ], [ 14.2245017, 53.8632907 ], [ 14.2245755, 53.8632294 ], [ 14.2247873, 53.8631556 ], [ 14.2248976, 53.863143 ], [ 14.2249792, 53.8631565 ], [ 14.2250183, 53.8631893 ], [ 14.225075, 53.8632141 ], [ 14.2251423, 53.8631961 ], [ 14.2252523, 53.8631781 ], [ 14.2253692, 53.8631963 ], [ 14.2254083, 53.8632199 ], [ 14.2254632, 53.8632537 ], [ 14.2255499, 53.8632165 ], [ 14.2256916, 53.8630936 ], [ 14.2258934, 53.8630207 ], [ 14.2262563, 53.8627253 ], [ 14.2265802, 53.8624925 ], [ 14.226683, 53.8624489 ], [ 14.2268425, 53.862262 ], [ 14.2270616, 53.8621599 ], [ 14.2272868, 53.8619897 ], [ 14.2276119, 53.861724 ], [ 14.2279186, 53.8615116 ], [ 14.2280981, 53.8613884 ], [ 14.2283554, 53.8611941 ], [ 14.2284485, 53.8610791 ], [ 14.2285744, 53.8610117 ], [ 14.2286346, 53.8609088 ], [ 14.2287887, 53.860819 ], [ 14.2288434, 53.860757 ], [ 14.2290849, 53.8606597 ], [ 14.2293582, 53.8606085 ], [ 14.2296076, 53.8605064 ], [ 14.2297492, 53.8604018 ], [ 14.2301361, 53.8602454 ], [ 14.2303998, 53.8599107 ], [ 14.230523, 53.8598104 ], [ 14.2306781, 53.8597493 ], [ 14.2308789, 53.8597298 ], [ 14.2311766, 53.8596226 ], [ 14.2313777, 53.8595482 ], [ 14.2316788, 53.8593538 ], [ 14.232019, 53.8592264 ], [ 14.2321739, 53.8590839 ], [ 14.2322187, 53.8589458 ], [ 14.2325992, 53.8588368 ], [ 14.2329597, 53.8586219 ], [ 14.2330802, 53.8585546 ], [ 14.233154, 53.8584814 ], [ 14.2331466, 53.8583905 ], [ 14.2331204, 53.85834 ], [ 14.2332822, 53.8582566 ], [ 14.2338368, 53.8577979 ], [ 14.2338801, 53.8577458 ], [ 14.2339022, 53.8576737 ], [ 14.2339561, 53.8576293 ], [ 14.2340592, 53.8575991 ], [ 14.2343981, 53.8576601 ], [ 14.2349529, 53.8575177 ], [ 14.2353094, 53.8572542 ], [ 14.235623, 53.8570828 ], [ 14.2358637, 53.8569915 ], [ 14.2360811, 53.8569592 ], [ 14.2362176, 53.8569034 ], [ 14.2362551, 53.8568187 ], [ 14.2363267, 53.856784 ], [ 14.2363579, 53.8566851 ], [ 14.2365643, 53.8566352 ], [ 14.2366092, 53.8565621 ], [ 14.2367891, 53.8564623 ], [ 14.2370236, 53.856379 ], [ 14.2371523, 53.8562349 ], [ 14.2373176, 53.8561103 ], [ 14.2374344, 53.8560729 ], [ 14.2375001, 53.8559585 ], [ 14.237575, 53.8558269 ], [ 14.2377835, 53.8556976 ], [ 14.2377886, 53.855618 ], [ 14.2380248, 53.8554357 ], [ 14.2380608, 53.8553603 ], [ 14.2383121, 53.8552293 ], [ 14.2384359, 53.855239 ], [ 14.2385521, 53.8552091 ], [ 14.2386904, 53.8551193 ], [ 14.2386537, 53.8550238 ], [ 14.2386675, 53.8549731 ], [ 14.238735, 53.8548937 ], [ 14.2388883, 53.8548378 ], [ 14.2391177, 53.8547946 ], [ 14.2395115, 53.8547245 ], [ 14.2396243, 53.8546502 ], [ 14.2396937, 53.8545389 ], [ 14.2399958, 53.8543794 ], [ 14.2399989, 53.8542462 ], [ 14.240162, 53.8541217 ], [ 14.2402248, 53.8539797 ], [ 14.2404, 53.853924 ], [ 14.2404973, 53.8538123 ], [ 14.2405348, 53.8537484 ], [ 14.2404941, 53.8536455 ], [ 14.2405548, 53.8534909 ], [ 14.2421943, 53.8524565 ], [ 14.2436745, 53.8510417 ], [ 14.2456049, 53.8492034 ], [ 14.2463151, 53.8487638 ], [ 14.2484237, 53.8470276 ], [ 14.2501574, 53.8456467 ], [ 14.2503527, 53.8454583 ], [ 14.25052, 53.845403 ], [ 14.2506008, 53.8453121 ], [ 14.2507214, 53.8452788 ], [ 14.2508736, 53.8452373 ], [ 14.2514361, 53.8447414 ], [ 14.2515971, 53.8447053 ], [ 14.2521899, 53.8441357 ], [ 14.252819, 53.8436541 ], [ 14.2529338, 53.843577 ], [ 14.253118, 53.84332 ], [ 14.2535077, 53.8429544 ], [ 14.2537233, 53.8427046 ], [ 14.2538859, 53.8424777 ], [ 14.2538688, 53.8424246 ], [ 14.2539175, 53.8423866 ], [ 14.2540464, 53.8423144 ], [ 14.2543883, 53.8422023 ], [ 14.2549383, 53.8417193 ], [ 14.2552039, 53.8416488 ], [ 14.2554138, 53.8415738 ], [ 14.2558973, 53.8413572 ], [ 14.2561579, 53.8410695 ], [ 14.2566779, 53.840438 ], [ 14.257522, 53.8400952 ], [ 14.2579122, 53.8396725 ], [ 14.2581862, 53.8393382 ], [ 14.2590693, 53.83834 ], [ 14.2595002, 53.8380577 ], [ 14.2596629, 53.8378713 ], [ 14.2600015, 53.8377371 ], [ 14.2602611, 53.8376485 ], [ 14.2604823, 53.8374906 ], [ 14.2607143, 53.8373616 ], [ 14.2609114, 53.8372563 ], [ 14.2610681, 53.8369625 ], [ 14.2611536, 53.8367885 ], [ 14.2617085, 53.8365163 ], [ 14.2622877, 53.8360523 ], [ 14.2623207, 53.8358321 ], [ 14.2624667, 53.8355766 ], [ 14.2628994, 53.835343 ], [ 14.2633008, 53.834997 ], [ 14.263613, 53.834515 ], [ 14.2638849, 53.8344605 ], [ 14.2641027, 53.8342786 ], [ 14.2646244, 53.8339373 ], [ 14.2647594, 53.8337453 ], [ 14.2649415, 53.8336731 ], [ 14.2650679, 53.8335393 ], [ 14.2651175, 53.833421 ], [ 14.2651093, 53.8333355 ], [ 14.2651346, 53.833225 ], [ 14.2653068, 53.8330375 ], [ 14.2654992, 53.832805 ], [ 14.2658132, 53.8328222 ], [ 14.2660318, 53.8327582 ], [ 14.2663119, 53.8324983 ], [ 14.2664434, 53.8324471 ], [ 14.2666458, 53.8323836 ], [ 14.2667915, 53.8322346 ], [ 14.2671657, 53.831757 ], [ 14.2674569, 53.8313973 ], [ 14.2675253, 53.8311908 ], [ 14.2679868, 53.8307073 ], [ 14.2682615, 53.8303043 ], [ 14.2685752, 53.8301465 ], [ 14.268924, 53.830159 ], [ 14.2692146, 53.8302586 ], [ 14.2695326, 53.8301876 ], [ 14.2707132, 53.829502 ], [ 14.2714519, 53.8290525 ], [ 14.2721336, 53.8285193 ], [ 14.272635, 53.8281649 ], [ 14.2729501, 53.8276915 ], [ 14.273172, 53.8272586 ], [ 14.2731918, 53.8271367 ], [ 14.2732788, 53.8270413 ], [ 14.2737764, 53.8267991 ], [ 14.2747763, 53.826273 ], [ 14.2752491, 53.8260439 ], [ 14.2759501, 53.8259311 ], [ 14.2768422, 53.8257664 ], [ 14.2777851, 53.8253785 ], [ 14.2781923, 53.825211 ], [ 14.2791064, 53.824996 ], [ 14.279626, 53.8249926 ], [ 14.2798296, 53.8249364 ], [ 14.2804127, 53.8246188 ], [ 14.2803651, 53.824265 ], [ 14.2811118, 53.8241297 ], [ 14.2813628, 53.8242391 ], [ 14.2822802, 53.8240114 ], [ 14.2824413, 53.8238677 ], [ 14.2823155, 53.8236627 ], [ 14.2828599, 53.8234244 ], [ 14.2834748, 53.8233751 ], [ 14.283634, 53.8235694 ], [ 14.2840799, 53.8236489 ], [ 14.2846024, 53.8235481 ], [ 14.284927, 53.82331 ], [ 14.285451, 53.8230886 ], [ 14.2862198, 53.8230281 ], [ 14.2868935, 53.8229668 ], [ 14.2875426, 53.8228981 ], [ 14.2880632, 53.8230152 ], [ 14.2887085, 53.8229897 ], [ 14.2897667, 53.8227163 ], [ 14.2902582, 53.8227683 ], [ 14.2910186, 53.8227898 ], [ 14.2915342, 53.8227466 ], [ 14.2923426, 53.8227661 ], [ 14.2927906, 53.8228333 ], [ 14.2933048, 53.8228744 ], [ 14.2948278, 53.822902 ], [ 14.2950864, 53.8231581 ], [ 14.2955307, 53.8233589 ], [ 14.2957399, 53.82336 ], [ 14.2960992, 53.8233146 ], [ 14.2963088, 53.8231323 ], [ 14.2964671, 53.8228695 ], [ 14.2964315, 53.8227919 ], [ 14.2962421, 53.8226868 ], [ 14.2963231, 53.8226441 ], [ 14.2976342, 53.822564 ], [ 14.2987749, 53.8225315 ], [ 14.3000764, 53.822554 ], [ 14.3004636, 53.8227337 ], [ 14.3009786, 53.8227633 ], [ 14.3015891, 53.8225229 ], [ 14.3024543, 53.822653 ], [ 14.3028919, 53.8224979 ], [ 14.3031524, 53.8222557 ], [ 14.3030784, 53.8221623 ], [ 14.3028222, 53.8221141 ], [ 14.3028798, 53.821995 ], [ 14.3033449, 53.8220108 ], [ 14.3040514, 53.8220504 ], [ 14.3046827, 53.8221966 ], [ 14.305183, 53.8220925 ], [ 14.3055421, 53.8221923 ], [ 14.3059307, 53.8221361 ], [ 14.3061723, 53.8221307 ], [ 14.3064771, 53.822217 ], [ 14.3072409, 53.8220088 ], [ 14.3072429, 53.821847 ], [ 14.3075927, 53.8218283 ], [ 14.3078524, 53.8216875 ], [ 14.3080012, 53.8215373 ], [ 14.3078155, 53.821442 ], [ 14.3077657, 53.8213293 ], [ 14.3076713, 53.8212415 ], [ 14.3078825, 53.8211494 ], [ 14.308101, 53.8211389 ], [ 14.3088653, 53.8209355 ], [ 14.3090493, 53.8209361 ], [ 14.3090801, 53.8209844 ], [ 14.3092401, 53.8209752 ], [ 14.3093953, 53.8209009 ], [ 14.3094243, 53.8209205 ], [ 14.3094329, 53.8209875 ], [ 14.3094742, 53.8210325 ], [ 14.3095892, 53.8209757 ], [ 14.3096098, 53.8208813 ], [ 14.3096875, 53.8208617 ], [ 14.3099004, 53.820901 ], [ 14.3100648, 53.8208884 ], [ 14.3101748, 53.820546 ], [ 14.3102927, 53.8201282 ], [ 14.3102492, 53.8197622 ], [ 14.3101537, 53.8196441 ], [ 14.3099133, 53.819599 ], [ 14.3092415, 53.8195965 ], [ 14.3089218, 53.8195589 ], [ 14.3087079, 53.8195636 ], [ 14.3082848, 53.8195596 ], [ 14.3080313, 53.8195508 ], [ 14.3079084, 53.819543 ], [ 14.3078836, 53.8195355 ], [ 14.3078881, 53.819521 ], [ 14.3079086, 53.8195139 ], [ 14.3079669, 53.8195144 ], [ 14.3080874, 53.8195167 ], [ 14.3084166, 53.8195242 ], [ 14.3087089, 53.819519 ], [ 14.3089158, 53.8195039 ], [ 14.3090364, 53.8194694 ], [ 14.3093447, 53.8194557 ], [ 14.3094761, 53.8189533 ], [ 14.3095671, 53.8187186 ], [ 14.3095259, 53.8184575 ], [ 14.3093946, 53.8181778 ], [ 14.3094223, 53.8172838 ], [ 14.3092833, 53.8171005 ], [ 14.3090035, 53.816752 ], [ 14.308927, 53.8163573 ], [ 14.3084598, 53.8161328 ], [ 14.3081202, 53.8159163 ], [ 14.30828, 53.8154945 ], [ 14.3083581, 53.8151639 ], [ 14.3083334, 53.814792 ], [ 14.3083325, 53.8143396 ], [ 14.3084318, 53.8137666 ], [ 14.3084329, 53.8134084 ], [ 14.3084452, 53.8131572 ], [ 14.3081702, 53.8129179 ], [ 14.3077017, 53.8126086 ], [ 14.3070223, 53.8128562 ], [ 14.3068035, 53.8130989 ], [ 14.3065639, 53.8131496 ], [ 14.3063424, 53.8131214 ], [ 14.306245, 53.8131144 ], [ 14.306084, 53.8131504 ], [ 14.3059906, 53.8131938 ], [ 14.3058945, 53.8131956 ], [ 14.3057974, 53.8132359 ], [ 14.3055586, 53.8134227 ], [ 14.3052615, 53.8136146 ], [ 14.3052809, 53.813666 ], [ 14.3052484, 53.8136957 ], [ 14.3051725, 53.8137177 ], [ 14.3050073, 53.8137196 ], [ 14.304908, 53.8137695 ], [ 14.3045158, 53.8140664 ], [ 14.3045063, 53.814097 ], [ 14.3044721, 53.8141421 ], [ 14.3044388, 53.8141521 ], [ 14.304407, 53.8141484 ], [ 14.3044013, 53.814108 ], [ 14.3045037, 53.8140302 ], [ 14.3045625, 53.8139998 ], [ 14.3048051, 53.813804 ], [ 14.3051944, 53.8135018 ], [ 14.306442, 53.8125763 ], [ 14.3071993, 53.8119832 ], [ 14.3101862, 53.8097525 ], [ 14.3109061, 53.8097901 ], [ 14.3116336, 53.8098151 ], [ 14.3130832, 53.8098383 ], [ 14.3131376, 53.8098059 ], [ 14.3139049, 53.8097865 ], [ 14.3141339, 53.8097451 ], [ 14.3142333, 53.8097919 ], [ 14.3144407, 53.8097893 ], [ 14.3145193, 53.8098423 ], [ 14.314679, 53.8098534 ], [ 14.3150513, 53.8097939 ], [ 14.3165072, 53.809838 ], [ 14.3167841, 53.8099179 ], [ 14.3174133, 53.8099401 ], [ 14.3178743, 53.8098832 ], [ 14.3179728, 53.8099013 ], [ 14.3181806, 53.8098695 ], [ 14.3186036, 53.8098914 ], [ 14.3191531, 53.8098165 ], [ 14.3193435, 53.8097466 ], [ 14.3195784, 53.8097736 ], [ 14.3196911, 53.8098268 ], [ 14.3198816, 53.8098319 ], [ 14.3199346, 53.8098804 ], [ 14.3200688, 53.8099214 ], [ 14.3202045, 53.8099314 ], [ 14.3203213, 53.8098943 ], [ 14.3203778, 53.8099287 ], [ 14.3206964, 53.8098673 ], [ 14.3210085, 53.8098652 ], [ 14.3212731, 53.809928 ], [ 14.3214376, 53.809932 ], [ 14.3215245, 53.809964 ], [ 14.3216972, 53.809985 ], [ 14.3218676, 53.8100084 ], [ 14.3222352, 53.8099596 ], [ 14.3224713, 53.8099891 ], [ 14.3228578, 53.8099715 ], [ 14.3230034, 53.8100158 ], [ 14.323248, 53.8100409 ], [ 14.32352, 53.8100194 ], [ 14.3240244, 53.8100249 ], [ 14.3242344, 53.8100532 ], [ 14.3246002, 53.8099842 ], [ 14.3248658, 53.809875 ], [ 14.3251112, 53.8098934 ], [ 14.3261925, 53.8101368 ], [ 14.3262899, 53.8101835 ], [ 14.326339, 53.8102485 ], [ 14.3268451, 53.8101838 ], [ 14.3273691, 53.8102297 ], [ 14.3294048, 53.810086 ], [ 14.3303159, 53.8099978 ], [ 14.3304668, 53.8100882 ], [ 14.3309302, 53.8101539 ], [ 14.3311653, 53.8101559 ], [ 14.3313573, 53.8101122 ], [ 14.331393, 53.8100624 ], [ 14.3314982, 53.810057 ], [ 14.3315434, 53.8100123 ], [ 14.3316902, 53.8099406 ], [ 14.3320794, 53.8098323 ], [ 14.3327721, 53.8096733 ], [ 14.333322, 53.8094864 ], [ 14.3335063, 53.8095293 ], [ 14.3338381, 53.8093487 ], [ 14.3352627, 53.8084216 ], [ 14.3364762, 53.807696 ], [ 14.3365842, 53.8075216 ], [ 14.336985, 53.8072052 ], [ 14.3371367, 53.8070782 ], [ 14.3372248, 53.8070374 ], [ 14.3373222, 53.8070253 ], [ 14.3374665, 53.8070298 ], [ 14.3376798, 53.8070528 ], [ 14.337742, 53.8070914 ], [ 14.3377655, 53.8071506 ], [ 14.3377435, 53.8072495 ], [ 14.3376417, 53.8074304 ], [ 14.3375907, 53.8074859 ], [ 14.3375181, 53.8075561 ], [ 14.3389157, 53.8081853 ], [ 14.3400543, 53.8087003 ], [ 14.3408, 53.8084496 ], [ 14.3409027, 53.8085051 ], [ 14.3409655, 53.8085206 ], [ 14.3409993, 53.8087008 ], [ 14.3409185, 53.8089572 ], [ 14.3407812, 53.809045 ], [ 14.3408063, 53.8093327 ], [ 14.3408446, 53.8097675 ], [ 14.3408606, 53.8103919 ], [ 14.340646, 53.811021 ], [ 14.3405641, 53.811261 ], [ 14.3405438, 53.8114857 ], [ 14.3401418, 53.8119208 ], [ 14.3399522, 53.8123274 ], [ 14.3396345, 53.8131203 ], [ 14.3397795, 53.8134978 ], [ 14.3392555, 53.8138976 ], [ 14.3390025, 53.8139828 ], [ 14.3389042, 53.8143064 ], [ 14.3386773, 53.8143184 ], [ 14.3383845, 53.8146231 ], [ 14.3382049, 53.8152467 ], [ 14.338209, 53.8160094 ], [ 14.338339, 53.8163764 ], [ 14.3382135, 53.816647 ], [ 14.33812, 53.8167312 ], [ 14.3379137, 53.8169168 ], [ 14.3378144, 53.8174368 ], [ 14.3375962, 53.8176245 ], [ 14.3374298, 53.8189674 ], [ 14.3374685, 53.8192087 ], [ 14.3373058, 53.8193482 ], [ 14.3370453, 53.8197363 ], [ 14.3372403, 53.8206606 ], [ 14.3369698, 53.8208118 ], [ 14.3372299, 53.8220947 ], [ 14.3372929, 53.822234 ], [ 14.3374041, 53.8224801 ], [ 14.3374273, 53.8225312 ], [ 14.3376648, 53.8229747 ], [ 14.3377377, 53.8231683 ], [ 14.3383945, 53.8239121 ], [ 14.3395727, 53.8247651 ], [ 14.3406294, 53.8252558 ], [ 14.3408206, 53.8257388 ], [ 14.3410102, 53.825826 ], [ 14.3417057, 53.8256316 ], [ 14.3421003, 53.8257633 ], [ 14.3421324, 53.8258619 ], [ 14.3419852, 53.8259241 ], [ 14.3414423, 53.8259084 ], [ 14.3410676, 53.8259947 ], [ 14.3402902, 53.8264963 ], [ 14.3399549, 53.8266822 ], [ 14.3398289, 53.8269412 ], [ 14.3390952, 53.8272192 ], [ 14.3389125, 53.8274725 ], [ 14.338689, 53.828399 ], [ 14.3390627, 53.8289851 ], [ 14.340112, 53.82955 ], [ 14.3404484, 53.8297263 ], [ 14.3408645, 53.8297109 ], [ 14.3418678, 53.8295315 ], [ 14.3423193, 53.8296615 ], [ 14.3417336, 53.8304537 ], [ 14.3417663, 53.8306426 ], [ 14.3415876, 53.8308694 ], [ 14.3408518, 53.8308848 ], [ 14.3408069, 53.8308858 ], [ 14.340204, 53.8311902 ], [ 14.3398944, 53.8312955 ], [ 14.3396225, 53.8312236 ], [ 14.3395147, 53.8312718 ], [ 14.3394627, 53.8312951 ], [ 14.3396665, 53.8315771 ], [ 14.339528, 53.8317074 ], [ 14.3396638, 53.8318306 ], [ 14.3397895, 53.8317363 ], [ 14.3399447, 53.8317403 ], [ 14.3400941, 53.8317442 ], [ 14.3404017, 53.8317617 ], [ 14.3409741, 53.8320647 ], [ 14.3408609, 53.8321643 ], [ 14.3410206, 53.8322271 ], [ 14.3413316, 53.8322087 ], [ 14.3417647, 53.8321609 ], [ 14.3419649, 53.8321818 ], [ 14.3421195, 53.8323372 ], [ 14.3428921, 53.8323212 ], [ 14.3429562, 53.8322058 ], [ 14.3431649, 53.832121 ], [ 14.3437127, 53.8321292 ], [ 14.3442588, 53.8323778 ], [ 14.3446434, 53.8323333 ], [ 14.3448721, 53.8320737 ], [ 14.345036, 53.8317817 ], [ 14.3453027, 53.8315851 ], [ 14.3456973, 53.8316721 ], [ 14.3458783, 53.8316747 ], [ 14.3463787, 53.8316749 ], [ 14.3466738, 53.8318147 ], [ 14.3469399, 53.8320948 ], [ 14.3470751, 53.8323835 ], [ 14.347038, 53.8324765 ], [ 14.3468059, 53.8324076 ], [ 14.3466474, 53.8324106 ], [ 14.3463651, 53.8324317 ], [ 14.3454066, 53.8322647 ], [ 14.3450575, 53.8322632 ], [ 14.345074, 53.8323513 ], [ 14.3452521, 53.8324026 ], [ 14.3456092, 53.8326787 ], [ 14.3463627, 53.8329951 ], [ 14.3470127, 53.8333851 ], [ 14.3470332, 53.8337782 ], [ 14.3475598, 53.8339094 ], [ 14.3479186, 53.8339987 ], [ 14.3488336, 53.8342265 ], [ 14.3493612, 53.8339967 ], [ 14.3499468, 53.8337547 ], [ 14.3504727, 53.8339726 ], [ 14.3513227, 53.8346951 ], [ 14.3530163, 53.8356994 ], [ 14.3528227, 53.8362351 ], [ 14.3550736, 53.8366076 ], [ 14.3560427, 53.8370251 ], [ 14.3571127, 53.8379251 ], [ 14.3584127, 53.8381851 ], [ 14.3595027, 53.8378051 ], [ 14.3600561, 53.8377421 ], [ 14.3603582, 53.838154 ], [ 14.3613279, 53.8376564 ], [ 14.3619265, 53.8378635 ], [ 14.3623686, 53.8385807 ], [ 14.3631727, 53.8387251 ], [ 14.3639577, 53.8385287 ], [ 14.3645466, 53.8388022 ], [ 14.3651656, 53.8388357 ], [ 14.3665766, 53.8382251 ], [ 14.367535, 53.8382291 ], [ 14.3681527, 53.8386251 ], [ 14.3684733, 53.8390111 ], [ 14.3684197, 53.8390649 ], [ 14.3681568, 53.8393403 ], [ 14.3697546, 53.8397211 ], [ 14.3699915, 53.8398784 ], [ 14.3702168, 53.8398436 ], [ 14.3707693, 53.8399449 ], [ 14.370882, 53.840157 ], [ 14.3705762, 53.840138 ], [ 14.3702382, 53.840005 ], [ 14.3698252, 53.8400272 ], [ 14.3695301, 53.8401791 ], [ 14.3696428, 53.8403659 ], [ 14.3700719, 53.8405273 ], [ 14.3700129, 53.8406317 ], [ 14.3703051, 53.8407513 ], [ 14.3716652, 53.8406761 ], [ 14.3730385, 53.8401316 ], [ 14.3739727, 53.8400651 ], [ 14.3742401, 53.8397771 ], [ 14.3758246, 53.8396503 ], [ 14.3766156, 53.840116 ], [ 14.3775616, 53.8400403 ], [ 14.3783473, 53.8400608 ], [ 14.380302, 53.8386518 ], [ 14.3821609, 53.8374788 ], [ 14.382575, 53.8368317 ], [ 14.3844227, 53.8365351 ], [ 14.3848627, 53.8362651 ], [ 14.3874627, 53.8362851 ], [ 14.3885327, 53.8366751 ], [ 14.3889527, 53.8374551 ], [ 14.3895927, 53.8380951 ], [ 14.3908927, 53.8386151 ], [ 14.3934827, 53.8390151 ], [ 14.3934627, 53.8400351 ], [ 14.3943227, 53.8405551 ], [ 14.3947627, 53.8404251 ], [ 14.3960527, 53.8404351 ], [ 14.3969227, 53.8405651 ], [ 14.3960827, 53.8390251 ], [ 14.3969427, 53.8391551 ], [ 14.3990927, 53.8403151 ], [ 14.4004027, 53.8398151 ], [ 14.4012527, 53.8404551 ], [ 14.4021227, 53.8407151 ], [ 14.4034027, 53.8416251 ], [ 14.4025427, 53.8414851 ], [ 14.3999427, 53.8416051 ], [ 14.4003627, 53.8422351 ], [ 14.4008027, 53.8422351 ], [ 14.4012327, 53.8419951 ], [ 14.4029727, 53.8420051 ], [ 14.4038327, 53.8420051 ], [ 14.4046927, 53.8422651 ], [ 14.4072927, 53.8422851 ], [ 14.4085927, 53.8424151 ], [ 14.4098827, 53.8430651 ], [ 14.4111727, 53.8435851 ], [ 14.4129027, 53.8441051 ], [ 14.4154827, 53.8456551 ], [ 14.4167727, 53.8461651 ], [ 14.4174027, 53.8473251 ], [ 14.4173827, 53.8486051 ], [ 14.4167427, 53.8491151 ], [ 14.4164325, 53.8493139 ], [ 14.4163686, 53.849354 ], [ 14.4162925, 53.8493813 ], [ 14.4162191, 53.8493861 ], [ 14.4161674, 53.8493813 ], [ 14.4161403, 53.8493677 ], [ 14.4161403, 53.849338 ], [ 14.416162, 53.8493139 ], [ 14.416268, 53.849245 ], [ 14.4162177, 53.8492257 ], [ 14.4161212, 53.8492241 ], [ 14.4160546, 53.8492201 ], [ 14.4160505, 53.8491872 ], [ 14.4159975, 53.8491263 ], [ 14.4159037, 53.8490718 ], [ 14.4157447, 53.8490116 ], [ 14.415432, 53.8489691 ], [ 14.4152553, 53.8489306 ], [ 14.4150731, 53.8489298 ], [ 14.4149481, 53.8489779 ], [ 14.4148951, 53.8490229 ], [ 14.4148801, 53.8492939 ], [ 14.4148298, 53.8493107 ], [ 14.4148529, 53.8493701 ], [ 14.4147442, 53.8496772 ], [ 14.414755, 53.849739 ], [ 14.4147931, 53.8497999 ], [ 14.4149059, 53.8498232 ], [ 14.4149481, 53.8498568 ], [ 14.4149766, 53.8498961 ], [ 14.4150133, 53.8499467 ], [ 14.4150908, 53.8500052 ], [ 14.4151751, 53.8500445 ], [ 14.415273, 53.8500846 ], [ 14.4153056, 53.8501279 ], [ 14.4153328, 53.8501928 ], [ 14.4153708, 53.8502353 ], [ 14.4154279, 53.8502626 ], [ 14.4155217, 53.8502754 ], [ 14.4156373, 53.850277 ], [ 14.4157488, 53.8502554 ], [ 14.4158058, 53.8502225 ], [ 14.4158711, 53.8502121 ], [ 14.4159309, 53.8502369 ], [ 14.4160057, 53.8501904 ], [ 14.4160736, 53.85018 ], [ 14.4161049, 53.8501543 ], [ 14.4161008, 53.8501223 ], [ 14.4160397, 53.850107 ], [ 14.4159513, 53.8500918 ], [ 14.4159296, 53.8500525 ], [ 14.4159105, 53.8499867 ], [ 14.4158793, 53.8499539 ], [ 14.4158358, 53.8499042 ], [ 14.4158453, 53.8498336 ], [ 14.4159146, 53.8497775 ], [ 14.4160084, 53.8497606 ], [ 14.4160872, 53.8497895 ], [ 14.4161702, 53.8498592 ], [ 14.416252, 53.8499076 ], [ 14.4163453, 53.8499569 ], [ 14.4164327, 53.8500278 ], [ 14.4165039, 53.8501105 ], [ 14.4165539, 53.8502115 ], [ 14.4165769, 53.8503243 ], [ 14.416561, 53.8504031 ], [ 14.4166167, 53.850468 ], [ 14.4166901, 53.8504913 ], [ 14.4167499, 53.850545 ], [ 14.4167839, 53.8506108 ], [ 14.4167785, 53.8506621 ], [ 14.4167499, 53.8506982 ], [ 14.4168043, 53.8506926 ], [ 14.4169008, 53.8506781 ], [ 14.4170096, 53.8506878 ], [ 14.417068, 53.8507118 ], [ 14.4170898, 53.8507463 ], [ 14.4170857, 53.8507784 ], [ 14.417083, 53.8507912 ], [ 14.4171713, 53.8508056 ], [ 14.4172026, 53.8508425 ], [ 14.4172298, 53.8509764 ], [ 14.4172148, 53.8511264 ], [ 14.4172203, 53.8512675 ], [ 14.4172257, 53.851367 ], [ 14.4171972, 53.8514399 ], [ 14.4172325, 53.8515273 ], [ 14.4171972, 53.8516933 ], [ 14.4172013, 53.8517887 ], [ 14.4172434, 53.8518537 ], [ 14.4173154, 53.8519267 ], [ 14.4173875, 53.8519908 ], [ 14.4175397, 53.8520582 ], [ 14.4176757, 53.8521039 ], [ 14.4176825, 53.8521432 ], [ 14.4176403, 53.8522771 ], [ 14.4176172, 53.8522979 ], [ 14.4176376, 53.8523508 ], [ 14.4175792, 53.8523733 ], [ 14.4175193, 53.8523677 ], [ 14.4174432, 53.8523468 ], [ 14.417382, 53.8523204 ], [ 14.4173018, 53.8522771 ], [ 14.4172556, 53.8522346 ], [ 14.4172026, 53.8521913 ], [ 14.4171455, 53.8521592 ], [ 14.417068, 53.8521319 ], [ 14.416977, 53.8521183 ], [ 14.4169267, 53.8521351 ], [ 14.4169362, 53.8521632 ], [ 14.4169063, 53.8521953 ], [ 14.4168465, 53.8522073 ], [ 14.4167703, 53.8522185 ], [ 14.41672, 53.8522498 ], [ 14.4166847, 53.8522955 ], [ 14.4166453, 53.8522979 ], [ 14.4166194, 53.8522947 ], [ 14.4165447, 53.8523428 ], [ 14.4165107, 53.8523853 ], [ 14.4164985, 53.8524326 ], [ 14.4164604, 53.8524671 ], [ 14.4164441, 53.8525032 ], [ 14.4164427, 53.8525473 ], [ 14.416474, 53.8525938 ], [ 14.4165365, 53.8526211 ], [ 14.4166045, 53.8526347 ], [ 14.4166888, 53.8526307 ], [ 14.416667, 53.8527029 ], [ 14.4166181, 53.8527205 ], [ 14.4165651, 53.8527285 ], [ 14.4165827, 53.8527534 ], [ 14.4166398, 53.8527542 ], [ 14.4166874, 53.8527854 ], [ 14.4167132, 53.8528199 ], [ 14.416686, 53.8528416 ], [ 14.4167105, 53.8528817 ], [ 14.4167391, 53.852937 ], [ 14.4167486, 53.8529995 ], [ 14.4167771, 53.853034 ], [ 14.416841, 53.8530356 ], [ 14.4168709, 53.8530476 ], [ 14.4169362, 53.8531294 ], [ 14.4169403, 53.8531888 ], [ 14.4169538, 53.8532257 ], [ 14.4170205, 53.8532313 ], [ 14.4170667, 53.8532409 ], [ 14.4170708, 53.8532577 ], [ 14.4170517, 53.8532778 ], [ 14.417064, 53.8532962 ], [ 14.4170966, 53.8533115 ], [ 14.4171523, 53.8533123 ], [ 14.4171836, 53.8533235 ], [ 14.4171917, 53.8533443 ], [ 14.4171822, 53.853366 ], [ 14.4172053, 53.8533876 ], [ 14.4172597, 53.8534093 ], [ 14.4173671, 53.8534117 ], [ 14.4174962, 53.8534149 ], [ 14.4175384, 53.8534061 ], [ 14.4176784, 53.8534045 ], [ 14.4177314, 53.8533852 ], [ 14.4177926, 53.8533844 ], [ 14.4178497, 53.8534181 ], [ 14.417885, 53.8534285 ], [ 14.4179353, 53.8534149 ], [ 14.4179625, 53.8533852 ], [ 14.4179666, 53.8533564 ], [ 14.4180128, 53.8533419 ], [ 14.4180631, 53.8533339 ], [ 14.4181623, 53.8532826 ], [ 14.4182548, 53.8532249 ], [ 14.4183404, 53.8531864 ], [ 14.418456, 53.8531703 ], [ 14.4185729, 53.8531727 ], [ 14.4186803, 53.8531856 ], [ 14.418755, 53.8532176 ], [ 14.4188026, 53.8532577 ], [ 14.4188869, 53.8532794 ], [ 14.419031, 53.853269 ], [ 14.4192349, 53.8532874 ], [ 14.4194827, 53.8534851 ], [ 14.4186127, 53.8542451 ], [ 14.4183866, 53.854693 ], [ 14.4181217, 53.8552176 ], [ 14.4177993, 53.8556316 ], [ 14.4172827, 53.8562951 ], [ 14.4166227, 53.8565451 ], [ 14.4164227, 53.8557751 ], [ 14.4155844, 53.8559023 ], [ 14.4151127, 53.8562851 ], [ 14.4148662, 53.8573083 ], [ 14.4150774, 53.8581472 ], [ 14.4155027, 53.8593551 ], [ 14.4156935, 53.8605023 ], [ 14.4155726, 53.8619174 ], [ 14.415791, 53.8629451 ], [ 14.4156627, 53.8634551 ], [ 14.4160837, 53.864292 ], [ 14.416492, 53.8651789 ], [ 14.41686, 53.8652707 ], [ 14.4169327, 53.8660251 ], [ 14.4229604, 53.8667793 ], [ 14.4238527, 53.8666757 ], [ 14.4242904, 53.8665217 ], [ 14.4246096, 53.8663319 ], [ 14.4247514, 53.865887 ], [ 14.4251175, 53.8656254 ], [ 14.4260392, 53.8653956 ], [ 14.4262296, 53.8653358 ], [ 14.4263699, 53.8652309 ], [ 14.4263772, 53.8651302 ], [ 14.426298, 53.8650887 ], [ 14.426209, 53.86501 ], [ 14.4268841, 53.8646897 ], [ 14.427265, 53.8646194 ], [ 14.4275345, 53.8645229 ], [ 14.4275319, 53.8644612 ], [ 14.4275319, 53.8644106 ], [ 14.4275681, 53.8643979 ], [ 14.4277106, 53.8644457 ], [ 14.4282935, 53.864478 ], [ 14.430328, 53.8641521 ], [ 14.4323502, 53.8634217 ], [ 14.4347516, 53.8629745 ], [ 14.437153, 53.8627062 ], [ 14.4394785, 53.8627807 ], [ 14.4405149, 53.862885 ], [ 14.4419052, 53.863213 ], [ 14.4434724, 53.8634366 ], [ 14.4460001, 53.86369 ], [ 14.4500951, 53.8639285 ], [ 14.4528504, 53.8641521 ], [ 14.4539373, 53.8644502 ], [ 14.4541648, 53.8647483 ], [ 14.4585378, 53.8653595 ], [ 14.460282, 53.8653595 ], [ 14.4607876, 53.8655384 ], [ 14.4617734, 53.8654191 ], [ 14.4629614, 53.8650763 ], [ 14.463745, 53.8652104 ], [ 14.4639473, 53.8656576 ], [ 14.464377, 53.8656874 ], [ 14.4649331, 53.8653744 ], [ 14.4667025, 53.8651508 ], [ 14.467107, 53.8653595 ], [ 14.4681672, 53.8653375 ], [ 14.4694072, 53.8651508 ], [ 14.471103, 53.8654582 ], [ 14.4718078, 53.8653536 ], [ 14.472665, 53.8647674 ], [ 14.4734046, 53.8648467 ], [ 14.4760942, 53.8645692 ], [ 14.4797587, 53.8644899 ], [ 14.4807336, 53.8643907 ], [ 14.483588, 53.8638391 ], [ 14.4859388, 53.863213 ], [ 14.4872785, 53.8631236 ], [ 14.4883402, 53.8628403 ], [ 14.4917274, 53.8626316 ], [ 14.4925868, 53.8627062 ], [ 14.4940782, 53.8624826 ], [ 14.4948113, 53.8621844 ], [ 14.4971115, 53.8619459 ], [ 14.4976676, 53.8621993 ], [ 14.5016362, 53.8619608 ], [ 14.5038101, 53.8617521 ], [ 14.5061104, 53.8613049 ], [ 14.5080891, 53.8611079 ], [ 14.5101818, 53.8608061 ], [ 14.5105545, 53.8606929 ], [ 14.5111118, 53.8605236 ], [ 14.5121858, 53.860266 ], [ 14.5128315, 53.8600863 ], [ 14.5137231, 53.8597526 ], [ 14.5140957, 53.8596124 ], [ 14.5142846, 53.8595444 ], [ 14.5144129, 53.8595277 ], [ 14.5149592, 53.8593754 ], [ 14.5156136, 53.8590388 ], [ 14.5159062, 53.8589607 ], [ 14.5170131, 53.8586821 ], [ 14.5179098, 53.8583623 ], [ 14.5184667, 53.8581169 ], [ 14.5186861, 53.857955 ], [ 14.5188863, 53.8578186 ], [ 14.5190298, 53.8577746 ], [ 14.5192161, 53.8577792 ], [ 14.5194185, 53.8577552 ], [ 14.5195675, 53.8577871 ], [ 14.519667, 53.8578263 ], [ 14.5197987, 53.8578197 ], [ 14.5199164, 53.8577934 ], [ 14.5200581, 53.8577765 ], [ 14.520263, 53.8577983 ], [ 14.5203414, 53.8578249 ], [ 14.5204238, 53.8579016 ], [ 14.5206936, 53.858344 ], [ 14.5208199, 53.858375 ], [ 14.5212103, 53.8583804 ], [ 14.5213931, 53.858388 ], [ 14.5214861, 53.8583372 ], [ 14.5215074, 53.8582747 ], [ 14.5215719, 53.858086 ], [ 14.521383, 53.8579092 ], [ 14.521971, 53.8574435 ], [ 14.5224388, 53.857365 ], [ 14.5224858, 53.8572429 ], [ 14.5230696, 53.8570208 ], [ 14.5235031, 53.8570714 ], [ 14.5240839, 53.8574372 ], [ 14.5249948, 53.8577928 ], [ 14.5251401, 53.858041 ], [ 14.5252545, 53.8580868 ], [ 14.5253774, 53.8580812 ], [ 14.5254226, 53.8581276 ], [ 14.525543, 53.858112 ], [ 14.5255237, 53.8580757 ], [ 14.5256332, 53.8580358 ], [ 14.5257212, 53.8580655 ], [ 14.5266876, 53.8582276 ], [ 14.5274093, 53.8582323 ], [ 14.5283132, 53.8585299 ], [ 14.5282764, 53.8588726 ], [ 14.5285007, 53.8592342 ], [ 14.5286578, 53.8592178 ], [ 14.5287171, 53.859167 ], [ 14.5289106, 53.8591595 ], [ 14.5289982, 53.8591296 ], [ 14.5289938, 53.8590476 ], [ 14.5288767, 53.8590257 ], [ 14.5286657, 53.8590312 ], [ 14.528507, 53.8589778 ], [ 14.5284513, 53.8588634 ], [ 14.5285306, 53.8585689 ], [ 14.5289095, 53.8586453 ], [ 14.5289616, 53.8588173 ], [ 14.529054, 53.8588533 ], [ 14.5291473, 53.8586932 ], [ 14.5295223, 53.8587723 ], [ 14.5297244, 53.8590162 ], [ 14.5296999, 53.859157 ], [ 14.5297385, 53.8591886 ], [ 14.5299247, 53.8592194 ], [ 14.5301352, 53.8592541 ], [ 14.5303589, 53.8592542 ], [ 14.5305628, 53.859237 ], [ 14.5306724, 53.8592278 ], [ 14.5313477, 53.859076 ], [ 14.5319399, 53.8592647 ], [ 14.53228, 53.85958 ], [ 14.5321132, 53.8597423 ], [ 14.5324132, 53.8598392 ], [ 14.5327603, 53.8598404 ], [ 14.5329427, 53.8598225 ], [ 14.53305, 53.8597792 ], [ 14.5329853, 53.8597194 ], [ 14.5330358, 53.8596292 ], [ 14.5332514, 53.8595582 ], [ 14.5334546, 53.859603 ], [ 14.5336444, 53.859594 ], [ 14.5340204, 53.8593511 ], [ 14.5346325, 53.8592633 ], [ 14.5347712, 53.8592596 ], [ 14.53662, 53.85921 ], [ 14.54009, 53.85897 ], [ 14.541626, 53.8585739 ], [ 14.5420264, 53.8585377 ], [ 14.5424531, 53.8585898 ], [ 14.5426293, 53.8585812 ], [ 14.5431702, 53.8584238 ], [ 14.5437201, 53.8581036 ], [ 14.5435622, 53.8577079 ], [ 14.5440421, 53.8575792 ], [ 14.5447189, 53.8573735 ], [ 14.5458183, 53.8575148 ], [ 14.5470722, 53.8572406 ], [ 14.5479034, 53.8572627 ], [ 14.5479508, 53.8573186 ], [ 14.5480059, 53.8573213 ], [ 14.548062, 53.8573049 ], [ 14.5481026, 53.8572826 ], [ 14.5480757, 53.8571566 ], [ 14.549177, 53.8569649 ], [ 14.5493059, 53.8569511 ], [ 14.5493843, 53.8569898 ], [ 14.5494875, 53.8569853 ], [ 14.5496036, 53.8569348 ], [ 14.5495916, 53.8567956 ], [ 14.5495138, 53.8565672 ], [ 14.549516, 53.8565089 ], [ 14.5494001, 53.8562497 ], [ 14.5494469, 53.8562302 ], [ 14.5495233, 53.8562402 ], [ 14.549602, 53.8563999 ], [ 14.549749, 53.8565269 ], [ 14.5498769, 53.8569252 ], [ 14.5498897, 53.8569907 ], [ 14.550148, 53.8569914 ], [ 14.5501798, 53.8568656 ], [ 14.5502976, 53.8568001 ], [ 14.5504256, 53.8566403 ], [ 14.5505927, 53.8565702 ], [ 14.5507464, 53.8564184 ], [ 14.5508941, 53.8567115 ], [ 14.5509911, 53.8567033 ], [ 14.5510492, 53.8564963 ], [ 14.5514767, 53.8562876 ], [ 14.55214, 53.8566019 ], [ 14.5525888, 53.8563847 ], [ 14.5532288, 53.8561464 ], [ 14.5540879, 53.8561216 ], [ 14.5544964, 53.855907 ], [ 14.55442, 53.85569 ], [ 14.55519, 53.8555717 ], [ 14.5562029, 53.8551072 ], [ 14.5580731, 53.8550468 ], [ 14.5587414, 53.8545943 ], [ 14.5597679, 53.8544231 ], [ 14.5611646, 53.8537707 ], [ 14.562427, 53.8532895 ], [ 14.5632022, 53.8529121 ], [ 14.5634088, 53.852712 ], [ 14.5645373, 53.8524311 ], [ 14.5663064, 53.8522913 ], [ 14.5662879, 53.8519343 ], [ 14.5668575, 53.8516115 ], [ 14.5673197, 53.8517128 ], [ 14.5680395, 53.8516621 ], [ 14.5685013, 53.8518235 ], [ 14.569006, 53.8516938 ], [ 14.5702631, 53.8508927 ], [ 14.5709957, 53.850331 ], [ 14.5715937, 53.8503035 ], [ 14.5720053, 53.8500606 ], [ 14.571859, 53.8498176 ], [ 14.5729172, 53.8495046 ], [ 14.5735545, 53.8493805 ], [ 14.5738922, 53.8493478 ], [ 14.5740313, 53.8492886 ], [ 14.5746775, 53.8487677 ], [ 14.5751494, 53.8483871 ], [ 14.5757392, 53.8478205 ], [ 14.5768238, 53.8465966 ], [ 14.5768418, 53.8465762 ], [ 14.5769935, 53.8464051 ], [ 14.5774873, 53.8458091 ], [ 14.5783418, 53.8448478 ], [ 14.5788345, 53.8442612 ], [ 14.5792956, 53.8436306 ], [ 14.5795658, 53.843131 ], [ 14.5799487, 53.8425547 ], [ 14.5801482, 53.8424192 ], [ 14.580479, 53.8422599 ], [ 14.5807116, 53.842078 ], [ 14.5809655, 53.8418088 ], [ 14.5814085, 53.8414252 ], [ 14.5818496, 53.8410986 ], [ 14.5820609, 53.8409659 ], [ 14.5823293, 53.8409401 ], [ 14.5824281, 53.8409134 ], [ 14.582525, 53.8408296 ], [ 14.5826358, 53.8406697 ], [ 14.5832163, 53.8395537 ], [ 14.5836496, 53.8384983 ], [ 14.5839692, 53.837491 ], [ 14.584147, 53.836925 ], [ 14.58442, 53.8348568 ], [ 14.5843486, 53.8336142 ], [ 14.5841468, 53.8325467 ], [ 14.5840235, 53.8322937 ], [ 14.5838006, 53.8323458 ], [ 14.5835547, 53.832289 ], [ 14.5832945, 53.8321219 ], [ 14.5829929, 53.8317847 ], [ 14.5832117, 53.8315504 ], [ 14.5837234, 53.8314654 ], [ 14.5835248, 53.8308872 ], [ 14.5829108, 53.8302516 ], [ 14.5821801, 53.82983 ], [ 14.581355, 53.829492 ], [ 14.5804719, 53.8294174 ], [ 14.5797628, 53.8293327 ], [ 14.5790036, 53.8289314 ], [ 14.5789213, 53.8287834 ], [ 14.5780963, 53.8287066 ], [ 14.5771554, 53.8283539 ], [ 14.5768512, 53.8284205 ], [ 14.5765233, 53.8284063 ], [ 14.5760719, 53.8286628 ], [ 14.5753986, 53.8286209 ], [ 14.5747811, 53.8290332 ], [ 14.5741072, 53.829069 ], [ 14.5733549, 53.8290058 ], [ 14.5729702, 53.8290952 ], [ 14.5728578, 53.8293668 ], [ 14.5727385, 53.8295876 ], [ 14.5717938, 53.8297846 ], [ 14.5715142, 53.8297079 ], [ 14.5704276, 53.830097 ], [ 14.5700887, 53.8299778 ], [ 14.5699923, 53.8297218 ], [ 14.5701173, 53.8294685 ], [ 14.5704087, 53.829294 ], [ 14.5703975, 53.8289732 ], [ 14.5702163, 53.828942 ], [ 14.5702275, 53.8287489 ], [ 14.5704533, 53.8286349 ], [ 14.5706842, 53.8286667 ], [ 14.5708348, 53.8285579 ], [ 14.570807, 53.828207 ], [ 14.5709553, 53.8278373 ], [ 14.5711128, 53.8277362 ], [ 14.5713515, 53.8276796 ], [ 14.571329, 53.8275975 ], [ 14.5708735, 53.8275625 ], [ 14.5708199, 53.8273614 ], [ 14.57096, 53.82719 ], [ 14.5715319, 53.827024 ], [ 14.5721806, 53.8267146 ], [ 14.5726145, 53.826451 ], [ 14.57227, 53.82617 ], [ 14.5728111, 53.8256537 ], [ 14.5726422, 53.825262 ], [ 14.5729697, 53.8249548 ], [ 14.5728285, 53.8248417 ], [ 14.572891, 53.8247191 ], [ 14.5730135, 53.8246145 ], [ 14.5732861, 53.8246143 ], [ 14.5734827, 53.8243621 ], [ 14.5730527, 53.8242213 ], [ 14.5730061, 53.8240005 ], [ 14.5726554, 53.8239693 ], [ 14.5722141, 53.8236385 ], [ 14.572518, 53.8227545 ], [ 14.5721507, 53.8227527 ], [ 14.57188, 53.82258 ], [ 14.5717511, 53.8222168 ], [ 14.5721577, 53.821226 ], [ 14.5721683, 53.8208653 ], [ 14.5719, 53.82053 ], [ 14.5717596, 53.8203513 ], [ 14.5718375, 53.820019 ], [ 14.5717764, 53.8198259 ], [ 14.5720559, 53.8195884 ], [ 14.5720379, 53.8190692 ], [ 14.5727517, 53.8183671 ], [ 14.5736312, 53.8180779 ], [ 14.5733722, 53.8178258 ], [ 14.5728016, 53.8170811 ], [ 14.5728039, 53.8166179 ], [ 14.5735687, 53.8162262 ], [ 14.5731733, 53.8160239 ], [ 14.5731211, 53.8157267 ], [ 14.5734592, 53.8151758 ], [ 14.5743739, 53.8148428 ], [ 14.5744438, 53.8146247 ], [ 14.575961, 53.8141083 ], [ 14.5756054, 53.8137265 ], [ 14.5766455, 53.8131742 ], [ 14.5768602, 53.8132091 ], [ 14.5770925, 53.8132266 ], [ 14.5773636, 53.8130107 ], [ 14.5775382, 53.8127535 ], [ 14.5777025, 53.81241 ], [ 14.5776569, 53.8122115 ], [ 14.5774311, 53.8121534 ], [ 14.5774777, 53.812049 ], [ 14.5776939, 53.8119409 ], [ 14.5778761, 53.812 ], [ 14.5781839, 53.8117983 ], [ 14.5783937, 53.8113996 ], [ 14.5785271, 53.8113543 ], [ 14.5787383, 53.8110252 ], [ 14.5788074, 53.8107675 ], [ 14.5788221, 53.8104758 ], [ 14.5787041, 53.8103038 ], [ 14.5785977, 53.8102918 ], [ 14.5783562, 53.8102995 ], [ 14.577661, 53.8098911 ], [ 14.5776642, 53.8097834 ], [ 14.5779759, 53.8096025 ], [ 14.5784075, 53.8091057 ], [ 14.5783186, 53.8089983 ], [ 14.5784523, 53.8087618 ], [ 14.5789453, 53.8084381 ], [ 14.5790864, 53.8081122 ], [ 14.5788471, 53.8080634 ], [ 14.5786816, 53.8076432 ], [ 14.5791268, 53.807081 ], [ 14.5790719, 53.8069981 ], [ 14.5791156, 53.8068565 ], [ 14.5792969, 53.8067578 ], [ 14.5795833, 53.8065503 ], [ 14.5797669, 53.8062178 ], [ 14.5797502, 53.806099 ], [ 14.5800253, 53.8058871 ], [ 14.5796629, 53.8057 ], [ 14.5796072, 53.8055807 ], [ 14.5800024, 53.8052557 ], [ 14.5799739, 53.8051153 ], [ 14.5806939, 53.8045485 ], [ 14.5808031, 53.8042886 ], [ 14.5810038, 53.8039779 ], [ 14.5817745, 53.8036543 ], [ 14.5830921, 53.8035194 ], [ 14.583616, 53.8036912 ], [ 14.5847518, 53.8036636 ], [ 14.5850626, 53.8035557 ], [ 14.5855267, 53.8032869 ], [ 14.5855113, 53.8029919 ], [ 14.5856179, 53.8024291 ], [ 14.5861657, 53.8022874 ], [ 14.5862431, 53.8019117 ], [ 14.5864835, 53.801438 ], [ 14.586434, 53.8013364 ], [ 14.586437, 53.8012859 ], [ 14.5864659, 53.8012672 ], [ 14.5866998, 53.8011634 ], [ 14.5872058, 53.8010303 ], [ 14.5873767, 53.8010221 ], [ 14.5875909, 53.8010885 ], [ 14.5876417, 53.8011462 ], [ 14.5876848, 53.8011925 ], [ 14.5877834, 53.8011995 ], [ 14.5879819, 53.8014838 ], [ 14.5880877, 53.8014985 ], [ 14.5881411, 53.8014627 ], [ 14.5882112, 53.8014094 ], [ 14.5881899, 53.8013497 ], [ 14.5882053, 53.8012424 ], [ 14.5882433, 53.8011876 ], [ 14.5883325, 53.8011546 ], [ 14.5884091, 53.8011978 ], [ 14.5885131, 53.8012248 ], [ 14.6116807, 53.7974858 ], [ 14.6117644, 53.7972762 ], [ 14.6120987, 53.7971549 ], [ 14.6121259, 53.7967222 ], [ 14.6122051, 53.7963562 ], [ 14.6122453, 53.7959528 ], [ 14.6124016, 53.79538 ], [ 14.6126212, 53.7939952 ], [ 14.6127967, 53.7927031 ], [ 14.6126618, 53.7924398 ], [ 14.6126863, 53.7915317 ], [ 14.6128776, 53.7908419 ], [ 14.6130665, 53.790742 ], [ 14.6131017, 53.7901842 ], [ 14.6129298, 53.7894268 ], [ 14.6123543, 53.7891529 ], [ 14.6121901, 53.7887365 ], [ 14.6121398, 53.7884344 ], [ 14.6121925, 53.7881641 ], [ 14.6120518, 53.7873048 ], [ 14.6119403, 53.7871973 ], [ 14.6118522, 53.7869887 ], [ 14.6110068, 53.7868084 ], [ 14.6106795, 53.7864057 ], [ 14.610779, 53.7859603 ], [ 14.6110767, 53.7851153 ], [ 14.6114958, 53.7847702 ], [ 14.6116492, 53.7846439 ], [ 14.612772, 53.7837194 ], [ 14.612938, 53.7834444 ], [ 14.613199, 53.7833652 ], [ 14.6134808, 53.7832797 ], [ 14.6132726, 53.7828614 ], [ 14.6135389, 53.7825571 ], [ 14.6131615, 53.7823668 ], [ 14.6131089, 53.7821323 ], [ 14.6133754, 53.7818335 ], [ 14.6139749, 53.7817679 ], [ 14.6142861, 53.781354 ], [ 14.6139816, 53.781159 ], [ 14.6138774, 53.7810396 ], [ 14.6141258, 53.7807988 ], [ 14.6142604, 53.7806682 ], [ 14.6143133, 53.7805064 ], [ 14.6143004, 53.7802067 ], [ 14.6142865, 53.7799602 ], [ 14.6141009, 53.7798657 ], [ 14.614076, 53.7789327 ], [ 14.6142572, 53.7775633 ], [ 14.6146064, 53.7774142 ], [ 14.6150431, 53.7771588 ], [ 14.6150563, 53.7766855 ], [ 14.6150174, 53.775365 ], [ 14.6151968, 53.7750715 ], [ 14.6156383, 53.774827 ], [ 14.615632, 53.7746756 ], [ 14.615562, 53.7744218 ], [ 14.6152099, 53.774253 ], [ 14.6151656, 53.7740228 ], [ 14.6153551, 53.7739011 ], [ 14.6156506, 53.7732253 ], [ 14.6157211, 53.7730526 ], [ 14.6159491, 53.7728705 ], [ 14.6165419, 53.7728137 ], [ 14.6167942, 53.7728217 ], [ 14.6169005, 53.772747 ], [ 14.6168679, 53.7725197 ], [ 14.616862, 53.7724782 ], [ 14.6168583, 53.7724394 ], [ 14.6168171, 53.7720059 ], [ 14.6165, 53.77099 ], [ 14.6162589, 53.770133 ], [ 14.6158633, 53.7690747 ], [ 14.6150214, 53.7673515 ], [ 14.6143995, 53.7661818 ], [ 14.6142943, 53.765984 ], [ 14.6135472, 53.7648973 ], [ 14.6126728, 53.7638437 ], [ 14.6120149, 53.7636317 ], [ 14.6113895, 53.7633139 ], [ 14.60945, 53.76238 ], [ 14.60816, 53.76187 ], [ 14.6075675, 53.7617213 ], [ 14.6071737, 53.7618152 ], [ 14.6069443, 53.7618381 ], [ 14.6065125, 53.7618063 ], [ 14.6065198, 53.7619186 ], [ 14.6063106, 53.762073 ], [ 14.6061258, 53.7620928 ], [ 14.6059572, 53.7620742 ], [ 14.605836, 53.7619804 ], [ 14.6059024, 53.76186 ], [ 14.6058615, 53.7617931 ], [ 14.6057423, 53.7618088 ], [ 14.6055859, 53.7619712 ], [ 14.6051068, 53.7621208 ], [ 14.6051569, 53.7622277 ], [ 14.6048992, 53.7623263 ], [ 14.6045683, 53.7622902 ], [ 14.60427, 53.76211 ], [ 14.6038883, 53.762116 ], [ 14.6037343, 53.7623239 ], [ 14.6034588, 53.7624994 ], [ 14.603068, 53.7625368 ], [ 14.6027179, 53.7625405 ], [ 14.6025792, 53.7624578 ], [ 14.6025625, 53.7623125 ], [ 14.6022354, 53.7621737 ], [ 14.6019002, 53.7622464 ], [ 14.6016788, 53.7622326 ], [ 14.6012973, 53.7621292 ], [ 14.6003718, 53.7624128 ], [ 14.5999355, 53.7624415 ], [ 14.5993853, 53.7624246 ], [ 14.5985424, 53.7623115 ], [ 14.5976418, 53.7621044 ], [ 14.5968344, 53.7619299 ], [ 14.5958237, 53.7617891 ], [ 14.5940297, 53.7618773 ], [ 14.5921055, 53.7620039 ], [ 14.5920921, 53.7621017 ], [ 14.5919472, 53.7622372 ], [ 14.5916559, 53.7622668 ], [ 14.5915172, 53.7624281 ], [ 14.5912972, 53.7625991 ], [ 14.5909501, 53.7626495 ], [ 14.5906192, 53.7626567 ], [ 14.5903859, 53.7625967 ], [ 14.5902339, 53.7625077 ], [ 14.5901141, 53.7623241 ], [ 14.5901004, 53.7621196 ], [ 14.5902168, 53.7618767 ], [ 14.5901286, 53.7616422 ], [ 14.5898453, 53.7613597 ], [ 14.5896514, 53.7611733 ], [ 14.5894901, 53.7611119 ], [ 14.5895158, 53.7609316 ], [ 14.5895033, 53.7609169 ], [ 14.5893626, 53.7607512 ], [ 14.5891701, 53.7605154 ], [ 14.5889125, 53.7603565 ], [ 14.58872, 53.76014 ], [ 14.5884702, 53.7601531 ], [ 14.588329, 53.7600924 ], [ 14.5881878, 53.759974 ], [ 14.5880792, 53.7598412 ], [ 14.5881169, 53.7596699 ], [ 14.5882603, 53.759513 ], [ 14.5881273, 53.7594523 ], [ 14.5879122, 53.7595891 ], [ 14.587811, 53.7595817 ], [ 14.5878777, 53.7591965 ], [ 14.5879111, 53.7587757 ], [ 14.5878958, 53.7586433 ], [ 14.5882325, 53.7586664 ], [ 14.5882765, 53.7585837 ], [ 14.5880969, 53.7585227 ], [ 14.5877354, 53.7581023 ], [ 14.5874857, 53.7576814 ], [ 14.5873822, 53.757799 ], [ 14.58723, 53.75783 ], [ 14.5865943, 53.7571037 ], [ 14.5865529, 53.7569665 ], [ 14.5865928, 53.7568292 ], [ 14.5867687, 53.7566168 ], [ 14.586075, 53.7563403 ], [ 14.5853149, 53.7560735 ], [ 14.584652, 53.7557299 ], [ 14.5840793, 53.7554489 ], [ 14.5834265, 53.755255 ], [ 14.5824941, 53.754839 ], [ 14.5821413, 53.7547094 ], [ 14.5820924, 53.7545553 ], [ 14.5817881, 53.7543371 ], [ 14.5815047, 53.75442 ], [ 14.5812214, 53.7544211 ], [ 14.5809706, 53.754355 ], [ 14.5807154, 53.7541095 ], [ 14.5802376, 53.7540802 ], [ 14.5798288, 53.7541752 ], [ 14.5797779, 53.7543231 ], [ 14.5798651, 53.7544613 ], [ 14.5800744, 53.7545419 ], [ 14.5801838, 53.7547127 ], [ 14.5801876, 53.7548546 ], [ 14.5800076, 53.7550185 ], [ 14.5797208, 53.7550426 ], [ 14.5794992, 53.7551052 ], [ 14.5794401, 53.7552014 ], [ 14.579316, 53.7552785 ], [ 14.5790036, 53.7553258 ], [ 14.5786424, 53.7552673 ], [ 14.5784356, 53.7551512 ], [ 14.5782777, 53.7550158 ], [ 14.5779863, 53.7549182 ], [ 14.5776785, 53.7549167 ], [ 14.5776566, 53.7550338 ], [ 14.5775209, 53.755151 ], [ 14.5773552, 53.7552266 ], [ 14.5771244, 53.7552446 ], [ 14.5767219, 53.7551675 ], [ 14.5762707, 53.7551096 ], [ 14.5758854, 53.7552156 ], [ 14.5754488, 53.7554705 ], [ 14.5751098, 53.7555571 ], [ 14.57493, 53.75573 ], [ 14.5743572, 53.7562403 ], [ 14.573892, 53.756433 ], [ 14.5736919, 53.7566254 ], [ 14.5735731, 53.7568467 ], [ 14.5733388, 53.7569156 ], [ 14.5731127, 53.7568932 ], [ 14.5730833, 53.7569829 ], [ 14.5731383, 53.7571528 ], [ 14.5731338, 53.7573106 ], [ 14.5732431, 53.7574492 ], [ 14.5734454, 53.7576014 ], [ 14.5736477, 53.7577488 ], [ 14.5737687, 53.7578866 ], [ 14.5738706, 53.7581062 ], [ 14.5739866, 53.7583265 ], [ 14.5742002, 53.758518 ], [ 14.5743877, 53.7586878 ], [ 14.5747173, 53.7587439 ], [ 14.5748292, 53.7587695 ], [ 14.5750875, 53.7587759 ], [ 14.5751593, 53.7589206 ], [ 14.5747943, 53.7591538 ], [ 14.57447, 53.75919 ], [ 14.5742434, 53.7590712 ], [ 14.5741632, 53.7589331 ], [ 14.574019, 53.7588396 ], [ 14.574007, 53.7586719 ], [ 14.5737879, 53.7586537 ], [ 14.57361, 53.7588 ], [ 14.57274, 53.75893 ], [ 14.5723495, 53.7588676 ], [ 14.5719754, 53.758947 ], [ 14.571715, 53.7590841 ], [ 14.5715523, 53.7591611 ], [ 14.5713896, 53.7592765 ], [ 14.5712635, 53.7594268 ], [ 14.5712024, 53.759577 ], [ 14.5711779, 53.7597141 ], [ 14.5710599, 53.7598296 ], [ 14.5709744, 53.759945 ], [ 14.5710474, 53.7601182 ], [ 14.5711445, 53.7603301 ], [ 14.5713313, 53.7605754 ], [ 14.5714409, 53.7606981 ], [ 14.5714367, 53.7608303 ], [ 14.5711876, 53.7611077 ], [ 14.5711849, 53.7613809 ], [ 14.5711755, 53.7615704 ], [ 14.571036, 53.7619425 ], [ 14.5707925, 53.7618921 ], [ 14.570557, 53.7619005 ], [ 14.5702928, 53.7620104 ], [ 14.57011, 53.76213 ], [ 14.5698455, 53.7623754 ], [ 14.5696564, 53.7626135 ], [ 14.569703, 53.762741 ], [ 14.5695982, 53.7628757 ], [ 14.5694934, 53.7629334 ], [ 14.5694333, 53.7630993 ], [ 14.5692919, 53.7632364 ], [ 14.569263, 53.7634962 ], [ 14.5690982, 53.7636525 ], [ 14.5689453, 53.7637925 ], [ 14.5689224, 53.7639806 ], [ 14.5689742, 53.7640876 ], [ 14.5690838, 53.7641791 ], [ 14.5689274, 53.7643341 ], [ 14.5684786, 53.7644325 ], [ 14.568316, 53.7644724 ], [ 14.5681879, 53.764554 ], [ 14.5680726, 53.7646022 ], [ 14.5677809, 53.7645683 ], [ 14.5676283, 53.7644635 ], [ 14.5675655, 53.7643983 ], [ 14.5675428, 53.7642641 ], [ 14.5673088, 53.7642261 ], [ 14.5671113, 53.7640225 ], [ 14.5670578, 53.7638363 ], [ 14.5666419, 53.7636371 ], [ 14.5664279, 53.7636423 ], [ 14.5662278, 53.763595 ], [ 14.5661038, 53.7633275 ], [ 14.5657207, 53.7631097 ], [ 14.5654677, 53.762892 ], [ 14.5652228, 53.7628496 ], [ 14.5648808, 53.762766 ], [ 14.5646689, 53.7626727 ], [ 14.5646964, 53.7624281 ], [ 14.564854, 53.7623276 ], [ 14.5648603, 53.7621075 ], [ 14.5647102, 53.7616865 ], [ 14.5645764, 53.7613376 ], [ 14.5643776, 53.7611041 ], [ 14.5641311, 53.7610271 ], [ 14.5638683, 53.7606954 ], [ 14.5638143, 53.7604934 ], [ 14.5636089, 53.7601374 ], [ 14.5635804, 53.7597513 ], [ 14.5637917, 53.7595589 ], [ 14.563904, 53.7593247 ], [ 14.5640303, 53.7591428 ], [ 14.5641284, 53.7587014 ], [ 14.5641242, 53.7585346 ], [ 14.5642776, 53.7582365 ], [ 14.5644747, 53.7581796 ], [ 14.5647501, 53.7581678 ], [ 14.5648226, 53.7580268 ], [ 14.5647384, 53.7579228 ], [ 14.5647534, 53.75771 ], [ 14.5647708, 53.7575954 ], [ 14.5649224, 53.7574755 ], [ 14.5651306, 53.7573389 ], [ 14.5651648, 53.7571997 ], [ 14.5655872, 53.7569044 ], [ 14.5658798, 53.756791 ], [ 14.566137, 53.7567632 ], [ 14.5664225, 53.7567689 ], [ 14.5666537, 53.7567134 ], [ 14.5670336, 53.7564612 ], [ 14.567089, 53.7563058 ], [ 14.5670029, 53.75623 ], [ 14.5669703, 53.7561368 ], [ 14.5670793, 53.7559014 ], [ 14.5669999, 53.7557989 ], [ 14.5669404, 53.7556859 ], [ 14.5666655, 53.7556105 ], [ 14.566426, 53.7555142 ], [ 14.5661299, 53.7554514 ], [ 14.5656675, 53.7554051 ], [ 14.5655872, 53.7553505 ], [ 14.5658117, 53.7552573 ], [ 14.5657813, 53.7550301 ], [ 14.565397, 53.7550248 ], [ 14.5650127, 53.7549943 ], [ 14.5647821, 53.7549334 ], [ 14.5644382, 53.7548976 ], [ 14.5641103, 53.7548297 ], [ 14.5639976, 53.7548819 ], [ 14.5639133, 53.754976 ], [ 14.5635896, 53.7551271 ], [ 14.563365, 53.7551695 ], [ 14.5630149, 53.7551537 ], [ 14.5628418, 53.7552426 ], [ 14.5627906, 53.7553958 ], [ 14.562581, 53.7554599 ], [ 14.5625116, 53.755584 ], [ 14.5623247, 53.7556377 ], [ 14.5621852, 53.7557566 ], [ 14.5619739, 53.7558202 ], [ 14.5618476, 53.7559257 ], [ 14.561901, 53.7561046 ], [ 14.5620622, 53.7561522 ], [ 14.5621711, 53.756314 ], [ 14.56228, 53.7563671 ], [ 14.5625174, 53.7566339 ], [ 14.5624096, 53.7569388 ], [ 14.5625637, 53.7570303 ], [ 14.5627418, 53.7571556 ], [ 14.5626475, 53.757364 ], [ 14.5623316, 53.7575577 ], [ 14.5621666, 53.757575 ], [ 14.561945, 53.7575672 ], [ 14.5617141, 53.7574931 ], [ 14.5615766, 53.757382 ], [ 14.5615806, 53.7572626 ], [ 14.5612349, 53.7571074 ], [ 14.5606778, 53.7570104 ], [ 14.5596062, 53.7565737 ], [ 14.5588079, 53.7565206 ], [ 14.5582275, 53.7562933 ], [ 14.5577339, 53.7560796 ], [ 14.5576755, 53.7558756 ], [ 14.5574684, 53.7557511 ], [ 14.5571463, 53.7556695 ], [ 14.556842, 53.7552426 ], [ 14.5569333, 53.7550248 ], [ 14.5572781, 53.7546993 ], [ 14.5576274, 53.7543441 ], [ 14.5578799, 53.7542627 ], [ 14.5580381, 53.7541153 ], [ 14.558267, 53.7539679 ], [ 14.5584067, 53.7539501 ], [ 14.5585323, 53.753857 ], [ 14.5586438, 53.7537471 ], [ 14.558657, 53.7536043 ], [ 14.5587698, 53.7534994 ], [ 14.5588118, 53.7533778 ], [ 14.5588773, 53.7530985 ], [ 14.5589569, 53.7528944 ], [ 14.5590718, 53.7528829 ], [ 14.5591254, 53.7527859 ], [ 14.5591506, 53.7526135 ], [ 14.5590877, 53.7524697 ], [ 14.5591017, 53.752319 ], [ 14.5589671, 53.7521893 ], [ 14.5589805, 53.752084 ], [ 14.5588948, 53.7519953 ], [ 14.5589153, 53.7518983 ], [ 14.5589822, 53.7516782 ], [ 14.5591147, 53.7516226 ], [ 14.5591031, 53.7515571 ], [ 14.5589628, 53.7515327 ], [ 14.5588715, 53.7513699 ], [ 14.5587904, 53.7513554 ], [ 14.5586951, 53.7511903 ], [ 14.5587127, 53.7510969 ], [ 14.558617, 53.7509785 ], [ 14.5584823, 53.7508923 ], [ 14.5584184, 53.7507223 ], [ 14.5584147, 53.7505746 ], [ 14.5584695, 53.75035 ], [ 14.5584111, 53.7501841 ], [ 14.5585278, 53.7500924 ], [ 14.5584997, 53.7499127 ], [ 14.5585508, 53.749794 ], [ 14.5585629, 53.7496812 ], [ 14.5584066, 53.7496464 ], [ 14.5581878, 53.7494408 ], [ 14.5581353, 53.7493128 ], [ 14.5581868, 53.7492087 ], [ 14.5582129, 53.7491559 ], [ 14.558108, 53.7490152 ], [ 14.5581332, 53.7489092 ], [ 14.5580807, 53.7487745 ], [ 14.5579144, 53.7486398 ], [ 14.557712, 53.748505 ], [ 14.557599, 53.7483654 ], [ 14.5573722, 53.7482256 ], [ 14.5572998, 53.7480499 ], [ 14.5572761, 53.7478839 ], [ 14.5571587, 53.7476259 ], [ 14.5572133, 53.7473225 ], [ 14.5571867, 53.7471633 ], [ 14.557296, 53.7470085 ], [ 14.5572264, 53.7469113 ], [ 14.5572242, 53.746781 ], [ 14.5571569, 53.7466507 ], [ 14.5572133, 53.7464574 ], [ 14.5571928, 53.7462597 ], [ 14.5570584, 53.7460429 ], [ 14.5568872, 53.7459073 ], [ 14.556716, 53.745839 ], [ 14.5564896, 53.7455574 ], [ 14.5560844, 53.7452759 ], [ 14.5561507, 53.7452155 ], [ 14.5558918, 53.7449628 ], [ 14.555883, 53.7448636 ], [ 14.5556628, 53.7446297 ], [ 14.5554826, 53.7444216 ], [ 14.5548457, 53.7442746 ], [ 14.5545571, 53.7442384 ], [ 14.5541383, 53.7442311 ], [ 14.5538465, 53.7441685 ], [ 14.5537377, 53.744096 ], [ 14.553759, 53.7439514 ], [ 14.553945, 53.7438482 ], [ 14.554095, 53.743775 ], [ 14.5542612, 53.7437306 ], [ 14.5544468, 53.7437464 ], [ 14.5546323, 53.7438103 ], [ 14.554761, 53.7439416 ], [ 14.5548903, 53.7440601 ], [ 14.5549546, 53.7441305 ], [ 14.5550301, 53.7441457 ], [ 14.5551323, 53.7440897 ], [ 14.5552553, 53.7440736 ], [ 14.5551702, 53.7439723 ], [ 14.5551339, 53.7438709 ], [ 14.5549474, 53.7437547 ], [ 14.5549617, 53.743562 ], [ 14.5549269, 53.7433083 ], [ 14.5547694, 53.7431431 ], [ 14.5545699, 53.7429854 ], [ 14.554591, 53.7427826 ], [ 14.5545586, 53.7424727 ], [ 14.554678, 53.7423906 ], [ 14.5545281, 53.7421892 ], [ 14.5544769, 53.7417109 ], [ 14.5550485, 53.7399704 ], [ 14.5553928, 53.7394117 ], [ 14.5553748, 53.7392016 ], [ 14.5552383, 53.7390489 ], [ 14.5549313, 53.7389517 ], [ 14.5546861, 53.7386878 ], [ 14.554921, 53.7383656 ], [ 14.5549398, 53.7382258 ], [ 14.5547194, 53.7378795 ], [ 14.5546189, 53.7378044 ], [ 14.5539816, 53.7377164 ], [ 14.5537024, 53.7375846 ], [ 14.5535245, 53.737178 ], [ 14.5532316, 53.7369099 ], [ 14.5532922, 53.7366407 ], [ 14.5534832, 53.7365431 ], [ 14.5534843, 53.7363812 ], [ 14.5533331, 53.7362541 ], [ 14.5532334, 53.7360195 ], [ 14.5536179, 53.7359528 ], [ 14.5537305, 53.7358379 ], [ 14.5535908, 53.735678 ], [ 14.5532758, 53.7356187 ], [ 14.5530108, 53.7355421 ], [ 14.5531301, 53.7353251 ], [ 14.55324, 53.7350459 ], [ 14.5531086, 53.7346934 ], [ 14.5528805, 53.7340777 ], [ 14.5529451, 53.7338087 ], [ 14.5530027, 53.7336822 ], [ 14.5529655, 53.7335785 ], [ 14.552663, 53.7334767 ], [ 14.55204, 53.73336 ], [ 14.5517951, 53.7331778 ], [ 14.5516597, 53.7329775 ], [ 14.5518037, 53.7327996 ], [ 14.5518032, 53.732178 ], [ 14.5514643, 53.7316874 ], [ 14.5512366, 53.7315363 ], [ 14.5511035, 53.7313691 ], [ 14.5513834, 53.7311158 ], [ 14.5513774, 53.730227 ], [ 14.5513765, 53.7300944 ], [ 14.5517282, 53.7299871 ], [ 14.5519011, 53.7298798 ], [ 14.5520901, 53.7298326 ], [ 14.5521902, 53.7297586 ], [ 14.5522091, 53.7296599 ], [ 14.5521628, 53.7295495 ], [ 14.5520678, 53.7294391 ], [ 14.5519561, 53.7293221 ], [ 14.5518443, 53.7291955 ], [ 14.5515618, 53.7289968 ], [ 14.551266, 53.72896 ], [ 14.5512043, 53.7288474 ], [ 14.5510125, 53.7287828 ], [ 14.5507149, 53.7288001 ], [ 14.55058, 53.72875 ], [ 14.5505623, 53.7285791 ], [ 14.5506754, 53.7284696 ], [ 14.5508861, 53.7283602 ], [ 14.5510361, 53.7282958 ], [ 14.5511212, 53.7281448 ], [ 14.5510742, 53.7280429 ], [ 14.5511086, 53.7279025 ], [ 14.5509985, 53.7278141 ], [ 14.5508758, 53.7277238 ], [ 14.550623, 53.7276047 ], [ 14.5503599, 53.7275203 ], [ 14.5502528, 53.7274541 ], [ 14.5502317, 53.7273055 ], [ 14.5502131, 53.7271735 ], [ 14.55022, 53.7270883 ], [ 14.5500155, 53.7269838 ], [ 14.5500442, 53.726874 ], [ 14.5500079, 53.7267353 ], [ 14.550126, 53.7266448 ], [ 14.55012, 53.7265033 ], [ 14.5500652, 53.7263618 ], [ 14.5500413, 53.7262337 ], [ 14.5498548, 53.7261248 ], [ 14.5497337, 53.7259935 ], [ 14.5495594, 53.725976 ], [ 14.5494013, 53.7259056 ], [ 14.5492956, 53.7258118 ], [ 14.5492712, 53.7256891 ], [ 14.5493913, 53.725588 ], [ 14.5495814, 53.7254846 ], [ 14.5497065, 53.7253715 ], [ 14.5497949, 53.7252344 ], [ 14.5498184, 53.7250877 ], [ 14.5497756, 53.724998 ], [ 14.5496538, 53.7249385 ], [ 14.5495445, 53.7248903 ], [ 14.5495471, 53.724752 ], [ 14.5496623, 53.7246299 ], [ 14.5496636, 53.724527 ], [ 14.5495487, 53.7244424 ], [ 14.5494643, 53.7244488 ], [ 14.5493709, 53.7243898 ], [ 14.5493092, 53.724325 ], [ 14.5492865, 53.7242578 ], [ 14.5493324, 53.724164 ], [ 14.5492662, 53.7240794 ], [ 14.5493039, 53.7239826 ], [ 14.5493439, 53.7239174 ], [ 14.5494277, 53.7238828 ], [ 14.5493982, 53.723802 ], [ 14.5493036, 53.7237676 ], [ 14.5492091, 53.7235908 ], [ 14.5491757, 53.7233461 ], [ 14.549201, 53.7232671 ], [ 14.5491357, 53.7231103 ], [ 14.549089, 53.7229607 ], [ 14.5491505, 53.7228734 ], [ 14.5492383, 53.722779 ], [ 14.5493685, 53.7227182 ], [ 14.5493599, 53.7226551 ], [ 14.5492862, 53.7225877 ], [ 14.5491813, 53.7226035 ], [ 14.549028, 53.7226436 ], [ 14.548855, 53.7226439 ], [ 14.5487, 53.72259 ], [ 14.5486325, 53.7224907 ], [ 14.5484999, 53.7223915 ], [ 14.5483918, 53.7222297 ], [ 14.5482239, 53.7222643 ], [ 14.5480559, 53.7222699 ], [ 14.5478721, 53.7222013 ], [ 14.5478941, 53.7220708 ], [ 14.5478426, 53.7219371 ], [ 14.5478725, 53.7218323 ], [ 14.5477534, 53.7216612 ], [ 14.5478838, 53.7215166 ], [ 14.5479004, 53.7213719 ], [ 14.5477709, 53.7212173 ], [ 14.5478362, 53.7210919 ], [ 14.5476939, 53.7210044 ], [ 14.5475357, 53.7210291 ], [ 14.5477071, 53.7208986 ], [ 14.5479535, 53.7207421 ], [ 14.5481011, 53.7208707 ], [ 14.5481952, 53.7207835 ], [ 14.54847, 53.7207435 ], [ 14.5485169, 53.7207086 ], [ 14.5485906, 53.7206418 ], [ 14.5486222, 53.7205779 ], [ 14.5486506, 53.7204806 ], [ 14.5486429, 53.7203788 ], [ 14.5486107, 53.7200901 ], [ 14.5485307, 53.7198892 ], [ 14.5484301, 53.7196736 ], [ 14.5483332, 53.7195628 ], [ 14.548265, 53.7195018 ], [ 14.5481574, 53.7194549 ], [ 14.5481067, 53.7193925 ], [ 14.5479668, 53.7193162 ], [ 14.54766, 53.7193297 ], [ 14.547445, 53.7192395 ], [ 14.5472625, 53.7191252 ], [ 14.5471373, 53.7189591 ], [ 14.5469796, 53.7188027 ], [ 14.5469231, 53.7186246 ], [ 14.5468623, 53.7185452 ], [ 14.5467527, 53.7184562 ], [ 14.5467003, 53.7183575 ], [ 14.5466804, 53.7182011 ], [ 14.5467643, 53.718149 ], [ 14.5468885, 53.718126 ], [ 14.5470467, 53.7181175 ], [ 14.5471999, 53.7181389 ], [ 14.5472674, 53.7179113 ], [ 14.5472847, 53.7177779 ], [ 14.5472201, 53.7176727 ], [ 14.5470092, 53.7174905 ], [ 14.5469375, 53.7173893 ], [ 14.5469913, 53.7172603 ], [ 14.5469676, 53.7171428 ], [ 14.5468676, 53.7170629 ], [ 14.546802, 53.7169247 ], [ 14.5467881, 53.7167909 ], [ 14.5470165, 53.7166422 ], [ 14.5470269, 53.7164307 ], [ 14.546844, 53.7162239 ], [ 14.5465622, 53.7161943 ], [ 14.546413, 53.7161245 ], [ 14.5463351, 53.7159502 ], [ 14.546597, 53.7159409 ], [ 14.5467198, 53.7158049 ], [ 14.54684, 53.71568 ], [ 14.5467673, 53.7153936 ], [ 14.5466317, 53.7151207 ], [ 14.5465561, 53.7150381 ], [ 14.5464108, 53.7149315 ], [ 14.5461976, 53.7146712 ], [ 14.545973, 53.7145938 ], [ 14.5457758, 53.7145221 ], [ 14.5458017, 53.7141635 ], [ 14.5457511, 53.7139593 ], [ 14.5455123, 53.7138266 ], [ 14.5450586, 53.7137911 ], [ 14.5445811, 53.7136312 ], [ 14.544554, 53.7132023 ], [ 14.5448488, 53.7129073 ], [ 14.5448259, 53.7126567 ], [ 14.5446752, 53.7124072 ], [ 14.5445437, 53.7119809 ], [ 14.544575, 53.7114582 ], [ 14.5444522, 53.7112155 ], [ 14.5442226, 53.7111094 ], [ 14.5443574, 53.7108977 ], [ 14.5442882, 53.7107546 ], [ 14.5440522, 53.710672 ], [ 14.5437486, 53.7105822 ], [ 14.5436215, 53.7104179 ], [ 14.5437092, 53.7103004 ], [ 14.5437519, 53.7100584 ], [ 14.5436585, 53.7098788 ], [ 14.54344, 53.70976 ], [ 14.5431855, 53.7095326 ], [ 14.5431826, 53.7093324 ], [ 14.5430588, 53.7091373 ], [ 14.5427906, 53.7088273 ], [ 14.5426965, 53.708731 ], [ 14.5425196, 53.7086577 ], [ 14.5423484, 53.708418 ], [ 14.5421269, 53.7081978 ], [ 14.5418911, 53.7080366 ], [ 14.5416232, 53.7077623 ], [ 14.5413884, 53.7076298 ], [ 14.541227, 53.7074938 ], [ 14.5410874, 53.707529 ], [ 14.5410327, 53.7074804 ], [ 14.5410133, 53.7073439 ], [ 14.540931, 53.7071502 ], [ 14.5409423, 53.7070577 ], [ 14.5409818, 53.7069568 ], [ 14.5409759, 53.7067467 ], [ 14.5409488, 53.7066706 ], [ 14.5408226, 53.7065946 ], [ 14.5407426, 53.7063574 ], [ 14.5406917, 53.7062493 ], [ 14.5406549, 53.7061497 ], [ 14.5405898, 53.7060416 ], [ 14.5404681, 53.7059336 ], [ 14.5402389, 53.705818 ], [ 14.540038, 53.7056355 ], [ 14.5398654, 53.7054487 ], [ 14.5397211, 53.7052284 ], [ 14.5396476, 53.70505 ], [ 14.5394891, 53.704813 ], [ 14.53948, 53.7046235 ], [ 14.5395841, 53.7045094 ], [ 14.5395375, 53.7043483 ], [ 14.5393988, 53.7042961 ], [ 14.5392177, 53.7039171 ], [ 14.5391888, 53.7037121 ], [ 14.5391033, 53.703507 ], [ 14.5390428, 53.7032756 ], [ 14.5390673, 53.7031531 ], [ 14.5390033, 53.7029971 ], [ 14.5390809, 53.7029585 ], [ 14.5389599, 53.7028318 ], [ 14.5388322, 53.7022761 ], [ 14.5388533, 53.7019354 ], [ 14.5388391, 53.701742 ], [ 14.5389098, 53.7016911 ], [ 14.5390279, 53.7017518 ], [ 14.5391673, 53.7017497 ], [ 14.5393753, 53.7016574 ], [ 14.5396725, 53.7010283 ], [ 14.5404635, 53.7005014 ], [ 14.5408653, 53.6999754 ], [ 14.5418173, 53.6991208 ], [ 14.5421275, 53.6990105 ], [ 14.5426067, 53.6984154 ], [ 14.5428951, 53.6979142 ], [ 14.5428642, 53.6976795 ], [ 14.5428599, 53.6976472 ], [ 14.5430478, 53.697596 ], [ 14.5430632, 53.6975287 ], [ 14.543115, 53.6974133 ], [ 14.5430215, 53.6972904 ], [ 14.5428232, 53.6972684 ], [ 14.5428349, 53.6972407 ], [ 14.5428373, 53.6971862 ], [ 14.54314, 53.6971356 ], [ 14.5432899, 53.6970097 ], [ 14.5439602, 53.6967684 ], [ 14.544093, 53.6966406 ], [ 14.5442146, 53.6959908 ], [ 14.5442408, 53.6959158 ], [ 14.5444047, 53.6954461 ], [ 14.5446316, 53.6952728 ], [ 14.5445822, 53.6946671 ], [ 14.5445273, 53.6944677 ], [ 14.5443493, 53.6943301 ], [ 14.5441096, 53.6941687 ], [ 14.543952, 53.6941033 ], [ 14.5436178, 53.6937361 ], [ 14.5438153, 53.6933101 ], [ 14.5444885, 53.6930519 ], [ 14.544821, 53.6929428 ], [ 14.5449095, 53.692789 ], [ 14.5447138, 53.6925912 ], [ 14.5442666, 53.6924579 ], [ 14.544208, 53.6922533 ], [ 14.5444267, 53.6919305 ], [ 14.5449133, 53.6917295 ], [ 14.54558, 53.69158 ], [ 14.5459578, 53.6914875 ], [ 14.5460885, 53.6914281 ], [ 14.5461108, 53.6912932 ], [ 14.5460107, 53.6911014 ], [ 14.5460662, 53.6909558 ], [ 14.5460723, 53.6907846 ], [ 14.5459632, 53.690602 ], [ 14.5457985, 53.690491 ], [ 14.54548, 53.6903886 ], [ 14.5452583, 53.6904124 ], [ 14.5451332, 53.6903789 ], [ 14.5450589, 53.6901357 ], [ 14.5450831, 53.6900195 ], [ 14.5451694, 53.6900072 ], [ 14.5451866, 53.6899867 ], [ 14.5452022, 53.6899751 ], [ 14.5452152, 53.689966 ], [ 14.5452323, 53.6899417 ], [ 14.5452313, 53.689911 ], [ 14.5451867, 53.6898775 ], [ 14.545138, 53.6898682 ], [ 14.5450872, 53.689858 ], [ 14.5448665, 53.6898544 ], [ 14.544658, 53.6898447 ], [ 14.5445269, 53.689843 ], [ 14.544478, 53.6897695 ], [ 14.5443863, 53.6897341 ], [ 14.5443315, 53.6896062 ], [ 14.5443795, 53.6895598 ], [ 14.5444113, 53.6895069 ], [ 14.544373, 53.6894139 ], [ 14.5443717, 53.6893423 ], [ 14.5444549, 53.6891672 ], [ 14.5446038, 53.6891417 ], [ 14.5447312, 53.6890907 ], [ 14.5447064, 53.6890287 ], [ 14.5446494, 53.6889476 ], [ 14.5446514, 53.6888252 ], [ 14.54475, 53.68876 ], [ 14.5448887, 53.6886774 ], [ 14.5450439, 53.6886679 ], [ 14.5451454, 53.6886329 ], [ 14.5451653, 53.6885693 ], [ 14.5453765, 53.6885169 ], [ 14.5454803, 53.6884645 ], [ 14.5456217, 53.6883898 ], [ 14.5456901, 53.6883925 ], [ 14.545688, 53.6884994 ], [ 14.5457665, 53.6885183 ], [ 14.5459759, 53.6885798 ], [ 14.54613, 53.6885665 ], [ 14.546284, 53.6885788 ], [ 14.5464256, 53.6885148 ], [ 14.5465062, 53.6884874 ], [ 14.5465539, 53.6884862 ], [ 14.5465662, 53.6884617 ], [ 14.5465937, 53.6884069 ], [ 14.5468075, 53.6883844 ], [ 14.5468932, 53.6883932 ], [ 14.5469176, 53.6883447 ], [ 14.5470837, 53.6882816 ], [ 14.5472406, 53.6882769 ], [ 14.5473297, 53.688232 ], [ 14.547439, 53.6881704 ], [ 14.5474496, 53.6880905 ], [ 14.5474911, 53.6879941 ], [ 14.5474709, 53.6878942 ], [ 14.5475324, 53.6878073 ], [ 14.5475077, 53.6877057 ], [ 14.5472979, 53.6876195 ], [ 14.547244, 53.687602 ], [ 14.5471469, 53.6875918 ], [ 14.5470882, 53.6876117 ], [ 14.5470263, 53.6875746 ], [ 14.5470477, 53.6874975 ], [ 14.5470197, 53.6874569 ], [ 14.5470501, 53.6874157 ], [ 14.5470933, 53.6873875 ], [ 14.5471704, 53.6874027 ], [ 14.5472305, 53.6873829 ], [ 14.5472105, 53.6872719 ], [ 14.5472782, 53.6872449 ], [ 14.5472821, 53.6871867 ], [ 14.5473291, 53.687125 ], [ 14.5472752, 53.6870708 ], [ 14.5472721, 53.6870207 ], [ 14.5471704, 53.6870119 ], [ 14.5471365, 53.6869812 ], [ 14.5469551, 53.6869526 ], [ 14.5468908, 53.6869678 ], [ 14.5468362, 53.6870091 ], [ 14.5467231, 53.6870551 ], [ 14.5466162, 53.6870572 ], [ 14.5465442, 53.6871125 ], [ 14.5466478, 53.6871295 ], [ 14.546696, 53.6871539 ], [ 14.5466498, 53.6871952 ], [ 14.5466069, 53.6872119 ], [ 14.5465517, 53.6871903 ], [ 14.5464471, 53.6872214 ], [ 14.5464842, 53.6872526 ], [ 14.5464729, 53.6873047 ], [ 14.5464185, 53.6873131 ], [ 14.5463702, 53.6873507 ], [ 14.5462759, 53.6871656 ], [ 14.5461817, 53.6870644 ], [ 14.5461903, 53.6869716 ], [ 14.5462571, 53.6869484 ], [ 14.5462715, 53.6869052 ], [ 14.5462695, 53.6868333 ], [ 14.5463025, 53.6867809 ], [ 14.546387, 53.6867087 ], [ 14.5464758, 53.6866521 ], [ 14.546481, 53.6865862 ], [ 14.5465852, 53.6865161 ], [ 14.5466773, 53.6864647 ], [ 14.5467, 53.6863827 ], [ 14.5467303, 53.6863093 ], [ 14.5468101, 53.6862489 ], [ 14.5468686, 53.6862005 ], [ 14.546853, 53.6861338 ], [ 14.5468983, 53.6860253 ], [ 14.546845, 53.6859563 ], [ 14.5468526, 53.6858987 ], [ 14.5469249, 53.6858563 ], [ 14.5470227, 53.6857987 ], [ 14.5470685, 53.6856878 ], [ 14.5471667, 53.6856316 ], [ 14.5472275, 53.6855682 ], [ 14.547356, 53.6855085 ], [ 14.5474922, 53.6854089 ], [ 14.5475211, 53.6853219 ], [ 14.5475339, 53.6852128 ], [ 14.5474576, 53.685172 ], [ 14.5474502, 53.6850972 ], [ 14.547368, 53.6850586 ], [ 14.5473406, 53.6849909 ], [ 14.547368, 53.6848419 ], [ 14.5471231, 53.6847823 ], [ 14.5467803, 53.6848276 ], [ 14.5466548, 53.6848232 ], [ 14.5465011, 53.6846775 ], [ 14.54631, 53.68467 ], [ 14.546159, 53.6845594 ], [ 14.5458398, 53.6845041 ], [ 14.5453789, 53.6842883 ], [ 14.5451706, 53.6842662 ], [ 14.5448969, 53.6841887 ], [ 14.544466, 53.6840661 ], [ 14.5444554, 53.6839655 ], [ 14.5445599, 53.68388 ], [ 14.5447204, 53.6838663 ], [ 14.5447705, 53.683745 ], [ 14.5446232, 53.6837043 ], [ 14.5445133, 53.6836249 ], [ 14.5443732, 53.6835169 ], [ 14.5442891, 53.6833923 ], [ 14.5443591, 53.6832455 ], [ 14.5442936, 53.6830569 ], [ 14.5444278, 53.6828642 ], [ 14.5444796, 53.682761 ], [ 14.5444005, 53.6826467 ], [ 14.5444569, 53.6825056 ], [ 14.5444589, 53.6825006 ], [ 14.5443693, 53.6823763 ], [ 14.5443954, 53.6822923 ], [ 14.5443722, 53.6821134 ], [ 14.5444168, 53.6818907 ], [ 14.5446092, 53.6815439 ], [ 14.5445653, 53.6814047 ], [ 14.5444897, 53.6813086 ], [ 14.5445644, 53.6812536 ], [ 14.5446771, 53.6812925 ], [ 14.5447708, 53.68137 ], [ 14.5447056, 53.6814475 ], [ 14.5447897, 53.6815361 ], [ 14.5448411, 53.6818016 ], [ 14.5449602, 53.6818486 ], [ 14.5450525, 53.6819192 ], [ 14.54507, 53.6820174 ], [ 14.5451413, 53.6820315 ], [ 14.5451393, 53.682074 ], [ 14.5451752, 53.6821176 ], [ 14.545065, 53.682138 ], [ 14.5451265, 53.6822111 ], [ 14.5451525, 53.6823045 ], [ 14.5451484, 53.682342 ], [ 14.5452281, 53.6823822 ], [ 14.5451932, 53.6824653 ], [ 14.5450357, 53.6826147 ], [ 14.545097, 53.6826839 ], [ 14.5450109, 53.6827766 ], [ 14.5449671, 53.6830303 ], [ 14.544985, 53.6831344 ], [ 14.5451815, 53.6832517 ], [ 14.5454765, 53.6832742 ], [ 14.5457381, 53.6834788 ], [ 14.5458394, 53.6836177 ], [ 14.5458022, 53.6837064 ], [ 14.5456851, 53.6837322 ], [ 14.5457251, 53.6838181 ], [ 14.545893, 53.683726 ], [ 14.5460184, 53.6837825 ], [ 14.546014, 53.6838332 ], [ 14.5461349, 53.6838237 ], [ 14.5461718, 53.6839497 ], [ 14.5462642, 53.6839881 ], [ 14.5462858, 53.6840959 ], [ 14.5464799, 53.6840723 ], [ 14.546652, 53.684089 ], [ 14.5468547, 53.6842331 ], [ 14.5471162, 53.6842213 ], [ 14.5472235, 53.6842682 ], [ 14.5472526, 53.6843537 ], [ 14.5473432, 53.6843079 ], [ 14.5473223, 53.684213 ], [ 14.5473144, 53.6840149 ], [ 14.5473494, 53.6838733 ], [ 14.5474768, 53.6838155 ], [ 14.5475174, 53.6837374 ], [ 14.5474533, 53.6836958 ], [ 14.5474705, 53.683653 ], [ 14.5475309, 53.6836286 ], [ 14.5474544, 53.6834665 ], [ 14.5474014, 53.6833686 ], [ 14.5474284, 53.6832488 ], [ 14.5473223, 53.6830932 ], [ 14.5472748, 53.6830215 ], [ 14.5472613, 53.683016 ], [ 14.5470732, 53.6829389 ], [ 14.5470528, 53.6828493 ], [ 14.5471076, 53.6827152 ], [ 14.5470639, 53.6825973 ], [ 14.5469666, 53.6825493 ], [ 14.5468585, 53.6824377 ], [ 14.5468363, 53.6823071 ], [ 14.5467792, 53.6821112 ], [ 14.5467006, 53.6819215 ], [ 14.5465757, 53.6818092 ], [ 14.5465618, 53.6817116 ], [ 14.5464698, 53.6815927 ], [ 14.5464966, 53.6815288 ], [ 14.5465003, 53.68152 ], [ 14.5464137, 53.6814231 ], [ 14.5463922, 53.6812972 ], [ 14.5462922, 53.6812093 ], [ 14.5463054, 53.6810294 ], [ 14.5462496, 53.6807893 ], [ 14.5461459, 53.6805885 ], [ 14.546028, 53.6805817 ], [ 14.5458182, 53.6803633 ], [ 14.5458773, 53.6803028 ], [ 14.5458145, 53.6801798 ], [ 14.5457214, 53.6800108 ], [ 14.5455921, 53.6797981 ], [ 14.5454164, 53.6796646 ], [ 14.5453099, 53.6795769 ], [ 14.545244, 53.679441 ], [ 14.5452893, 53.6793392 ], [ 14.5452326, 53.679245 ], [ 14.545241, 53.6791797 ], [ 14.5451039, 53.679135 ], [ 14.5450087, 53.6790024 ], [ 14.5451491, 53.6789011 ], [ 14.5450852, 53.6787758 ], [ 14.5450939, 53.6785807 ], [ 14.5451959, 53.6784735 ], [ 14.5452428, 53.6783694 ], [ 14.5452246, 53.6782652 ], [ 14.5451217, 53.6779741 ], [ 14.5450024, 53.6778322 ], [ 14.5448832, 53.6776712 ], [ 14.5449659, 53.6775521 ], [ 14.5449104, 53.6773174 ], [ 14.5450027, 53.6772606 ], [ 14.5449353, 53.6771759 ], [ 14.5448534, 53.6770416 ], [ 14.5446984, 53.6769698 ], [ 14.5445334, 53.6768641 ], [ 14.5443847, 53.6768596 ], [ 14.5442337, 53.6767348 ], [ 14.5442151, 53.6766598 ], [ 14.5443167, 53.6764653 ], [ 14.5443777, 53.6762611 ], [ 14.5443369, 53.6761851 ], [ 14.5443529, 53.676103 ], [ 14.5444745, 53.6760133 ], [ 14.5445991, 53.6760017 ], [ 14.5447712, 53.6760043 ], [ 14.5447563, 53.6760454 ], [ 14.5449378, 53.6760675 ], [ 14.5450462, 53.676051 ], [ 14.5449837, 53.6759948 ], [ 14.5450782, 53.6759739 ], [ 14.5451727, 53.6760084 ], [ 14.545281, 53.6759992 ], [ 14.5453676, 53.6760092 ], [ 14.5453892, 53.676067 ], [ 14.5455151, 53.6761058 ], [ 14.5456187, 53.6761144 ], [ 14.5457223, 53.6761085 ], [ 14.5459636, 53.676106 ], [ 14.5459934, 53.6760817 ], [ 14.5461914, 53.676091 ], [ 14.5462946, 53.6760567 ], [ 14.546415, 53.6760302 ], [ 14.5465191, 53.6760808 ], [ 14.5467192, 53.6760663 ], [ 14.5469697, 53.6759497 ], [ 14.5470508, 53.6758009 ], [ 14.5472232, 53.6757942 ], [ 14.5473793, 53.6757778 ], [ 14.547694, 53.675694 ], [ 14.5479599, 53.675528 ], [ 14.5480261, 53.6753931 ], [ 14.5480353, 53.6752678 ], [ 14.5482002, 53.6752532 ], [ 14.548221, 53.6752144 ], [ 14.5483898, 53.6752005 ], [ 14.5484002, 53.6751624 ], [ 14.5484696, 53.6751249 ], [ 14.5484868, 53.6750711 ], [ 14.5483699, 53.6749258 ], [ 14.5482661, 53.6748953 ], [ 14.5482661, 53.6748328 ], [ 14.5483393, 53.6747318 ], [ 14.5483068, 53.6746743 ], [ 14.5483881, 53.674646 ], [ 14.5485019, 53.6745702 ], [ 14.5484693, 53.6745196 ], [ 14.5484693, 53.6744666 ], [ 14.5485523, 53.6744045 ], [ 14.548676, 53.6743616 ], [ 14.5486452, 53.674285 ], [ 14.5487282, 53.6742421 ], [ 14.5488823, 53.6742406 ], [ 14.5489147, 53.6741893 ], [ 14.5488861, 53.6741347 ], [ 14.5490548, 53.6740617 ], [ 14.549131, 53.6740805 ], [ 14.5492626, 53.6740707 ], [ 14.5493292, 53.6740079 ], [ 14.5494988, 53.6738996 ], [ 14.5496116, 53.6738587 ], [ 14.549895, 53.6737288 ], [ 14.550297, 53.6734856 ], [ 14.5502761, 53.6734061 ], [ 14.5503803, 53.6733634 ], [ 14.5505461, 53.6733206 ], [ 14.5506661, 53.673245 ], [ 14.5507211, 53.6731839 ], [ 14.5508391, 53.6731483 ], [ 14.5508882, 53.6731012 ], [ 14.5509698, 53.6731136 ], [ 14.5511124, 53.673037 ], [ 14.5511896, 53.6729362 ], [ 14.5513054, 53.6728858 ], [ 14.5515432, 53.6727825 ], [ 14.5517494, 53.6727729 ], [ 14.5518386, 53.6727341 ], [ 14.5520292, 53.6726856 ], [ 14.5521202, 53.6726645 ], [ 14.5521617, 53.6726829 ], [ 14.5521784, 53.6726246 ], [ 14.5522537, 53.6726113 ], [ 14.5523696, 53.6725594 ], [ 14.5523886, 53.6724807 ], [ 14.5523669, 53.6724358 ], [ 14.5523559, 53.6723555 ], [ 14.5522447, 53.6723492 ], [ 14.5522092, 53.6722979 ], [ 14.5522438, 53.6722822 ], [ 14.5522227, 53.6722351 ], [ 14.5521189, 53.6722271 ], [ 14.5520746, 53.672247 ], [ 14.5520062, 53.6721986 ], [ 14.5520402, 53.6721113 ], [ 14.5521599, 53.6720754 ], [ 14.5522123, 53.6720131 ], [ 14.5523253, 53.6719607 ], [ 14.5525197, 53.6718337 ], [ 14.5527051, 53.671599 ], [ 14.5529132, 53.6714378 ], [ 14.5530597, 53.6714057 ], [ 14.5532143, 53.6713447 ], [ 14.55332, 53.6713487 ], [ 14.5534665, 53.6713382 ], [ 14.5536164, 53.6712628 ], [ 14.5537176, 53.6712258 ], [ 14.5538027, 53.6711809 ], [ 14.5538228, 53.6711167 ], [ 14.5538873, 53.6710749 ], [ 14.5539921, 53.6710685 ], [ 14.5540201, 53.6710051 ], [ 14.5541049, 53.6709705 ], [ 14.5542102, 53.6709547 ], [ 14.5543154, 53.6709533 ], [ 14.5545019, 53.6709037 ], [ 14.5545586, 53.6708572 ], [ 14.5545746, 53.6708108 ], [ 14.554784, 53.6707522 ], [ 14.5549838, 53.6707175 ], [ 14.5550268, 53.6706472 ], [ 14.5550942, 53.6705961 ], [ 14.5550419, 53.6705157 ], [ 14.5550466, 53.6704256 ], [ 14.5551017, 53.6703182 ], [ 14.5552202, 53.6702768 ], [ 14.5553779, 53.6702409 ], [ 14.5555275, 53.6702411 ], [ 14.5555827, 53.670174 ], [ 14.5556524, 53.6700495 ], [ 14.5558121, 53.6700053 ], [ 14.5559312, 53.6699369 ], [ 14.5560986, 53.6698852 ], [ 14.5561846, 53.6699085 ], [ 14.5562788, 53.6699559 ], [ 14.5564753, 53.6699977 ], [ 14.5565295, 53.6700468 ], [ 14.5566745, 53.6700593 ], [ 14.5568358, 53.6700332 ], [ 14.5569948, 53.6699922 ], [ 14.5571374, 53.6699319 ], [ 14.5573927, 53.6697608 ], [ 14.5575666, 53.6695946 ], [ 14.5576298, 53.6694741 ], [ 14.5577562, 53.6694162 ], [ 14.5579139, 53.669424 ], [ 14.5580717, 53.6693981 ], [ 14.5581082, 53.6693274 ], [ 14.5582178, 53.6692615 ], [ 14.5582583, 53.6691443 ], [ 14.5582662, 53.6690029 ], [ 14.5582172, 53.668929 ], [ 14.5582001, 53.6688789 ], [ 14.5582777, 53.6688375 ], [ 14.558404, 53.6688058 ], [ 14.5585266, 53.6687133 ], [ 14.5585603, 53.6686488 ], [ 14.5586441, 53.6685729 ], [ 14.5587819, 53.6685377 ], [ 14.5588752, 53.6684864 ], [ 14.5589544, 53.6684535 ], [ 14.5590498, 53.6684399 ], [ 14.5591263, 53.668372 ], [ 14.5591409, 53.6682891 ], [ 14.5592191, 53.6682004 ], [ 14.5593732, 53.6681408 ], [ 14.5596373, 53.6681351 ], [ 14.5599035, 53.6681202 ], [ 14.5600721, 53.6680523 ], [ 14.5602869, 53.6679524 ], [ 14.5605874, 53.6677821 ], [ 14.5607559, 53.6676275 ], [ 14.5608504, 53.667462 ], [ 14.5609224, 53.6673099 ], [ 14.5611158, 53.6671846 ], [ 14.561196, 53.667052 ], [ 14.5614275, 53.6669059 ], [ 14.561579, 53.6668273 ], [ 14.5617649, 53.6667723 ], [ 14.5618395, 53.666689 ], [ 14.5619445, 53.6666144 ], [ 14.562185, 53.6665443 ], [ 14.562407, 53.6664997 ], [ 14.5625221, 53.6664973 ], [ 14.5625307, 53.6665544 ], [ 14.5626186, 53.6665811 ], [ 14.5626989, 53.6665506 ], [ 14.5626351, 53.6665166 ], [ 14.5626093, 53.6664668 ], [ 14.5626732, 53.6664564 ], [ 14.5627309, 53.6663839 ], [ 14.5627846, 53.6663484 ], [ 14.5628316, 53.6663654 ], [ 14.5628477, 53.6664116 ], [ 14.5629069, 53.6663628 ], [ 14.5629292, 53.6663104 ], [ 14.5629902, 53.6662563 ], [ 14.5631955, 53.6662576 ], [ 14.5635139, 53.6661414 ], [ 14.5636176, 53.6661563 ], [ 14.5638568, 53.666069 ], [ 14.5640333, 53.6660131 ], [ 14.5643428, 53.6660631 ], [ 14.5646686, 53.6660505 ], [ 14.5649461, 53.6659675 ], [ 14.5652115, 53.6659791 ], [ 14.5652981, 53.6660148 ], [ 14.5654711, 53.6659994 ], [ 14.5657115, 53.6660169 ], [ 14.5658503, 53.6659983 ], [ 14.5659969, 53.6660179 ], [ 14.5662207, 53.6660277 ], [ 14.5664281, 53.6659989 ], [ 14.5666419, 53.6659787 ], [ 14.5668788, 53.6659759 ], [ 14.5669729, 53.6660106 ], [ 14.5671321, 53.6660067 ], [ 14.5672343, 53.6659615 ], [ 14.5673693, 53.6658932 ], [ 14.5675531, 53.6658586 ], [ 14.5677371, 53.6658583 ], [ 14.56794, 53.665818 ], [ 14.5682169, 53.6657484 ], [ 14.5684107, 53.6656668 ], [ 14.5684534, 53.6656277 ], [ 14.5685756, 53.6655714 ], [ 14.5687573, 53.66559 ], [ 14.5689097, 53.6655482 ], [ 14.5691126, 53.6655538 ], [ 14.5694017, 53.6655886 ], [ 14.5694747, 53.6656217 ], [ 14.5695467, 53.6655784 ], [ 14.5696538, 53.6655721 ], [ 14.5697062, 53.6656757 ], [ 14.5697371, 53.6658244 ], [ 14.5697697, 53.6659201 ], [ 14.5697732, 53.6659915 ], [ 14.5697525, 53.6660285 ], [ 14.569736, 53.6661365 ], [ 14.569697, 53.6662006 ], [ 14.5696255, 53.6662468 ], [ 14.5695355, 53.6662528 ], [ 14.5695958, 53.6663086 ], [ 14.569698, 53.6663253 ], [ 14.5698033, 53.6663438 ], [ 14.5698284, 53.6662637 ], [ 14.5698798, 53.6661845 ], [ 14.5698941, 53.6661083 ], [ 14.569929, 53.6660692 ], [ 14.5699801, 53.666041 ], [ 14.5699959, 53.6660941 ], [ 14.57005, 53.6661298 ], [ 14.5700617, 53.6661769 ], [ 14.5701507, 53.6661676 ], [ 14.5702322, 53.6661665 ], [ 14.5702336, 53.6661035 ], [ 14.5702454, 53.665932 ], [ 14.5702999, 53.6655705 ], [ 14.5703713, 53.665576 ], [ 14.5703414, 53.6657632 ], [ 14.570433, 53.6657684 ], [ 14.5705196, 53.665762 ], [ 14.57061, 53.6656948 ], [ 14.5706639, 53.6655818 ], [ 14.5708044, 53.6654466 ], [ 14.5709693, 53.6653451 ], [ 14.5711179, 53.6652991 ], [ 14.5711853, 53.6652337 ], [ 14.5712311, 53.6651126 ], [ 14.5713672, 53.6648244 ], [ 14.5713976, 53.6647194 ], [ 14.5714474, 53.6644955 ], [ 14.571424, 53.6643631 ], [ 14.5713772, 53.6639441 ], [ 14.5712828, 53.6638763 ], [ 14.5711315, 53.6638567 ], [ 14.5698134, 53.66285 ], [ 14.5693038, 53.6627891 ], [ 14.5685765, 53.6627948 ], [ 14.5681276, 53.6627089 ], [ 14.567892, 53.6625793 ], [ 14.5678278, 53.6624342 ], [ 14.5679063, 53.6622681 ], [ 14.5681083, 53.6622343 ], [ 14.5684006, 53.6620716 ], [ 14.5679039, 53.6619554 ], [ 14.5682451, 53.6607865 ], [ 14.5687951, 53.6608527 ], [ 14.5692244, 53.6605946 ], [ 14.5694545, 53.6603382 ], [ 14.5699402, 53.6590843 ], [ 14.5704837, 53.658831 ], [ 14.5710478, 53.6587773 ], [ 14.571528, 53.6583943 ], [ 14.573361, 53.6574068 ], [ 14.5751996, 53.6566301 ], [ 14.5759147, 53.6565123 ], [ 14.5769351, 53.6561756 ], [ 14.5775198, 53.6561498 ], [ 14.5783384, 53.6558748 ], [ 14.5796044, 53.655596 ], [ 14.5802425, 53.6553625 ], [ 14.5803442, 53.6553414 ], [ 14.5808731, 53.6552315 ], [ 14.5813339, 53.6550525 ], [ 14.5820093, 53.6549348 ], [ 14.5822713, 53.654773 ], [ 14.5834563, 53.6545096 ], [ 14.5839645, 53.6545372 ], [ 14.5841201, 53.654607 ], [ 14.5843896, 53.6546036 ], [ 14.5850926, 53.6548838 ], [ 14.5851644, 53.6553441 ], [ 14.5849629, 53.6553795 ], [ 14.5851878, 53.6555632 ], [ 14.5852598, 53.655622 ], [ 14.5852687, 53.6557437 ], [ 14.5852709, 53.6557737 ], [ 14.5852868, 53.6559909 ], [ 14.5853074, 53.6562718 ], [ 14.5855856, 53.6564414 ], [ 14.5858398, 53.6567051 ], [ 14.5860328, 53.656794 ], [ 14.5865073, 53.656658 ], [ 14.5863961, 53.656399 ], [ 14.587286, 53.656366 ], [ 14.5882007, 53.6560442 ], [ 14.5890898, 53.6557821 ], [ 14.5900229, 53.6556073 ], [ 14.5908697, 53.6554901 ], [ 14.5916245, 53.6555796 ], [ 14.5919503, 53.6554807 ], [ 14.5931135, 53.6554374 ], [ 14.5942039, 53.6556779 ], [ 14.5951526, 53.6555466 ], [ 14.5957765, 53.6555838 ], [ 14.5976283, 53.6557936 ], [ 14.5980993, 53.6562629 ], [ 14.5988085, 53.6565248 ], [ 14.5999597, 53.656982 ], [ 14.6005559, 53.6569829 ], [ 14.6012472, 53.657176 ], [ 14.6013302, 53.6570779 ], [ 14.6015253, 53.6570511 ], [ 14.6019355, 53.6569946 ], [ 14.602747, 53.656883 ], [ 14.603194, 53.65703 ], [ 14.6032178, 53.657143 ], [ 14.6043231, 53.657406 ], [ 14.6042587, 53.6576092 ], [ 14.604007, 53.6577615 ], [ 14.6042985, 53.6578164 ], [ 14.6044971, 53.6579388 ], [ 14.6050274, 53.6581178 ], [ 14.6066845, 53.6578117 ], [ 14.6069009, 53.6577034 ], [ 14.6071472, 53.6575803 ], [ 14.6078424, 53.6572325 ], [ 14.6085136, 53.6568321 ], [ 14.6090427, 53.6565165 ], [ 14.609071, 53.6562424 ], [ 14.6094157, 53.6558951 ], [ 14.6097398, 53.6553346 ], [ 14.6101854, 53.6545637 ], [ 14.6096763, 53.6543445 ], [ 14.6096859, 53.6541715 ], [ 14.6095508, 53.6540679 ], [ 14.6097971, 53.6539408 ], [ 14.6098479, 53.6536632 ], [ 14.6094153, 53.6529642 ], [ 14.6078057, 53.6526194 ], [ 14.607178, 53.6524338 ], [ 14.6071356, 53.6522906 ], [ 14.6073455, 53.6521806 ], [ 14.6076646, 53.652143 ], [ 14.607874, 53.6521332 ], [ 14.6088009, 53.6521483 ], [ 14.6092146, 53.6521651 ], [ 14.609498, 53.6522069 ], [ 14.6097686, 53.6522933 ], [ 14.6100525, 53.6524347 ], [ 14.6101943, 53.6525551 ], [ 14.6102413, 53.6526294 ], [ 14.6103211, 53.6526397 ], [ 14.6103581, 53.6526009 ], [ 14.6103165, 53.6525179 ], [ 14.6101632, 53.6523756 ], [ 14.6098695, 53.6522312 ], [ 14.6094428, 53.6520965 ], [ 14.6087866, 53.6520145 ], [ 14.6081422, 53.6519838 ], [ 14.6077506, 53.65197 ], [ 14.6073331, 53.6519333 ], [ 14.607167, 53.6519299 ], [ 14.6067617, 53.651911 ], [ 14.6066537, 53.6517321 ], [ 14.6067003, 53.6515566 ], [ 14.6067877, 53.6512276 ], [ 14.6064255, 53.6508319 ], [ 14.6059077, 53.6502663 ], [ 14.6061181, 53.6499942 ], [ 14.6061367, 53.6496341 ], [ 14.6063565, 53.6495468 ], [ 14.6067757, 53.649604 ], [ 14.6072139, 53.6495255 ], [ 14.6075961, 53.6496221 ], [ 14.6081834, 53.6497726 ], [ 14.6079934, 53.649787 ], [ 14.608041, 53.6499424 ], [ 14.6086608, 53.6502391 ], [ 14.6087641, 53.6503945 ], [ 14.6100087, 53.6511423 ], [ 14.6105218, 53.651567 ], [ 14.6108523, 53.65202 ], [ 14.611598, 53.6530175 ], [ 14.6118861, 53.6533564 ], [ 14.6122285, 53.6536668 ], [ 14.6130728, 53.6540093 ], [ 14.6139506, 53.6543147 ], [ 14.6191476, 53.6547132 ], [ 14.6191711, 53.6546259 ], [ 14.6171159, 53.6544795 ], [ 14.616855, 53.6544038 ], [ 14.6165994, 53.6542536 ], [ 14.6164565, 53.6542298 ], [ 14.6162752, 53.65426 ], [ 14.6160898, 53.6543232 ], [ 14.6154798, 53.6542929 ], [ 14.614318, 53.6541768 ], [ 14.6139243, 53.6540988 ], [ 14.6135455, 53.6540051 ], [ 14.6132487, 53.653912 ], [ 14.6129576, 53.6538071 ], [ 14.6127069, 53.6536982 ], [ 14.6124821, 53.6535628 ], [ 14.6121071, 53.6532687 ], [ 14.6118912, 53.6529895 ], [ 14.6104895, 53.6510361 ], [ 14.6105424, 53.6509973 ], [ 14.6106396, 53.6510231 ], [ 14.6107227, 53.6511344 ], [ 14.6111799, 53.6513025 ], [ 14.6122466, 53.6516068 ], [ 14.6129904, 53.6518467 ], [ 14.6131772, 53.6518853 ], [ 14.6133026, 53.6519014 ], [ 14.6133721, 53.6518574 ], [ 14.6141284, 53.6517164 ], [ 14.6142974, 53.6517883 ], [ 14.6144925, 53.6517631 ], [ 14.6152821, 53.6516183 ], [ 14.6153916, 53.6515868 ], [ 14.6155086, 53.6515272 ], [ 14.6157596, 53.6514493 ], [ 14.6163933, 53.6514088 ], [ 14.6165915, 53.6513773 ], [ 14.6166998, 53.6513416 ], [ 14.6169194, 53.6512335 ], [ 14.6170092, 53.6511759 ], [ 14.6170522, 53.6511477 ], [ 14.6172364, 53.6510162 ], [ 14.6176867, 53.6506809 ], [ 14.6181326, 53.6503923 ], [ 14.6183748, 53.6502022 ], [ 14.6184731, 53.6500951 ], [ 14.6185304, 53.6499996 ], [ 14.6186237, 53.649988 ], [ 14.6186579, 53.6499737 ], [ 14.6186866, 53.6499691 ], [ 14.6187198, 53.6499717 ], [ 14.6187453, 53.6499914 ], [ 14.6190131, 53.6497234 ], [ 14.6190398, 53.6497168 ], [ 14.6190686, 53.6497181 ], [ 14.6190857, 53.6497321 ], [ 14.6190873, 53.6497498 ], [ 14.618716, 53.6501059 ], [ 14.6187237, 53.6505786 ], [ 14.6197874, 53.6508297 ], [ 14.6199498, 53.6505838 ], [ 14.6197905, 53.6501576 ], [ 14.6198551, 53.6500722 ], [ 14.6199535, 53.6500892 ], [ 14.6199881, 53.650043 ], [ 14.6199967, 53.6500315 ], [ 14.6199115, 53.6500073 ], [ 14.6199176, 53.649996 ], [ 14.620142, 53.6495951 ], [ 14.620349, 53.6492383 ], [ 14.6203588, 53.6492215 ], [ 14.6197817, 53.6489755 ], [ 14.6197932, 53.6489659 ], [ 14.6198868, 53.6488875 ], [ 14.61982, 53.6487928 ], [ 14.6199197, 53.6486291 ], [ 14.6199271, 53.6485328 ], [ 14.6199266, 53.6485252 ], [ 14.6199467, 53.6485174 ], [ 14.6199699, 53.6485231 ], [ 14.6199699, 53.648531 ], [ 14.6199639, 53.6486196 ], [ 14.6208385, 53.6488303 ], [ 14.6209007, 53.6488453 ], [ 14.6222168, 53.6491623 ], [ 14.6222989, 53.6490589 ], [ 14.6220767, 53.6490043 ], [ 14.6222348, 53.648783 ], [ 14.6202038, 53.648292 ], [ 14.6200831, 53.6483469 ], [ 14.6200637, 53.6483546 ], [ 14.6200469, 53.6483538 ], [ 14.6200374, 53.6483499 ], [ 14.6200336, 53.6483441 ], [ 14.620037, 53.6483366 ], [ 14.6200508, 53.6483305 ], [ 14.620188, 53.648269 ], [ 14.6205866, 53.64799 ], [ 14.6209753, 53.6477216 ], [ 14.6216303, 53.6472059 ], [ 14.6218291, 53.6466523 ], [ 14.6219881, 53.6464138 ], [ 14.6221768, 53.6464765 ], [ 14.6225309, 53.6464196 ], [ 14.6228824, 53.6461338 ], [ 14.6230311, 53.6460141 ], [ 14.6232398, 53.6459538 ], [ 14.6231523, 53.6456555 ], [ 14.6230579, 53.6453338 ], [ 14.6227498, 53.645126 ], [ 14.622789, 53.6450056 ], [ 14.6232278, 53.6446522 ], [ 14.6230414, 53.6444348 ], [ 14.6229481, 53.6441926 ], [ 14.6229051, 53.6439248 ], [ 14.6229444, 53.6436986 ], [ 14.6225394, 53.6433764 ], [ 14.6223673, 53.6431086 ], [ 14.6217794, 53.6428068 ], [ 14.6215284, 53.642386 ], [ 14.6216783, 53.6421868 ], [ 14.6216663, 53.6421126 ], [ 14.6216071, 53.642097 ], [ 14.621544, 53.6420805 ], [ 14.6211556, 53.6424914 ], [ 14.6209675, 53.6425138 ], [ 14.620546, 53.642471 ], [ 14.6201035, 53.6425158 ], [ 14.6192912, 53.6425688 ], [ 14.6190116, 53.6425135 ], [ 14.6185885, 53.6426071 ], [ 14.61823, 53.64259 ], [ 14.6175703, 53.6426453 ], [ 14.6168676, 53.6426326 ], [ 14.616708, 53.6424752 ], [ 14.6159636, 53.6421474 ], [ 14.6156917, 53.6421437 ], [ 14.6154335, 53.6420672 ], [ 14.6150405, 53.6420887 ], [ 14.6150392, 53.6419907 ], [ 14.6152328, 53.6418079 ], [ 14.6153905, 53.6417484 ], [ 14.6155339, 53.6415018 ], [ 14.6154307, 53.6412179 ], [ 14.6155181, 53.6409955 ], [ 14.6153364, 53.640925 ], [ 14.6151547, 53.6408007 ], [ 14.6150684, 53.6406345 ], [ 14.6153093, 53.6403828 ], [ 14.6152741, 53.6401698 ], [ 14.6151023, 53.6399153 ], [ 14.614966, 53.639769 ], [ 14.6145466, 53.6398063 ], [ 14.6148751, 53.6395535 ], [ 14.6149383, 53.6393197 ], [ 14.6147772, 53.6389506 ], [ 14.6146695, 53.6387596 ], [ 14.614316, 53.6381322 ], [ 14.614029, 53.6380024 ], [ 14.6136869, 53.6379913 ], [ 14.6135681, 53.6378587 ], [ 14.6133165, 53.637867 ], [ 14.6130929, 53.6377593 ], [ 14.6128369, 53.6377936 ], [ 14.61234, 53.6376288 ], [ 14.6119379, 53.6376768 ], [ 14.6110209, 53.6375586 ], [ 14.6109988, 53.6375315 ], [ 14.6110436, 53.6374954 ], [ 14.611126, 53.6374434 ], [ 14.6115894, 53.6374117 ], [ 14.6120015, 53.6374053 ], [ 14.6131268, 53.6373714 ], [ 14.6140294, 53.6373325 ], [ 14.6146787, 53.6369349 ], [ 14.6156779, 53.636523 ], [ 14.6167692, 53.6359277 ], [ 14.616888, 53.6357909 ], [ 14.6173632, 53.6355879 ], [ 14.6176009, 53.6354097 ], [ 14.6179181, 53.6352407 ], [ 14.6187691, 53.6344518 ], [ 14.6189606, 53.634037 ], [ 14.6188823, 53.633588 ], [ 14.618517, 53.6326817 ], [ 14.6180216, 53.6321238 ], [ 14.6178806, 53.631965 ], [ 14.617744, 53.6318112 ], [ 14.6176356, 53.6314955 ], [ 14.6174354, 53.6313593 ], [ 14.6176492, 53.6310593 ], [ 14.6178672, 53.6310148 ], [ 14.6179898, 53.6308169 ], [ 14.6180597, 53.6304454 ], [ 14.6180035, 53.6302634 ], [ 14.6172138, 53.629778 ], [ 14.61675, 53.6297181 ], [ 14.6166247, 53.6297507 ], [ 14.6164429, 53.6297981 ], [ 14.61589, 53.6300289 ], [ 14.6157622, 53.6299887 ], [ 14.6147199, 53.6302271 ], [ 14.6145236, 53.6303372 ], [ 14.6135333, 53.6306836 ], [ 14.6125126, 53.6308694 ], [ 14.612123, 53.6310728 ], [ 14.6112222, 53.631522 ], [ 14.6111379, 53.6316135 ], [ 14.6110736, 53.6316941 ], [ 14.6109635, 53.6317256 ], [ 14.610888, 53.6316855 ], [ 14.6106412, 53.6318224 ], [ 14.6107431, 53.6318796 ], [ 14.6110161, 53.6318026 ], [ 14.6108782, 53.6318956 ], [ 14.6106486, 53.6320681 ], [ 14.6100911, 53.6320864 ], [ 14.6098105, 53.6320187 ], [ 14.6091945, 53.631993 ], [ 14.6089105, 53.632054 ], [ 14.6088546, 53.6320586 ], [ 14.6086723, 53.6320024 ], [ 14.6083869, 53.6319159 ], [ 14.6080871, 53.6316527 ], [ 14.6079345, 53.6315122 ], [ 14.607758, 53.6314307 ], [ 14.607715, 53.631336 ], [ 14.6084483, 53.6312222 ], [ 14.6088934, 53.6310312 ], [ 14.6091945, 53.6309947 ], [ 14.6096332, 53.6310307 ], [ 14.6098858, 53.6310028 ], [ 14.6100569, 53.6309054 ], [ 14.6101459, 53.6304103 ], [ 14.6099816, 53.6303047 ], [ 14.6098789, 53.6301059 ], [ 14.6100021, 53.6299598 ], [ 14.6102827, 53.6297609 ], [ 14.6102502, 53.6295113 ], [ 14.6104128, 53.6291846 ], [ 14.6098584, 53.6287828 ], [ 14.6096599, 53.6287016 ], [ 14.6096325, 53.6284906 ], [ 14.6094272, 53.6284013 ], [ 14.6093793, 53.6281943 ], [ 14.6093314, 53.6279873 ], [ 14.6092082, 53.6278777 ], [ 14.6090919, 53.6278412 ], [ 14.6089139, 53.6277925 ], [ 14.6087839, 53.6276666 ], [ 14.6084759, 53.6276179 ], [ 14.6082569, 53.6275449 ], [ 14.6080885, 53.6274003 ], [ 14.607958, 53.6270372 ], [ 14.6079116, 53.6268486 ], [ 14.6077514, 53.6267157 ], [ 14.6074127, 53.6266195 ], [ 14.6073034, 53.62665 ], [ 14.6071693, 53.626707 ], [ 14.6068932, 53.6265885 ], [ 14.6067617, 53.6265051 ], [ 14.6063151, 53.626447 ], [ 14.6057859, 53.6265288 ], [ 14.6052866, 53.6266763 ], [ 14.6048117, 53.6267308 ], [ 14.6046716, 53.6266873 ], [ 14.6043934, 53.6267619 ], [ 14.6039669, 53.6269173 ], [ 14.6038268, 53.6269213 ], [ 14.6037335, 53.6268619 ], [ 14.6035533, 53.6266522 ], [ 14.6033465, 53.6265375 ], [ 14.603093, 53.6265494 ], [ 14.6029663, 53.6266404 ], [ 14.6026327, 53.626676 ], [ 14.6019056, 53.6272813 ], [ 14.6015854, 53.6274039 ], [ 14.6012318, 53.6274672 ], [ 14.6007099, 53.6273172 ], [ 14.6003037, 53.6272563 ], [ 14.6002806, 53.6273644 ], [ 14.6002503, 53.6273669 ], [ 14.6002042, 53.6273501 ], [ 14.6001475, 53.6272893 ], [ 14.6000688, 53.6272575 ], [ 14.5999517, 53.6272523 ], [ 14.5997639, 53.6273122 ], [ 14.5996662, 53.6273383 ], [ 14.5994202, 53.6273393 ], [ 14.5991279, 53.6273062 ], [ 14.5989102, 53.6272896 ], [ 14.5988154, 53.6272646 ], [ 14.5985977, 53.6271834 ], [ 14.5983098, 53.6271105 ], [ 14.5982747, 53.6271563 ], [ 14.5981203, 53.627198 ], [ 14.5979693, 53.6271563 ], [ 14.59772, 53.6270501 ], [ 14.5975585, 53.6269794 ], [ 14.5969757, 53.6268877 ], [ 14.5964702, 53.626792 ], [ 14.5962315, 53.6268753 ], [ 14.596077, 53.6268961 ], [ 14.5959295, 53.6268586 ], [ 14.5957259, 53.6267753 ], [ 14.5953257, 53.6264963 ], [ 14.5950027, 53.6263214 ], [ 14.5945533, 53.6259716 ], [ 14.5944901, 53.6257364 ], [ 14.5944831, 53.6255407 ], [ 14.5945464, 53.6255212 ], [ 14.5946824, 53.6254793 ], [ 14.5947089, 53.6254318 ], [ 14.5948681, 53.6252325 ], [ 14.5948531, 53.6251481 ], [ 14.5947748, 53.6250853 ], [ 14.5947192, 53.6248384 ], [ 14.5946099, 53.6245964 ], [ 14.5944014, 53.6242843 ], [ 14.5941098, 53.6239206 ], [ 14.5937705, 53.6235859 ], [ 14.5936666, 53.6233715 ], [ 14.5936696, 53.6231555 ], [ 14.5936002, 53.6230635 ], [ 14.5933737, 53.622763 ], [ 14.5933656, 53.6225568 ], [ 14.5935257, 53.6218255 ], [ 14.5933615, 53.6212434 ], [ 14.5934243, 53.6210732 ], [ 14.5935348, 53.6207738 ], [ 14.5937261, 53.6200653 ], [ 14.5937568, 53.6186103 ], [ 14.5939454, 53.6178885 ], [ 14.5939768, 53.6177684 ], [ 14.5937103, 53.6171504 ], [ 14.5938736, 53.6165789 ], [ 14.5935178, 53.6161047 ], [ 14.5937006, 53.6157257 ], [ 14.5936124, 53.6154844 ], [ 14.5937183, 53.61527 ], [ 14.5937872, 53.6151305 ], [ 14.593764, 53.6149637 ], [ 14.5937319, 53.6147326 ], [ 14.5934061, 53.6143007 ], [ 14.5933542, 53.6137254 ], [ 14.5934765, 53.6135139 ], [ 14.5933723, 53.6133829 ], [ 14.5933151, 53.611693 ], [ 14.5933215, 53.611529 ], [ 14.5933352, 53.6111796 ], [ 14.5932212, 53.6106787 ], [ 14.5932135, 53.6105955 ], [ 14.593225, 53.6104414 ], [ 14.5932655, 53.6101576 ], [ 14.5932447, 53.6100783 ], [ 14.5932044, 53.6100069 ], [ 14.5932356, 53.6099262 ], [ 14.5932877, 53.609853 ], [ 14.593407, 53.6097795 ], [ 14.5934561, 53.6096549 ], [ 14.5935264, 53.6094125 ], [ 14.5936252, 53.6092418 ], [ 14.5938228, 53.609268 ], [ 14.5939604, 53.6091925 ], [ 14.5941145, 53.6090528 ], [ 14.5942075, 53.6088918 ], [ 14.5942762, 53.6087649 ], [ 14.5942966, 53.6086863 ], [ 14.5943169, 53.6085745 ], [ 14.5944035, 53.6084778 ], [ 14.594429, 53.6084143 ], [ 14.59451, 53.6082892 ], [ 14.594599, 53.6079377 ], [ 14.5950839, 53.6074308 ], [ 14.5951226, 53.6068878 ], [ 14.5957573, 53.6061044 ], [ 14.5959433, 53.6051392 ], [ 14.5959663, 53.6046937 ], [ 14.5961164, 53.6044423 ], [ 14.5963547, 53.6044187 ], [ 14.596496, 53.6042904 ], [ 14.5968271, 53.6040311 ], [ 14.5969021, 53.6038137 ], [ 14.5971228, 53.6036853 ], [ 14.5972077, 53.6035385 ], [ 14.5974892, 53.6033448 ], [ 14.5974288, 53.6031869 ], [ 14.5975863, 53.6024228 ], [ 14.5978424, 53.6019304 ], [ 14.5978909, 53.601802 ], [ 14.5979262, 53.6016815 ], [ 14.5980763, 53.6015348 ], [ 14.5982176, 53.6013593 ], [ 14.598194, 53.600704 ], [ 14.5979998, 53.6006517 ], [ 14.597885, 53.6005678 ], [ 14.5979645, 53.6004107 ], [ 14.5981146, 53.6003478 ], [ 14.5980881, 53.6002483 ], [ 14.598141, 53.6001697 ], [ 14.5982293, 53.5999968 ], [ 14.5983529, 53.6000858 ], [ 14.5984765, 53.6000387 ], [ 14.5983088, 53.5999234 ], [ 14.598092, 53.5999334 ], [ 14.5980023, 53.5998806 ], [ 14.5978585, 53.5997977 ], [ 14.5979027, 53.5996929 ], [ 14.5976024, 53.5994569 ], [ 14.59739, 53.59929 ], [ 14.5972375, 53.5990267 ], [ 14.5976842, 53.5988105 ], [ 14.5974844, 53.5984686 ], [ 14.597593, 53.5983887 ], [ 14.5983925, 53.5978 ], [ 14.5980369, 53.5969966 ], [ 14.5980369, 53.5966897 ], [ 14.5976551, 53.5963165 ], [ 14.5974609, 53.5953013 ], [ 14.5970141, 53.5944292 ], [ 14.5970384, 53.5941785 ], [ 14.5970729, 53.5938222 ], [ 14.5974138, 53.5933338 ], [ 14.5971654, 53.5929398 ], [ 14.5875013, 53.5946572 ], [ 14.5854437, 53.5950404 ], [ 14.5834466, 53.5954123 ], [ 14.5834691, 53.5958138 ], [ 14.5833158, 53.5961314 ], [ 14.5832391, 53.5962904 ], [ 14.5831534, 53.5964097 ], [ 14.5828195, 53.5968745 ], [ 14.5824153, 53.5973459 ], [ 14.582204, 53.5977094 ], [ 14.5822293, 53.5978811 ], [ 14.5820346, 53.5980008 ], [ 14.5815304, 53.5981066 ], [ 14.5812209, 53.598194 ], [ 14.5811396, 53.5982593 ], [ 14.5810766, 53.5985855 ], [ 14.5810151, 53.5989039 ], [ 14.5810179, 53.5990112 ], [ 14.581116, 53.5993786 ], [ 14.5811192, 53.5996423 ], [ 14.5809887, 53.5997602 ], [ 14.5807344, 53.6000089 ], [ 14.5805578, 53.6002922 ], [ 14.5804847, 53.6003811 ], [ 14.5800314, 53.600482 ], [ 14.5795868, 53.6006539 ], [ 14.5794357, 53.6006845 ], [ 14.5789672, 53.6007881 ], [ 14.5786604, 53.6008323 ], [ 14.5781607, 53.6009687 ], [ 14.57778, 53.6011068 ], [ 14.5776614, 53.6012063 ], [ 14.5774197, 53.6013348 ], [ 14.5770961, 53.6014368 ], [ 14.5768156, 53.6015844 ], [ 14.5766005, 53.6017192 ], [ 14.5764916, 53.601883 ], [ 14.5762698, 53.6020254 ], [ 14.5754268, 53.6024259 ], [ 14.5752823, 53.6025134 ], [ 14.5752418, 53.6026129 ], [ 14.575158, 53.6025906 ], [ 14.5750741, 53.6024208 ], [ 14.5745399, 53.6022815 ], [ 14.5743803, 53.6022835 ], [ 14.5742436, 53.6022228 ], [ 14.5741288, 53.602112 ], [ 14.5738999, 53.6017805 ], [ 14.5736981, 53.6016969 ], [ 14.5734459, 53.6016704 ], [ 14.5729696, 53.6015322 ], [ 14.5728626, 53.6014705 ], [ 14.5727296, 53.601419 ], [ 14.5726322, 53.6013401 ], [ 14.5723943, 53.6012474 ], [ 14.5722555, 53.6011514 ], [ 14.5721861, 53.6010313 ], [ 14.5720705, 53.6009095 ], [ 14.5718169, 53.6005993 ], [ 14.5718066, 53.6004567 ], [ 14.5717897, 53.6002235 ], [ 14.5714994, 53.5999075 ], [ 14.5709353, 53.5997594 ], [ 14.5707785, 53.5991421 ], [ 14.5706969, 53.5990191 ], [ 14.5702769, 53.5989829 ], [ 14.5701087, 53.5990114 ], [ 14.5700343, 53.599031 ], [ 14.5699139, 53.5990627 ], [ 14.5700187, 53.5992341 ], [ 14.5701942, 53.5995147 ], [ 14.5701008, 53.5995702 ], [ 14.5699535, 53.5996929 ], [ 14.5697355, 53.5997651 ], [ 14.5694608, 53.5997601 ], [ 14.5690248, 53.5997113 ], [ 14.5687841, 53.5997449 ], [ 14.5685378, 53.5997332 ], [ 14.56829, 53.5998183 ], [ 14.5682319, 53.5998841 ], [ 14.5681707, 53.6000133 ], [ 14.5680345, 53.6003112 ], [ 14.5682226, 53.6003521 ], [ 14.5690713, 53.6005907 ], [ 14.5692884, 53.6006435 ], [ 14.5696788, 53.6007658 ], [ 14.5702266, 53.6008806 ], [ 14.5704424, 53.6009443 ], [ 14.5705866, 53.6010608 ], [ 14.5705214, 53.6011006 ], [ 14.5703578, 53.6012915 ], [ 14.5704814, 53.6014545 ], [ 14.570557, 53.6018816 ], [ 14.570625, 53.6020735 ], [ 14.5707718, 53.6022142 ], [ 14.5708384, 53.6023904 ], [ 14.5708774, 53.6025724 ], [ 14.5709502, 53.6027156 ], [ 14.5712871, 53.6032152 ], [ 14.5720172, 53.6038377 ], [ 14.57215, 53.6042683 ], [ 14.5721835, 53.6045578 ], [ 14.5721393, 53.6048576 ], [ 14.5720569, 53.6051007 ], [ 14.5719808, 53.6054635 ], [ 14.5720442, 53.6056116 ], [ 14.5721098, 53.605609 ], [ 14.5721403, 53.6056084 ], [ 14.5721445, 53.6056277 ], [ 14.5721481, 53.6056846 ], [ 14.5721461, 53.6057237 ], [ 14.5721566, 53.6057781 ], [ 14.572157, 53.6058 ], [ 14.5720652, 53.6058354 ], [ 14.5718757, 53.6059539 ], [ 14.5717995, 53.6060616 ], [ 14.5716872, 53.6061774 ], [ 14.5712725, 53.6066402 ], [ 14.5710662, 53.6069918 ], [ 14.5701425, 53.6080005 ], [ 14.5693888, 53.6090549 ], [ 14.5691766, 53.6092415 ], [ 14.5691062, 53.6094723 ], [ 14.5690543, 53.6096597 ], [ 14.5689224, 53.6099037 ], [ 14.5686816, 53.610307 ], [ 14.5675025, 53.6114957 ], [ 14.5675487, 53.6116027 ], [ 14.5674297, 53.6116973 ], [ 14.5669949, 53.6120654 ], [ 14.5666115, 53.6124899 ], [ 14.5663979, 53.6127606 ], [ 14.5660948, 53.6130164 ], [ 14.5658115, 53.6132626 ], [ 14.5654717, 53.613467 ], [ 14.5652886, 53.6137669 ], [ 14.5649521, 53.6140083 ], [ 14.56421, 53.614795 ], [ 14.5638059, 53.6150926 ], [ 14.5634021, 53.615513 ], [ 14.5632172, 53.6156058 ], [ 14.5626705, 53.6159165 ], [ 14.5625321, 53.6159926 ], [ 14.5623548, 53.6161275 ], [ 14.5622569, 53.6162178 ], [ 14.5621478, 53.6163569 ], [ 14.5621169, 53.6164531 ], [ 14.5621846, 53.6166252 ], [ 14.5621656, 53.6169169 ], [ 14.5619075, 53.617301 ], [ 14.5615112, 53.6177752 ], [ 14.5613386, 53.6180674 ], [ 14.5611675, 53.6182325 ], [ 14.5609179, 53.6183408 ], [ 14.56088, 53.6187108 ], [ 14.5606224, 53.6189327 ], [ 14.5604293, 53.6190536 ], [ 14.5602276, 53.6193371 ], [ 14.5599593, 53.619588 ], [ 14.559797, 53.6197229 ], [ 14.5596555, 53.6199212 ], [ 14.5594099, 53.6201602 ], [ 14.5593706, 53.6203838 ], [ 14.5594471, 53.6207172 ], [ 14.5593235, 53.6209061 ], [ 14.5590288, 53.6212319 ], [ 14.5586693, 53.621453 ], [ 14.5583356, 53.621767 ], [ 14.5581567, 53.6218341 ], [ 14.5579373, 53.6219285 ], [ 14.5579007, 53.6219348 ], [ 14.5576493, 53.621978 ], [ 14.5575825, 53.6220497 ], [ 14.5576506, 53.6222708 ], [ 14.557473, 53.6225503 ], [ 14.557478, 53.6226953 ], [ 14.5573292, 53.6227856 ], [ 14.5572466, 53.6227554 ], [ 14.5571669, 53.6228778 ], [ 14.5571196, 53.6230242 ], [ 14.5569626, 53.6232255 ], [ 14.5567747, 53.6233721 ], [ 14.556534, 53.6236334 ], [ 14.5564669, 53.6238277 ], [ 14.5563524, 53.623991 ], [ 14.5562732, 53.624234 ], [ 14.5562032, 53.624412 ], [ 14.5562394, 53.6245694 ], [ 14.5560674, 53.6247419 ], [ 14.5560159, 53.6249087 ], [ 14.5559225, 53.625138 ], [ 14.5557476, 53.6255747 ], [ 14.5555754, 53.625815 ], [ 14.5553443, 53.6259778 ], [ 14.5551507, 53.626176 ], [ 14.5549211, 53.6265789 ], [ 14.5548665, 53.6267141 ], [ 14.5547322, 53.6268669 ], [ 14.5546208, 53.6270928 ], [ 14.5542567, 53.6272988 ], [ 14.5539075, 53.6274173 ], [ 14.5536598, 53.6274147 ], [ 14.5532303, 53.6273473 ], [ 14.5532152, 53.6274065 ], [ 14.5532, 53.6274682 ], [ 14.5536006, 53.627502 ], [ 14.5537734, 53.6275234 ], [ 14.5539139, 53.6275408 ], [ 14.5538994, 53.6277599 ], [ 14.553807, 53.6279566 ], [ 14.5535928, 53.62836 ], [ 14.5534801, 53.6285245 ], [ 14.5533769, 53.6286974 ], [ 14.553121, 53.629026 ], [ 14.5529324, 53.6293723 ], [ 14.5523246, 53.6306956 ], [ 14.5520072, 53.6310928 ], [ 14.5517487, 53.6314308 ], [ 14.5514905, 53.6319628 ], [ 14.5510329, 53.6325977 ], [ 14.5509712, 53.6329237 ], [ 14.5507249, 53.6333083 ], [ 14.5504659, 53.6335335 ], [ 14.550133, 53.6341684 ], [ 14.5497819, 53.6349789 ], [ 14.5485255, 53.6365542 ], [ 14.5480585, 53.6370664 ], [ 14.5479394, 53.637407 ], [ 14.5478401, 53.6377015 ], [ 14.5475321, 53.6379287 ], [ 14.5468398, 53.6388671 ], [ 14.5468341, 53.6391688 ], [ 14.546484, 53.6394297 ], [ 14.5464097, 53.6398468 ], [ 14.545964, 53.640115 ], [ 14.5460733, 53.6402682 ], [ 14.5457752, 53.6405764 ], [ 14.5455798, 53.6406216 ], [ 14.5454091, 53.6406332 ], [ 14.5442752, 53.6422066 ], [ 14.5436388, 53.6430975 ], [ 14.543542, 53.6432484 ], [ 14.5434981, 53.6433044 ], [ 14.5435119, 53.6434217 ], [ 14.543503, 53.6435613 ], [ 14.5434346, 53.6437341 ], [ 14.5432871, 53.6441783 ], [ 14.5430048, 53.6448925 ], [ 14.5429442, 53.6450498 ], [ 14.54278, 53.6454034 ], [ 14.5426238, 53.645636 ], [ 14.5424367, 53.6457805 ], [ 14.5422161, 53.6460064 ], [ 14.5420332, 53.6461803 ], [ 14.5419302, 53.6463399 ], [ 14.5418601, 53.6463761 ], [ 14.5417575, 53.646429 ], [ 14.5412324, 53.6467908 ], [ 14.5408237, 53.6470928 ], [ 14.5405398, 53.6472685 ], [ 14.5401347, 53.6475035 ], [ 14.539995, 53.6475876 ], [ 14.539716, 53.6477505 ], [ 14.539019, 53.6480616 ], [ 14.5384388, 53.6482862 ], [ 14.5380754, 53.6483684 ], [ 14.5377583, 53.6484591 ], [ 14.5374166, 53.6485448 ], [ 14.5368316, 53.6486772 ], [ 14.5364201, 53.6487246 ], [ 14.5360232, 53.6486984 ], [ 14.5358778, 53.6487626 ], [ 14.5353842, 53.648971 ], [ 14.5352698, 53.6491159 ], [ 14.5351595, 53.64937 ], [ 14.5349436, 53.6494865 ], [ 14.5346716, 53.649547 ], [ 14.5342264, 53.6496801 ], [ 14.5339984, 53.6498586 ], [ 14.5336976, 53.6500852 ], [ 14.5333118, 53.6503054 ], [ 14.5329528, 53.6505603 ], [ 14.532605, 53.6508547 ], [ 14.5322594, 53.6511048 ], [ 14.5319442, 53.6513732 ], [ 14.5312754, 53.651694 ], [ 14.5310855, 53.6518056 ], [ 14.5310872, 53.6520772 ], [ 14.5310518, 53.6523679 ], [ 14.5309691, 53.6525408 ], [ 14.531016, 53.652712 ], [ 14.5310848, 53.652852 ], [ 14.5311422, 53.652997 ], [ 14.5312401, 53.6531389 ], [ 14.5317505, 53.6535706 ], [ 14.5318827, 53.6537382 ], [ 14.5319498, 53.6538883 ], [ 14.5319229, 53.654002 ], [ 14.5318058, 53.6541501 ], [ 14.5316458, 53.654283 ], [ 14.5315993, 53.6543726 ], [ 14.5315512, 53.6544082 ], [ 14.5312035, 53.6546991 ], [ 14.5310294, 53.6548827 ], [ 14.5307511, 53.6550278 ], [ 14.5305874, 53.6550823 ], [ 14.5305887, 53.6551244 ], [ 14.5305937, 53.6552854 ], [ 14.5299797, 53.6553705 ], [ 14.529843, 53.6554099 ], [ 14.5293877, 53.6554192 ], [ 14.5293414, 53.6554519 ], [ 14.5292556, 53.6555127 ], [ 14.5291061, 53.6556106 ], [ 14.5287542, 53.6557493 ], [ 14.5282617, 53.6559194 ], [ 14.5279613, 53.6560137 ], [ 14.5278804, 53.6560904 ], [ 14.5279484, 53.6561922 ], [ 14.5277244, 53.6562623 ], [ 14.527474, 53.6564033 ], [ 14.5271741, 53.6564141 ], [ 14.5268922, 53.6564596 ], [ 14.526698, 53.6565073 ], [ 14.5266058, 53.6566293 ], [ 14.526511, 53.6566504 ], [ 14.5264429, 53.656704 ], [ 14.5263659, 53.6568054 ], [ 14.5262308, 53.6568727 ], [ 14.5257992, 53.6568353 ], [ 14.5254775, 53.6570725 ], [ 14.5253498, 53.6571435 ], [ 14.5247492, 53.6573889 ], [ 14.5247131, 53.6574336 ], [ 14.5247295, 53.657486 ], [ 14.5244784, 53.6578537 ], [ 14.5242312, 53.6580386 ], [ 14.5241509, 53.6580925 ], [ 14.5240255, 53.6582768 ], [ 14.5236189, 53.6585063 ], [ 14.5235809, 53.6586132 ], [ 14.5234259, 53.658798 ], [ 14.5231424, 53.6589554 ], [ 14.5230454, 53.6592452 ], [ 14.5228711, 53.6589866 ], [ 14.5228116, 53.6588911 ], [ 14.5228362, 53.6588629 ], [ 14.5226701, 53.6586905 ], [ 14.5226504, 53.6586722 ], [ 14.5227156, 53.6586452 ], [ 14.5226981, 53.6586018 ], [ 14.5226396, 53.6586221 ], [ 14.5226175, 53.6585949 ], [ 14.5225908, 53.6585622 ], [ 14.5226612, 53.6585406 ], [ 14.522635, 53.6585074 ], [ 14.5225891, 53.6585185 ], [ 14.5225351, 53.6584688 ], [ 14.5223169, 53.6582679 ], [ 14.5220278, 53.658036 ], [ 14.5221137, 53.6579463 ], [ 14.5220367, 53.6578972 ], [ 14.5218154, 53.6578967 ], [ 14.5216151, 53.6580143 ], [ 14.5217052, 53.6580773 ], [ 14.5214485, 53.6581622 ], [ 14.5212282, 53.6581562 ], [ 14.5211453, 53.6581123 ], [ 14.5208505, 53.6581587 ], [ 14.5199877, 53.6573861 ], [ 14.5196083, 53.6575227 ], [ 14.5202622, 53.6582606 ], [ 14.5196242, 53.6584969 ], [ 14.5189046, 53.657673 ], [ 14.5187113, 53.6577322 ], [ 14.5194284, 53.6585615 ], [ 14.5187814, 53.6587836 ], [ 14.5187173, 53.6587379 ], [ 14.5186959, 53.6587467 ], [ 14.5186662, 53.6587555 ], [ 14.5187066, 53.658809 ], [ 14.5185229, 53.6588715 ], [ 14.518492, 53.6588809 ], [ 14.5188533, 53.6592655 ], [ 14.5201096, 53.6588353 ], [ 14.5209499, 53.6596025 ], [ 14.5209447, 53.6596137 ], [ 14.5201761, 53.6599141 ], [ 14.5200255, 53.6599729 ], [ 14.5192583, 53.6602727 ], [ 14.5183165, 53.6606377 ], [ 14.5174693, 53.6601299 ], [ 14.5173935, 53.6600844 ], [ 14.5161426, 53.6609434 ], [ 14.5157317, 53.6612243 ], [ 14.5155704, 53.6613349 ], [ 14.5155024, 53.661377 ], [ 14.5155095, 53.6613805 ], [ 14.5153107, 53.6614965 ], [ 14.515055, 53.6616486 ], [ 14.5145089, 53.6619735 ], [ 14.5146288, 53.6620447 ], [ 14.5145484, 53.6620927 ], [ 14.5145706, 53.6621066 ], [ 14.5145935, 53.6621209 ], [ 14.5146848, 53.662078 ], [ 14.5152451, 53.6624223 ], [ 14.515255, 53.6624282 ], [ 14.5152135, 53.6624522 ], [ 14.5152396, 53.6624745 ], [ 14.5149349, 53.6626556 ], [ 14.5144949, 53.6628822 ], [ 14.5140597, 53.6630259 ], [ 14.5136892, 53.663151 ], [ 14.5136101, 53.6632205 ], [ 14.5135003, 53.6632108 ], [ 14.5134114, 53.663235 ], [ 14.5131837, 53.6632472 ], [ 14.513022, 53.6632676 ], [ 14.5129209, 53.663309 ], [ 14.5127234, 53.6633817 ], [ 14.5127042, 53.6634293 ], [ 14.5126863, 53.6634874 ], [ 14.5126543, 53.6635915 ], [ 14.5126374, 53.663605 ], [ 14.5126124, 53.663625 ], [ 14.512474, 53.6636697 ], [ 14.5124, 53.6636926 ], [ 14.5121811, 53.6637688 ], [ 14.5121103, 53.6638394 ], [ 14.5120492, 53.6639882 ], [ 14.5118625, 53.6641217 ], [ 14.5116951, 53.6642113 ], [ 14.5115213, 53.6643047 ], [ 14.5113829, 53.6644306 ], [ 14.511267, 53.6644897 ], [ 14.5111898, 53.664545 ], [ 14.5111319, 53.6646347 ], [ 14.511061, 53.6646633 ], [ 14.5109838, 53.6646919 ], [ 14.5108229, 53.664793 ], [ 14.5106973, 53.6648788 ], [ 14.5105976, 53.6649722 ], [ 14.5105675, 53.6650274 ], [ 14.5104809, 53.6651733 ], [ 14.5104624, 53.6653231 ], [ 14.5104463, 53.6653899 ], [ 14.5104042, 53.665483 ], [ 14.5104338, 53.6656507 ], [ 14.5103586, 53.6657169 ], [ 14.5101575, 53.6657364 ], [ 14.510015, 53.6657369 ], [ 14.5098798, 53.665756 ], [ 14.5096384, 53.6658323 ], [ 14.5095064, 53.6658514 ], [ 14.5093262, 53.6658685 ], [ 14.5092425, 53.6658666 ], [ 14.5090686, 53.6659012 ], [ 14.5090026, 53.6658923 ], [ 14.508923, 53.6659146 ], [ 14.5088635, 53.6659341 ], [ 14.5086838, 53.6660249 ], [ 14.5085905, 53.6660925 ], [ 14.5085585, 53.6661173 ], [ 14.5084707, 53.6661355 ], [ 14.5083309, 53.6661891 ], [ 14.5082521, 53.666258 ], [ 14.5080945, 53.6662895 ], [ 14.5079921, 53.666307 ], [ 14.5078542, 53.6663455 ], [ 14.5077026, 53.6663969 ], [ 14.5075273, 53.6664365 ], [ 14.5073953, 53.6664412 ], [ 14.5072889, 53.6664575 ], [ 14.5071933, 53.6664825 ], [ 14.5070723, 53.6665252 ], [ 14.5069666, 53.6665794 ], [ 14.5067493, 53.6666355 ], [ 14.5066797, 53.6666454 ], [ 14.5066044, 53.6666867 ], [ 14.5064875, 53.666718 ], [ 14.5064039, 53.6667329 ], [ 14.5062758, 53.6667279 ], [ 14.5060864, 53.6666913 ], [ 14.5060393, 53.6666837 ], [ 14.5058915, 53.6667166 ], [ 14.5058302, 53.6667199 ], [ 14.5056826, 53.6667183 ], [ 14.5055674, 53.6667474 ], [ 14.5055221, 53.6667171 ], [ 14.5054748, 53.6667719 ], [ 14.5054, 53.6667929 ], [ 14.5053448, 53.6667941 ], [ 14.5051872, 53.6668023 ], [ 14.5050277, 53.6668046 ], [ 14.5048563, 53.6668571 ], [ 14.5046988, 53.6668583 ], [ 14.5045796, 53.6668165 ], [ 14.5043732, 53.6669177 ], [ 14.5043004, 53.6669457 ], [ 14.5041842, 53.6670145 ], [ 14.5040601, 53.6670344 ], [ 14.503743, 53.6671347 ], [ 14.5034396, 53.6672176 ], [ 14.5031619, 53.6672549 ], [ 14.5029019, 53.6673133 ], [ 14.5025868, 53.6673704 ], [ 14.5020294, 53.6674101 ], [ 14.50173, 53.6674638 ], [ 14.5015153, 53.6675046 ], [ 14.5012514, 53.667619 ], [ 14.5009165, 53.6676388 ], [ 14.5007452, 53.6677042 ], [ 14.5007235, 53.6677042 ], [ 14.5005265, 53.6677042 ], [ 14.5003729, 53.6676809 ], [ 14.5001228, 53.6676879 ], [ 14.4998096, 53.6677532 ], [ 14.4996008, 53.6677789 ], [ 14.4995058, 53.6678035 ], [ 14.4994747, 53.6678116 ], [ 14.4993881, 53.6678722 ], [ 14.4992187, 53.6679294 ], [ 14.4990355, 53.6679773 ], [ 14.4988425, 53.6679819 ], [ 14.4986869, 53.6680309 ], [ 14.4985766, 53.6680654 ], [ 14.4985006, 53.6680691 ], [ 14.4984195, 53.6680456 ], [ 14.4980905, 53.6680777 ], [ 14.4979722, 53.6680769 ], [ 14.4978552, 53.6680901 ], [ 14.497702, 53.6680769 ], [ 14.4976351, 53.6680522 ], [ 14.4975404, 53.6680489 ], [ 14.4972485, 53.6680558 ], [ 14.4970535, 53.6680394 ], [ 14.4967316, 53.6681074 ], [ 14.4963175, 53.6680638 ], [ 14.4961029, 53.6680036 ], [ 14.4958416, 53.6680045 ], [ 14.4957734, 53.6679992 ], [ 14.49571, 53.6680094 ], [ 14.4955482, 53.6679835 ], [ 14.4954306, 53.6679286 ], [ 14.4953462, 53.6679067 ], [ 14.4952501, 53.6679019 ], [ 14.4951936, 53.6679025 ], [ 14.4948114, 53.6678665 ], [ 14.4945483, 53.6678288 ], [ 14.4941169, 53.6677871 ], [ 14.4940555, 53.6677894 ], [ 14.4938801, 53.6677882 ], [ 14.4937864, 53.6678046 ], [ 14.4937133, 53.6677808 ], [ 14.4934955, 53.6678977 ], [ 14.4931981, 53.6678912 ], [ 14.4930193, 53.6677864 ], [ 14.4926799, 53.6677701 ], [ 14.4923278, 53.6678177 ], [ 14.4920887, 53.6678826 ], [ 14.4918552, 53.6679323 ], [ 14.491587, 53.6680296 ], [ 14.4913243, 53.6681182 ], [ 14.4908973, 53.6683387 ], [ 14.4905397, 53.6686522 ], [ 14.4903573, 53.6688057 ], [ 14.490142, 53.6689419 ], [ 14.4900033, 53.6689787 ], [ 14.4898427, 53.6689095 ], [ 14.4895617, 53.6687841 ], [ 14.4892808, 53.6687625 ], [ 14.4889961, 53.6687582 ], [ 14.4886239, 53.6688468 ], [ 14.4883174, 53.6689225 ], [ 14.4880802, 53.6690673 ], [ 14.4879634, 53.6691322 ], [ 14.487719, 53.6691603 ], [ 14.4875183, 53.6691646 ], [ 14.4869599, 53.66929 ], [ 14.4866425, 53.6694002 ], [ 14.4865148, 53.6695105 ], [ 14.4863104, 53.6695472 ], [ 14.4859783, 53.6695775 ], [ 14.4855441, 53.6696856 ], [ 14.4851609, 53.6698499 ], [ 14.4848508, 53.6699385 ], [ 14.4844786, 53.6700315 ], [ 14.4836685, 53.6702088 ], [ 14.4834021, 53.6702628 ], [ 14.4829897, 53.6706087 ], [ 14.4828332, 53.6706128 ], [ 14.4825482, 53.6706195 ], [ 14.4821942, 53.6708206 ], [ 14.481822, 53.6709135 ], [ 14.481406, 53.6710605 ], [ 14.4806798, 53.6710735 ], [ 14.480439, 53.6711492 ], [ 14.4795742, 53.671281 ], [ 14.4791509, 53.6714259 ], [ 14.4788006, 53.6714605 ], [ 14.478359, 53.6716356 ], [ 14.4775489, 53.6718258 ], [ 14.4773081, 53.6719036 ], [ 14.4766841, 53.6719771 ], [ 14.4762207, 53.6719447 ], [ 14.4758448, 53.6720268 ], [ 14.4755748, 53.6721414 ], [ 14.4752974, 53.6722819 ], [ 14.4749581, 53.6723641 ], [ 14.4744545, 53.6724311 ], [ 14.4739874, 53.6725111 ], [ 14.4737466, 53.6724916 ], [ 14.4735313, 53.6724938 ], [ 14.4732576, 53.6725932 ], [ 14.471725, 53.6728591 ], [ 14.4709441, 53.6729131 ], [ 14.4706521, 53.6730493 ], [ 14.4704478, 53.6730601 ], [ 14.4699807, 53.6730839 ], [ 14.4691815, 53.6732763 ], [ 14.4679044, 53.6734233 ], [ 14.4672147, 53.6735271 ], [ 14.4666089, 53.6735898 ], [ 14.4663535, 53.6736287 ], [ 14.4660521, 53.6736784 ], [ 14.4659397, 53.6736769 ], [ 14.4658575, 53.6736559 ], [ 14.4656858, 53.6736224 ], [ 14.4655071, 53.6735952 ], [ 14.46499, 53.6735407 ], [ 14.4647126, 53.673551 ], [ 14.4644552, 53.6735644 ], [ 14.4639804, 53.6735732 ], [ 14.463693, 53.6735984 ], [ 14.4635154, 53.6736869 ], [ 14.4634552, 53.6737413 ], [ 14.4634506, 53.6738264 ], [ 14.4634057, 53.6738545 ], [ 14.4632843, 53.6739084 ], [ 14.4632107, 53.673896 ], [ 14.4631682, 53.673893 ], [ 14.4629958, 53.6740085 ], [ 14.4626984, 53.6740855 ], [ 14.4625885, 53.6740706 ], [ 14.4623011, 53.6740573 ], [ 14.4620837, 53.6741343 ], [ 14.4619187, 53.6741565 ], [ 14.4616738, 53.6742202 ], [ 14.4614989, 53.6742276 ], [ 14.4612665, 53.6741935 ], [ 14.4610501, 53.6741518 ], [ 14.4609341, 53.6741284 ], [ 14.4608392, 53.6740914 ], [ 14.4606592, 53.6740751 ], [ 14.4604193, 53.6741476 ], [ 14.4603643, 53.6742187 ], [ 14.4602319, 53.6741994 ], [ 14.460002, 53.6743667 ], [ 14.4598695, 53.6744378 ], [ 14.4594472, 53.674423 ], [ 14.4591123, 53.674423 ], [ 14.458605, 53.6744822 ], [ 14.4584376, 53.6744926 ], [ 14.4580203, 53.6745458 ], [ 14.4577504, 53.6746139 ], [ 14.4575279, 53.674648 ], [ 14.457268, 53.6746406 ], [ 14.4565183, 53.6747161 ], [ 14.4562859, 53.674839 ], [ 14.456116, 53.6749159 ], [ 14.4556887, 53.6748908 ], [ 14.4554338, 53.674984 ], [ 14.4550689, 53.6750048 ], [ 14.4547415, 53.6749426 ], [ 14.4542042, 53.6749367 ], [ 14.4538794, 53.6749441 ], [ 14.453637, 53.674947 ], [ 14.4532271, 53.6749426 ], [ 14.4527623, 53.6750166 ], [ 14.4524974, 53.6750284 ], [ 14.4523825, 53.6750284 ], [ 14.45222, 53.6750728 ], [ 14.452076, 53.6749774 ], [ 14.4519985, 53.6750307 ], [ 14.4517386, 53.674973 ], [ 14.4515512, 53.6749804 ], [ 14.4514063, 53.6750559 ], [ 14.4511614, 53.6750145 ], [ 14.4508915, 53.6750085 ], [ 14.4505316, 53.6750796 ], [ 14.4504017, 53.6750589 ], [ 14.4500868, 53.6750026 ], [ 14.4497819, 53.674973 ], [ 14.4495774, 53.6749748 ], [ 14.449447, 53.674976 ], [ 14.4489922, 53.6749908 ], [ 14.4486176, 53.6750207 ], [ 14.4484389, 53.6752542 ], [ 14.4480192, 53.6753434 ], [ 14.4473047, 53.675442 ], [ 14.4458385, 53.6754437 ], [ 14.445517, 53.6754933 ], [ 14.4448915, 53.6756 ], [ 14.4444525, 53.6756515 ], [ 14.4441805, 53.6756808 ], [ 14.4439127, 53.6757282 ], [ 14.4436507, 53.6758043 ], [ 14.4434612, 53.6758739 ], [ 14.4432071, 53.6759013 ], [ 14.4429636, 53.6759563 ], [ 14.4425343, 53.6759772 ], [ 14.4422812, 53.6759772 ], [ 14.4418294, 53.6759715 ], [ 14.4414097, 53.6759696 ], [ 14.4411527, 53.6759556 ], [ 14.4410782, 53.6760145 ], [ 14.4408855, 53.6760293 ], [ 14.4405526, 53.6760017 ], [ 14.4402592, 53.6759877 ], [ 14.4399641, 53.6759417 ], [ 14.4396565, 53.6759122 ], [ 14.4394856, 53.6759049 ], [ 14.4392495, 53.6759141 ], [ 14.4389793, 53.6759214 ], [ 14.438855, 53.6759288 ], [ 14.4386313, 53.6759546 ], [ 14.438448, 53.6759693 ], [ 14.4383082, 53.6759417 ], [ 14.4379944, 53.6759472 ], [ 14.4377956, 53.6759564 ], [ 14.4375533, 53.6759675 ], [ 14.4373327, 53.6759675 ], [ 14.4371183, 53.675984 ], [ 14.4369009, 53.6760447 ], [ 14.4367176, 53.6761018 ], [ 14.4366306, 53.6761128 ], [ 14.4363168, 53.6761496 ], [ 14.4361646, 53.6761772 ], [ 14.4359999, 53.6762067 ], [ 14.4358291, 53.6762269 ], [ 14.4357017, 53.6762177 ], [ 14.4355526, 53.6761993 ], [ 14.4354345, 53.6761864 ], [ 14.4351829, 53.676203 ], [ 14.4349499, 53.676238 ], [ 14.4347852, 53.6762582 ], [ 14.4343006, 53.6763613 ], [ 14.4340986, 53.6764091 ], [ 14.4338283, 53.6763907 ], [ 14.4335984, 53.6763815 ], [ 14.4335487, 53.6764183 ], [ 14.4334087, 53.6763791 ], [ 14.4332725, 53.6763609 ], [ 14.4330616, 53.676353 ], [ 14.4329367, 53.6763852 ], [ 14.4326944, 53.6763594 ], [ 14.4324334, 53.6762711 ], [ 14.4319705, 53.6762711 ], [ 14.4316599, 53.6763318 ], [ 14.4314393, 53.6763797 ], [ 14.4313181, 53.6763576 ], [ 14.4312156, 53.6764459 ], [ 14.4311109, 53.6763973 ], [ 14.431023, 53.6763843 ], [ 14.4308077, 53.6763687 ], [ 14.4306496, 53.6763739 ], [ 14.4303991, 53.6763947 ], [ 14.4301624, 53.6764275 ], [ 14.4299822, 53.6763613 ], [ 14.4296219, 53.6764165 ], [ 14.4293485, 53.6764606 ], [ 14.4291559, 53.6764846 ], [ 14.4289291, 53.676503 ], [ 14.4287551, 53.6764846 ], [ 14.4285438, 53.676479 ], [ 14.4282829, 53.6764827 ], [ 14.4278262, 53.6765803 ], [ 14.4275197, 53.6765817 ], [ 14.4272514, 53.6766243 ], [ 14.4269832, 53.6766669 ], [ 14.4265141, 53.6765565 ], [ 14.4257181, 53.6765929 ], [ 14.4255273, 53.6765342 ], [ 14.4247464, 53.6766125 ], [ 14.4246305, 53.6766858 ], [ 14.4246482, 53.6767922 ], [ 14.4245387, 53.6768192 ], [ 14.4244205, 53.6768155 ], [ 14.424299, 53.6767184 ], [ 14.4240132, 53.6767166 ], [ 14.4237093, 53.6767881 ], [ 14.4231754, 53.6767295 ], [ 14.4226455, 53.6766772 ], [ 14.4224652, 53.6766797 ], [ 14.4217921, 53.6766888 ], [ 14.4211825, 53.6766656 ], [ 14.42092, 53.6766925 ], [ 14.4207647, 53.6767385 ], [ 14.4206928, 53.6767282 ], [ 14.4205945, 53.676714 ], [ 14.4204297, 53.6767228 ], [ 14.4199781, 53.6768185 ], [ 14.4198284, 53.6768255 ], [ 14.4196858, 53.6768355 ], [ 14.4196039, 53.6768437 ], [ 14.4192335, 53.6768939 ], [ 14.4185516, 53.6770754 ], [ 14.418527, 53.6771854 ], [ 14.4178385, 53.6771021 ], [ 14.41775, 53.6770914 ], [ 14.4174866, 53.6771359 ], [ 14.4172658, 53.6771732 ], [ 14.4169978, 53.6772743 ], [ 14.4168833, 53.6773864 ], [ 14.4165537, 53.6773943 ], [ 14.4162278, 53.6774563 ], [ 14.4153184, 53.6775542 ], [ 14.4152243, 53.6776864 ], [ 14.4147085, 53.677679 ], [ 14.4143851, 53.6776526 ], [ 14.4141186, 53.677666 ], [ 14.4138232, 53.6776808 ], [ 14.4135636, 53.6777374 ], [ 14.4129725, 53.677854 ], [ 14.4115153, 53.6781771 ], [ 14.4110551, 53.6781795 ], [ 14.4108265, 53.6782353 ], [ 14.4107778, 53.678268 ], [ 14.4105612, 53.6782642 ], [ 14.4103511, 53.6782906 ], [ 14.4102318, 53.6783139 ], [ 14.4101844, 53.678343 ], [ 14.4100491, 53.6783689 ], [ 14.4099613, 53.6783711 ], [ 14.4098443, 53.6784101 ], [ 14.4097749, 53.6784101 ], [ 14.4095189, 53.6784794 ], [ 14.4093471, 53.6785552 ], [ 14.4090619, 53.6786754 ], [ 14.4088791, 53.6787739 ], [ 14.4087365, 53.6788605 ], [ 14.4086085, 53.6789179 ], [ 14.4085409, 53.6789049 ], [ 14.4084184, 53.6788638 ], [ 14.4083087, 53.6788313 ], [ 14.4081954, 53.678853 ], [ 14.4080455, 53.6789407 ], [ 14.4079998, 53.679037 ], [ 14.4079943, 53.6790565 ], [ 14.4076762, 53.6791204 ], [ 14.4073855, 53.6792731 ], [ 14.4071643, 53.6793987 ], [ 14.4069669, 53.6794669 ], [ 14.4067731, 53.6795102 ], [ 14.4061607, 53.6796835 ], [ 14.4054075, 53.6798816 ], [ 14.4049725, 53.6800516 ], [ 14.404733, 53.6801772 ], [ 14.4044332, 53.6804533 ], [ 14.4043783, 53.6805605 ], [ 14.4043016, 53.6806742 ], [ 14.4042559, 53.6807175 ], [ 14.4040493, 53.6807164 ], [ 14.4037403, 53.6808041 ], [ 14.4036215, 53.6808745 ], [ 14.403499, 53.6809622 ], [ 14.4032742, 53.6809839 ], [ 14.4032047, 53.6809514 ], [ 14.4030763, 53.6809605 ], [ 14.4030515, 53.6809737 ], [ 14.4029275, 53.6809899 ], [ 14.4027836, 53.6810061 ], [ 14.4027068, 53.6810398 ], [ 14.4026051, 53.6810501 ], [ 14.4024761, 53.681078 ], [ 14.4024265, 53.6810898 ], [ 14.4023967, 53.6811515 ], [ 14.402362, 53.6811721 ], [ 14.4022492, 53.6811716 ], [ 14.4021425, 53.681187 ], [ 14.4020557, 53.6812135 ], [ 14.4020322, 53.6812539 ], [ 14.4020074, 53.6812852 ], [ 14.4019305, 53.6812514 ], [ 14.4017569, 53.6814482 ], [ 14.4014766, 53.6815951 ], [ 14.4011765, 53.6816436 ], [ 14.4010302, 53.6816965 ], [ 14.4008665, 53.6818566 ], [ 14.4005838, 53.6819814 ], [ 14.4003928, 53.6820461 ], [ 14.4002489, 53.6821371 ], [ 14.4000877, 53.6821592 ], [ 14.399924, 53.6821254 ], [ 14.3997628, 53.6821386 ], [ 14.3996388, 53.6821827 ], [ 14.3994826, 53.6823016 ], [ 14.3993363, 53.6823912 ], [ 14.3991552, 53.6824515 ], [ 14.3989295, 53.6824838 ], [ 14.3987832, 53.6825925 ], [ 14.3986865, 53.6826336 ], [ 14.3984756, 53.6827291 ], [ 14.3982475, 53.6828583 ], [ 14.3980218, 53.6829803 ], [ 14.3978928, 53.6830875 ], [ 14.3976448, 53.6832168 ], [ 14.3974166, 53.6832961 ], [ 14.3971637, 53.6833607 ], [ 14.3970173, 53.6834195 ], [ 14.3966503, 53.6835326 ], [ 14.3965064, 53.6835605 ], [ 14.3961195, 53.6836222 ], [ 14.3959831, 53.6836574 ], [ 14.3958293, 53.6837426 ], [ 14.395559, 53.6837441 ], [ 14.3954375, 53.6837206 ], [ 14.3951771, 53.6837823 ], [ 14.3949811, 53.6838998 ], [ 14.3947951, 53.6839585 ], [ 14.3945223, 53.6841788 ], [ 14.3942768, 53.6844844 ], [ 14.394066, 53.6846371 ], [ 14.3938353, 53.6848178 ], [ 14.3936766, 53.6848927 ], [ 14.3934955, 53.6849235 ], [ 14.3935352, 53.6849882 ], [ 14.3934831, 53.6850719 ], [ 14.3930764, 53.6851938 ], [ 14.3929697, 53.6851909 ], [ 14.3927986, 53.685113 ], [ 14.3926597, 53.6852026 ], [ 14.3926027, 53.6852981 ], [ 14.392506, 53.6853642 ], [ 14.3923646, 53.6854288 ], [ 14.3921414, 53.6854934 ], [ 14.3921637, 53.6856256 ], [ 14.3920423, 53.685657 ], [ 14.3918413, 53.685735 ], [ 14.3916823, 53.6858257 ], [ 14.3914567, 53.6857589 ], [ 14.3912087, 53.685944 ], [ 14.3911591, 53.6861114 ], [ 14.3909508, 53.68606 ], [ 14.3907474, 53.6861481 ], [ 14.3905341, 53.6862319 ], [ 14.390296, 53.6862818 ], [ 14.3899488, 53.6864272 ], [ 14.3897033, 53.6865506 ], [ 14.3894627, 53.6866607 ], [ 14.3892941, 53.6867166 ], [ 14.3891353, 53.6867797 ], [ 14.3890312, 53.6868443 ], [ 14.3887608, 53.686978 ], [ 14.3885599, 53.6870779 ], [ 14.3883913, 53.6872409 ], [ 14.3883714, 53.6873099 ], [ 14.3883714, 53.6874142 ], [ 14.3881557, 53.6877182 ], [ 14.3880469, 53.6878576 ], [ 14.3877715, 53.6880373 ], [ 14.3875979, 53.6881869 ], [ 14.3874839, 53.6882388 ], [ 14.3873524, 53.6882897 ], [ 14.3871244, 53.6883842 ], [ 14.3870385, 53.6884621 ], [ 14.3869245, 53.6886459 ], [ 14.3868964, 53.6886947 ], [ 14.3867824, 53.6888204 ], [ 14.3865913, 53.6889232 ], [ 14.3863896, 53.6890239 ], [ 14.3862633, 53.6890976 ], [ 14.3860985, 53.6891952 ], [ 14.385781, 53.6893697 ], [ 14.3856899, 53.6895037 ], [ 14.3856881, 53.6895733 ], [ 14.3856881, 53.6896034 ], [ 14.3856495, 53.6896698 ], [ 14.3855811, 53.6897633 ], [ 14.3854233, 53.6897571 ], [ 14.3852637, 53.6898038 ], [ 14.385148, 53.6898827 ], [ 14.3850901, 53.6900832 ], [ 14.3846078, 53.69035 ], [ 14.38445, 53.6904477 ], [ 14.3842641, 53.690591 ], [ 14.3841869, 53.6906678 ], [ 14.384101, 53.6907727 ], [ 14.3838362, 53.6909399 ], [ 14.3836661, 53.6910406 ], [ 14.3835889, 53.6910977 ], [ 14.3834995, 53.6912691 ], [ 14.3834205, 53.691322 ], [ 14.3831908, 53.6913459 ], [ 14.3830365, 53.6913615 ], [ 14.3829611, 53.6914144 ], [ 14.3828857, 53.6915173 ], [ 14.3828085, 53.6916377 ], [ 14.3827436, 53.691699 ], [ 14.3827832, 53.6917587 ], [ 14.3827454, 53.6918495 ], [ 14.382695, 53.6918582 ], [ 14.3826067, 53.6919789 ], [ 14.3825311, 53.6920212 ], [ 14.3824617, 53.6920481 ], [ 14.3823938, 53.6921017 ], [ 14.382332, 53.6920967 ], [ 14.3822868, 53.6920834 ], [ 14.3822847, 53.6920237 ], [ 14.3821613, 53.6920469 ], [ 14.3819102, 53.6922053 ], [ 14.3817394, 53.692293 ], [ 14.3816633, 53.6923478 ], [ 14.3816057, 53.6923783 ], [ 14.3815316, 53.6924027 ], [ 14.3814754, 53.6924059 ], [ 14.3814188, 53.6924059 ], [ 14.3813694, 53.6924199 ], [ 14.3812323, 53.6924881 ], [ 14.3811849, 53.6925132 ], [ 14.3811632, 53.6925038 ], [ 14.3810398, 53.6925952 ], [ 14.3809636, 53.6926914 ], [ 14.3809554, 53.6927633 ], [ 14.3809492, 53.6927938 ], [ 14.3809307, 53.6928693 ], [ 14.3808998, 53.6929071 ], [ 14.3808484, 53.6929607 ], [ 14.3808134, 53.6930034 ], [ 14.3807599, 53.6930229 ], [ 14.3806857, 53.6929861 ], [ 14.3806126, 53.6929958 ], [ 14.3805559, 53.6930521 ], [ 14.3805011, 53.6930683 ], [ 14.380481, 53.6931019 ], [ 14.3804883, 53.6931349 ], [ 14.3802907, 53.6933092 ], [ 14.380229, 53.6933421 ], [ 14.3801117, 53.6934457 ], [ 14.3799738, 53.6935248 ], [ 14.3797207, 53.6936333 ], [ 14.3790972, 53.6939525 ], [ 14.3789655, 53.6940646 ], [ 14.3789079, 53.6941462 ], [ 14.3790087, 53.6941548 ], [ 14.3789696, 53.694223 ], [ 14.3789243, 53.6942401 ], [ 14.3787988, 53.6942315 ], [ 14.3786939, 53.6943059 ], [ 14.3785622, 53.6944119 ], [ 14.3783996, 53.6945045 ], [ 14.3782926, 53.6945447 ], [ 14.378251, 53.6945175 ], [ 14.3781303, 53.6945554 ], [ 14.3780536, 53.6945954 ], [ 14.3780133, 53.6946333 ], [ 14.3780097, 53.6946864 ], [ 14.3779987, 53.6947264 ], [ 14.3779037, 53.6947405 ], [ 14.3778232, 53.6948455 ], [ 14.3779325, 53.6947962 ], [ 14.3777102, 53.694985 ], [ 14.377525, 53.6952068 ], [ 14.3775086, 53.6952506 ], [ 14.3775744, 53.695303 ], [ 14.3775785, 53.6953944 ], [ 14.377525, 53.6954456 ], [ 14.3773748, 53.6953956 ], [ 14.3772184, 53.6953883 ], [ 14.3769242, 53.6954212 ], [ 14.3766196, 53.6955308 ], [ 14.3764776, 53.6955467 ], [ 14.3762821, 53.6955601 ], [ 14.3760125, 53.6956344 ], [ 14.3758129, 53.6957368 ], [ 14.3756751, 53.6958257 ], [ 14.3754569, 53.6959293 ], [ 14.3751977, 53.6959975 ], [ 14.3748664, 53.6961547 ], [ 14.3745556, 53.6963557 ], [ 14.3743128, 53.6964994 ], [ 14.3739938, 53.6966079 ], [ 14.3738128, 53.6966188 ], [ 14.3734609, 53.6967224 ], [ 14.373181, 53.6968601 ], [ 14.3731049, 53.6969283 ], [ 14.3730781, 53.6970538 ], [ 14.37286, 53.6971768 ], [ 14.3727406, 53.6972304 ], [ 14.3725719, 53.6972743 ], [ 14.3724258, 53.6972719 ], [ 14.3723908, 53.6973377 ], [ 14.3722469, 53.697359 ], [ 14.3719883, 53.6974723 ], [ 14.3715747, 53.6976192 ], [ 14.3712376, 53.6977628 ], [ 14.3708479, 53.6979125 ], [ 14.3708835, 53.6979619 ], [ 14.3708698, 53.6980129 ], [ 14.3708028, 53.6980404 ], [ 14.3707071, 53.6980526 ], [ 14.3704309, 53.6981084 ], [ 14.3701452, 53.6981805 ], [ 14.3700153, 53.6982363 ], [ 14.3699592, 53.6982808 ], [ 14.3698854, 53.6983469 ], [ 14.3697926, 53.6983824 ], [ 14.3696959, 53.6984122 ], [ 14.3696263, 53.6984969 ], [ 14.3694677, 53.6985553 ], [ 14.3693459, 53.6985553 ], [ 14.3692318, 53.6985633 ], [ 14.3682264, 53.6988437 ], [ 14.3679634, 53.6989113 ], [ 14.3677759, 53.6989055 ], [ 14.367598, 53.6989639 ], [ 14.3674336, 53.6990051 ], [ 14.3673389, 53.6990521 ], [ 14.3673099, 53.6990738 ], [ 14.3672575, 53.6990934 ], [ 14.3672117, 53.699178 ], [ 14.3671324, 53.6991764 ], [ 14.3670586, 53.6991586 ], [ 14.3669531, 53.699145 ], [ 14.3667088, 53.6990981 ], [ 14.3666705, 53.6991154 ], [ 14.3666423, 53.6991382 ], [ 14.3670364, 53.6993095 ], [ 14.3669631, 53.6994927 ], [ 14.3669041, 53.6996296 ], [ 14.3668452, 53.6997021 ], [ 14.3667317, 53.6997854 ], [ 14.3666093, 53.6998982 ], [ 14.366514, 53.6999734 ], [ 14.3663915, 53.7000325 ], [ 14.3660512, 53.7001238 ], [ 14.3659151, 53.7002205 ], [ 14.3658108, 53.7003333 ], [ 14.3657019, 53.7004005 ], [ 14.365212, 53.7007308 ], [ 14.3648989, 53.7008946 ], [ 14.3647401, 53.7010638 ], [ 14.3645496, 53.701225 ], [ 14.3644891, 53.7012627 ], [ 14.3644634, 53.7012787 ], [ 14.3644906, 53.7013109 ], [ 14.3644094, 53.7013082 ], [ 14.364344, 53.7013297 ], [ 14.3642767, 53.7013507 ], [ 14.3641897, 53.701378 ], [ 14.3640014, 53.7015338 ], [ 14.363423, 53.7019219 ], [ 14.3628695, 53.7022979 ], [ 14.3626178, 53.7024523 ], [ 14.3625225, 53.7025329 ], [ 14.362248, 53.7027558 ], [ 14.3620053, 53.7029558 ], [ 14.3616492, 53.7031734 ], [ 14.3614564, 53.7032875 ], [ 14.3609006, 53.7036272 ], [ 14.3605989, 53.7039092 ], [ 14.3603675, 53.7040247 ], [ 14.3599524, 53.7042019 ], [ 14.3598659, 53.7042467 ], [ 14.3598436, 53.7042583 ], [ 14.3597354, 53.7042844 ], [ 14.359638, 53.7042955 ], [ 14.3595246, 53.7043291 ], [ 14.359443, 53.7043774 ], [ 14.3593863, 53.7044217 ], [ 14.3593001, 53.7044795 ], [ 14.3592547, 53.7045184 ], [ 14.3592672, 53.7045376 ], [ 14.3592216, 53.7045496 ], [ 14.3591558, 53.7045555 ], [ 14.3590571, 53.7046679 ], [ 14.3589357, 53.7047623 ], [ 14.3588446, 53.7048027 ], [ 14.3587231, 53.7048626 ], [ 14.3585965, 53.7049241 ], [ 14.3585282, 53.7049585 ], [ 14.3584548, 53.7050139 ], [ 14.3584143, 53.7050379 ], [ 14.3583182, 53.7051667 ], [ 14.3582321, 53.7052192 ], [ 14.3579233, 53.7053289 ], [ 14.3578188, 53.7053509 ], [ 14.3577281, 53.7053979 ], [ 14.3576532, 53.7054395 ], [ 14.3575693, 53.7054691 ], [ 14.3575126, 53.7055 ], [ 14.3573616, 53.7055757 ], [ 14.3572173, 53.7056476 ], [ 14.3571808, 53.7056881 ], [ 14.3569617, 53.7058394 ], [ 14.3569238, 53.7059173 ], [ 14.3568605, 53.7059712 ], [ 14.3567137, 53.7060326 ], [ 14.3566175, 53.7060611 ], [ 14.3565239, 53.706091 ], [ 14.356405, 53.7061075 ], [ 14.3562076, 53.7061599 ], [ 14.3558533, 53.7063307 ], [ 14.3545856, 53.7072041 ], [ 14.3545451, 53.7072356 ], [ 14.3545198, 53.7072625 ], [ 14.3544869, 53.707312 ], [ 14.3544742, 53.7073284 ], [ 14.3544767, 53.7073749 ], [ 14.3544793, 53.7074048 ], [ 14.3544767, 53.7074408 ], [ 14.354454, 53.7075606 ], [ 14.3544211, 53.7075966 ], [ 14.3543806, 53.7076085 ], [ 14.3543527, 53.707619 ], [ 14.3543047, 53.7076415 ], [ 14.3542186, 53.7076804 ], [ 14.3541655, 53.7077029 ], [ 14.3540814, 53.70771 ], [ 14.3540814, 53.7077513 ], [ 14.3540369, 53.7077953 ], [ 14.3539366, 53.7077847 ], [ 14.3538006, 53.7078853 ], [ 14.3537022, 53.707933 ], [ 14.353636, 53.7079637 ], [ 14.3534624, 53.7080495 ], [ 14.3533569, 53.7080855 ], [ 14.3532781, 53.7081226 ], [ 14.3532298, 53.7081501 ], [ 14.3532745, 53.7081596 ], [ 14.3532638, 53.7081978 ], [ 14.3532262, 53.7082115 ], [ 14.3531994, 53.7082189 ], [ 14.3531507, 53.708235 ], [ 14.3531026, 53.7082672 ], [ 14.353076, 53.7082889 ], [ 14.3530674, 53.7083183 ], [ 14.3529637, 53.7083557 ], [ 14.3527992, 53.7084082 ], [ 14.3527055, 53.7084681 ], [ 14.3526499, 53.7085175 ], [ 14.3525891, 53.7085819 ], [ 14.3525284, 53.7086523 ], [ 14.3524677, 53.7087272 ], [ 14.3524145, 53.7087886 ], [ 14.3523133, 53.708874 ], [ 14.3522526, 53.708901 ], [ 14.3521564, 53.7089609 ], [ 14.3520703, 53.7090193 ], [ 14.3520147, 53.7090523 ], [ 14.3519286, 53.7090972 ], [ 14.3518299, 53.7091481 ], [ 14.351792, 53.709202 ], [ 14.3517616, 53.709241 ], [ 14.3517654, 53.7092811 ], [ 14.3517312, 53.7092964 ], [ 14.351699, 53.7093282 ], [ 14.3516119, 53.7093377 ], [ 14.3515296, 53.7093896 ], [ 14.3514473, 53.7094457 ], [ 14.3513739, 53.709504 ], [ 14.3513274, 53.7095591 ], [ 14.3513006, 53.7096269 ], [ 14.3512809, 53.7096989 ], [ 14.3512594, 53.7097317 ], [ 14.3512308, 53.7097794 ], [ 14.3511825, 53.7098292 ], [ 14.3510966, 53.7098768 ], [ 14.3510482, 53.7099086 ], [ 14.3510071, 53.7099329 ], [ 14.3509122, 53.7100251 ], [ 14.3508675, 53.7100812 ], [ 14.3508263, 53.7101119 ], [ 14.350753, 53.7101723 ], [ 14.3507154, 53.7101924 ], [ 14.3506653, 53.7102232 ], [ 14.3506241, 53.7102539 ], [ 14.3505722, 53.7103121 ], [ 14.3505221, 53.7103524 ], [ 14.3504613, 53.7103969 ], [ 14.3503808, 53.7104329 ], [ 14.3503271, 53.7104519 ], [ 14.3502358, 53.7104773 ], [ 14.3501535, 53.7105176 ], [ 14.3500855, 53.71056 ], [ 14.3500229, 53.7106034 ], [ 14.3499728, 53.7106352 ], [ 14.3499262, 53.7106701 ], [ 14.349792, 53.7107633 ], [ 14.3497061, 53.7108194 ], [ 14.3496131, 53.7108872 ], [ 14.3495379, 53.7109582 ], [ 14.3494645, 53.7110228 ], [ 14.349384, 53.7110863 ], [ 14.3492534, 53.7111806 ], [ 14.3491729, 53.711224 ], [ 14.3490601, 53.711277 ], [ 14.3489671, 53.7113426 ], [ 14.348883, 53.711402 ], [ 14.3488024, 53.7114581 ], [ 14.3487058, 53.7115058 ], [ 14.3486253, 53.7115608 ], [ 14.3485465, 53.711617 ], [ 14.3484624, 53.7116911 ], [ 14.3483909, 53.7117568 ], [ 14.3483157, 53.7118171 ], [ 14.348203, 53.7119082 ], [ 14.3481314, 53.7119601 ], [ 14.3480419, 53.7120258 ], [ 14.3479596, 53.7120798 ], [ 14.3477932, 53.7121815 ], [ 14.3476554, 53.7122397 ], [ 14.3475892, 53.7122905 ], [ 14.3475905, 53.7123333 ], [ 14.3474543, 53.7124493 ], [ 14.3473202, 53.7125467 ], [ 14.3472316, 53.7126066 ], [ 14.3472088, 53.712686 ], [ 14.3470444, 53.7127714 ], [ 14.3470013, 53.7128433 ], [ 14.3468799, 53.7129421 ], [ 14.3468292, 53.712984 ], [ 14.3467584, 53.7130395 ], [ 14.3467002, 53.7130664 ], [ 14.3465914, 53.7131099 ], [ 14.346523, 53.7131428 ], [ 14.346437, 53.7131802 ], [ 14.3462953, 53.7132417 ], [ 14.3462042, 53.7132776 ], [ 14.3461459, 53.7133135 ], [ 14.3461001, 53.7133576 ], [ 14.3460445, 53.713389 ], [ 14.3460242, 53.7134055 ], [ 14.3459837, 53.7134474 ], [ 14.345966, 53.7134969 ], [ 14.3459732, 53.7135116 ], [ 14.3458669, 53.7135999 ], [ 14.345829, 53.7136374 ], [ 14.3458315, 53.7136988 ], [ 14.3458214, 53.7137377 ], [ 14.3457783, 53.7138845 ], [ 14.3457151, 53.7139654 ], [ 14.3455556, 53.7140672 ], [ 14.3454468, 53.714175 ], [ 14.3452329, 53.7141969 ], [ 14.3451406, 53.714196 ], [ 14.3449888, 53.7142814 ], [ 14.3449635, 53.7143128 ], [ 14.3450444, 53.7143877 ], [ 14.3449913, 53.7144956 ], [ 14.3449078, 53.714533 ], [ 14.3445788, 53.7147981 ], [ 14.3444118, 53.7150392 ], [ 14.3443611, 53.7151036 ], [ 14.344227, 53.715192 ], [ 14.3441637, 53.7152684 ], [ 14.3441308, 53.7153148 ], [ 14.3439436, 53.715505 ], [ 14.3437664, 53.7155829 ], [ 14.3435475, 53.7157162 ], [ 14.3434868, 53.7157551 ], [ 14.3434526, 53.7157723 ], [ 14.343421, 53.7158225 ], [ 14.3433843, 53.7158427 ], [ 14.3433401, 53.715855 ], [ 14.3432864, 53.7159652 ], [ 14.3432721, 53.7160647 ], [ 14.3432614, 53.7161156 ], [ 14.3432148, 53.7162151 ], [ 14.3431826, 53.7163104 ], [ 14.3432256, 53.7164163 ], [ 14.3432292, 53.7164587 ], [ 14.3430967, 53.7165646 ], [ 14.3429965, 53.716645 ], [ 14.3427388, 53.7167975 ], [ 14.3426851, 53.7169161 ], [ 14.3425384, 53.7170019 ], [ 14.3424185, 53.7170676 ], [ 14.3423362, 53.7171544 ], [ 14.3422163, 53.7172762 ], [ 14.3422127, 53.7173651 ], [ 14.3421716, 53.7174372 ], [ 14.3420875, 53.7175314 ], [ 14.3420069, 53.7176352 ], [ 14.3419461, 53.7177167 ], [ 14.3418656, 53.7178194 ], [ 14.341828, 53.7178692 ], [ 14.3417815, 53.7179327 ], [ 14.3417296, 53.7179899 ], [ 14.3416186, 53.718063 ], [ 14.3414719, 53.7181117 ], [ 14.3413516, 53.7181855 ], [ 14.3413161, 53.7182065 ], [ 14.3412137, 53.7182402 ], [ 14.3411719, 53.7182686 ], [ 14.3411706, 53.7182933 ], [ 14.341139, 53.7183088 ], [ 14.3411276, 53.7183143 ], [ 14.3410555, 53.7183607 ], [ 14.3410251, 53.7184027 ], [ 14.3409555, 53.7184888 ], [ 14.3409667, 53.7185096 ], [ 14.3408437, 53.7186245 ], [ 14.3408218, 53.7186665 ], [ 14.3408874, 53.7187829 ], [ 14.3408765, 53.7188427 ], [ 14.3408464, 53.7188718 ], [ 14.3406717, 53.7190214 ], [ 14.3405963, 53.7190958 ], [ 14.340604, 53.7191506 ], [ 14.3405886, 53.7192204 ], [ 14.3405596, 53.7192535 ], [ 14.3405267, 53.7192856 ], [ 14.3404688, 53.7193164 ], [ 14.3404205, 53.7193542 ], [ 14.340376, 53.7193862 ], [ 14.3403297, 53.7194193 ], [ 14.340262, 53.7194936 ], [ 14.3402176, 53.7195462 ], [ 14.3401925, 53.7195737 ], [ 14.3401616, 53.7196011 ], [ 14.3401422, 53.7196606 ], [ 14.3401384, 53.7197177 ], [ 14.3401538, 53.7197646 ], [ 14.3401635, 53.7198229 ], [ 14.34015, 53.719887 ], [ 14.3401268, 53.7199464 ], [ 14.3400901, 53.7200013 ], [ 14.3400553, 53.7200493 ], [ 14.3400437, 53.7200916 ], [ 14.340036, 53.7201499 ], [ 14.3400147, 53.7202231 ], [ 14.3399935, 53.7202437 ], [ 14.3399471, 53.7202768 ], [ 14.3398833, 53.720334 ], [ 14.3398176, 53.7203854 ], [ 14.3397771, 53.7204106 ], [ 14.3397249, 53.7204392 ], [ 14.3396766, 53.7204632 ], [ 14.3396148, 53.7204918 ], [ 14.3395529, 53.7205192 ], [ 14.339493, 53.7205455 ], [ 14.3394215, 53.7205752 ], [ 14.3393887, 53.7205821 ], [ 14.3393327, 53.7206038 ], [ 14.339323, 53.7206484 ], [ 14.3393153, 53.7207204 ], [ 14.3393153, 53.7207993 ], [ 14.3393153, 53.7208736 ], [ 14.3393211, 53.7209788 ], [ 14.339352, 53.7210497 ], [ 14.3393462, 53.7211092 ], [ 14.3393307, 53.7211755 ], [ 14.3393037, 53.7212384 ], [ 14.3392631, 53.7212864 ], [ 14.3392109, 53.7213515 ], [ 14.3391568, 53.721411 ], [ 14.3391027, 53.7214682 ], [ 14.3390583, 53.7215002 ], [ 14.3389733, 53.7215505 ], [ 14.3388825, 53.7215871 ], [ 14.3387743, 53.7216316 ], [ 14.338695, 53.7216739 ], [ 14.3386197, 53.7217391 ], [ 14.3385598, 53.7217986 ], [ 14.3385076, 53.7218957 ], [ 14.3384786, 53.7219598 ], [ 14.33844, 53.7220158 ], [ 14.3383859, 53.722073 ], [ 14.3383047, 53.7221335 ], [ 14.3382217, 53.7221816 ], [ 14.3381193, 53.7222193 ], [ 14.3380053, 53.7222719 ], [ 14.3379299, 53.7222993 ], [ 14.3378642, 53.7223542 ], [ 14.3378391, 53.7224136 ], [ 14.3377618, 53.7225154 ], [ 14.3377038, 53.7225886 ], [ 14.3376633, 53.7226663 ], [ 14.3376227, 53.7227589 ], [ 14.337586, 53.7228469 ], [ 14.3376188, 53.7230322 ], [ 14.3376646, 53.7232079 ], [ 14.3376336, 53.7233223 ], [ 14.3375254, 53.7233634 ], [ 14.3374211, 53.7233954 ], [ 14.337224, 53.7234778 ], [ 14.3371274, 53.7236172 ], [ 14.3370733, 53.7237315 ], [ 14.3369999, 53.7238139 ], [ 14.3368492, 53.723903 ], [ 14.336741, 53.7239716 ], [ 14.3366405, 53.7240402 ], [ 14.3365632, 53.724134 ], [ 14.3365246, 53.7242323 ], [ 14.3364821, 53.724374 ], [ 14.3364241, 53.7245158 ], [ 14.3363739, 53.724621 ], [ 14.3363507, 53.7246781 ], [ 14.3364357, 53.7247833 ], [ 14.3364512, 53.7248885 ], [ 14.3364627, 53.7249822 ], [ 14.3364666, 53.7250828 ], [ 14.3364396, 53.7251949 ], [ 14.33637, 53.7252429 ], [ 14.3361845, 53.725284 ], [ 14.3360763, 53.7253092 ], [ 14.3360183, 53.7253549 ], [ 14.3359874, 53.7253823 ], [ 14.3358638, 53.7255401 ], [ 14.3358367, 53.7256338 ], [ 14.3358213, 53.7257253 ], [ 14.3357942, 53.7258488 ], [ 14.3357633, 53.7258991 ], [ 14.3357324, 53.7260088 ], [ 14.3357594, 53.7260774 ], [ 14.3357942, 53.7261894 ], [ 14.3358483, 53.7262603 ], [ 14.3358908, 53.7263243 ], [ 14.3359295, 53.7263746 ], [ 14.3359758, 53.7264318 ], [ 14.3360183, 53.7264775 ], [ 14.3361034, 53.7265644 ], [ 14.3362328, 53.7266604 ], [ 14.3361903, 53.7267141 ], [ 14.3361517, 53.7267599 ], [ 14.3361169, 53.7268102 ], [ 14.336086, 53.7268616 ], [ 14.3360744, 53.7268982 ], [ 14.3360377, 53.7269302 ], [ 14.3360048, 53.726945 ], [ 14.3359411, 53.7269496 ], [ 14.3358715, 53.7269485 ], [ 14.3358232, 53.726945 ], [ 14.3357594, 53.7269393 ], [ 14.335715, 53.7269348 ], [ 14.335657, 53.7269279 ], [ 14.335516, 53.726961 ], [ 14.3354464, 53.7269896 ], [ 14.3353769, 53.7270388 ], [ 14.335315, 53.7270822 ], [ 14.335259, 53.7271245 ], [ 14.3352126, 53.7271542 ], [ 14.3351798, 53.7271851 ], [ 14.335116, 53.7272571 ], [ 14.3350271, 53.727296 ], [ 14.3349344, 53.727336 ], [ 14.3348784, 53.7273863 ], [ 14.3348301, 53.7274537 ], [ 14.3347798, 53.7275269 ], [ 14.3347431, 53.7275886 ], [ 14.3346155, 53.7277175 ], [ 14.3345601, 53.727807 ], [ 14.3345084, 53.7278485 ], [ 14.3343681, 53.7279381 ], [ 14.3343053, 53.7280124 ], [ 14.3342536, 53.7281369 ], [ 14.3342241, 53.7282177 ], [ 14.3342206, 53.7282581 ], [ 14.3342226, 53.7283381 ], [ 14.3342299, 53.7283544 ], [ 14.3342633, 53.7284289 ], [ 14.3343457, 53.7286017 ], [ 14.3343844, 53.7286651 ], [ 14.3344047, 53.7287372 ], [ 14.3343918, 53.7288016 ], [ 14.3343604, 53.7288682 ], [ 14.334281, 53.728972 ], [ 14.3342312, 53.7290484 ], [ 14.3341924, 53.7290899 ], [ 14.33415, 53.7291424 ], [ 14.3341352, 53.7291566 ], [ 14.3340503, 53.7291904 ], [ 14.3340189, 53.729233 ], [ 14.3339295, 53.7294044 ], [ 14.3339118, 53.7294383 ], [ 14.333886, 53.7295104 ], [ 14.3338765, 53.7295503 ], [ 14.3338674, 53.7295704 ], [ 14.3338452, 53.7296148 ], [ 14.3338178, 53.7296561 ], [ 14.3337655, 53.7296785 ], [ 14.3337107, 53.729711 ], [ 14.3336494, 53.729755 ], [ 14.3335906, 53.7298083 ], [ 14.3335541, 53.7298762 ], [ 14.3335227, 53.7299288 ], [ 14.3335045, 53.7299743 ], [ 14.3335018, 53.7300315 ], [ 14.3335045, 53.7301041 ], [ 14.3335162, 53.7301326 ], [ 14.3335214, 53.7302091 ], [ 14.3335136, 53.73024 ], [ 14.3334469, 53.7302671 ], [ 14.3333751, 53.7303026 ], [ 14.3333007, 53.730359 ], [ 14.3332248, 53.7303912 ], [ 14.3330291, 53.7305681 ], [ 14.3329202, 53.7306598 ], [ 14.3328538, 53.7307265 ], [ 14.3328058, 53.730804 ], [ 14.3327478, 53.7308658 ], [ 14.3325718, 53.7312159 ], [ 14.3325373, 53.7314381 ], [ 14.3325263, 53.7315058 ], [ 14.3324746, 53.7316041 ], [ 14.3324044, 53.7316871 ], [ 14.3323786, 53.7317417 ], [ 14.3323777, 53.7318136 ], [ 14.3324303, 53.7319317 ], [ 14.3324598, 53.7320344 ], [ 14.3324081, 53.7322223 ], [ 14.3324376, 53.732314 ], [ 14.3325004, 53.7323926 ], [ 14.3325143, 53.7325224 ], [ 14.3324099, 53.7325101 ], [ 14.3324191, 53.7325593 ], [ 14.3323247, 53.7326542 ], [ 14.3322833, 53.732779 ], [ 14.3322767, 53.7328553 ], [ 14.3322144, 53.7329511 ], [ 14.3321939, 53.733019 ], [ 14.3321459, 53.7330595 ], [ 14.3320794, 53.733102 ], [ 14.3319705, 53.7331741 ], [ 14.3318745, 53.7332254 ], [ 14.3317896, 53.7332669 ], [ 14.3317231, 53.7332943 ], [ 14.3316714, 53.7333237 ], [ 14.3316031, 53.7333925 ], [ 14.3315238, 53.7334723 ], [ 14.3314702, 53.7335411 ], [ 14.331437, 53.7336732 ], [ 14.3313207, 53.7337518 ], [ 14.3312321, 53.7338086 ], [ 14.3311268, 53.7338676 ], [ 14.3308794, 53.7339397 ], [ 14.3306985, 53.7340314 ], [ 14.3305213, 53.7340609 ], [ 14.3304449, 53.7341145 ], [ 14.3304173, 53.7341475 ], [ 14.3303256, 53.7342033 ], [ 14.3301947, 53.7342145 ], [ 14.3301121, 53.7342124 ], [ 14.32988, 53.7342595 ], [ 14.3297588, 53.7343011 ], [ 14.3297034, 53.7343197 ], [ 14.3294413, 53.7343986 ], [ 14.329341, 53.7344283 ], [ 14.3292294, 53.7344548 ], [ 14.3291496, 53.7344737 ], [ 14.3290628, 53.7345163 ], [ 14.3289982, 53.7345359 ], [ 14.3289059, 53.7345196 ], [ 14.3288486, 53.7345338 ], [ 14.3287194, 53.7345753 ], [ 14.3286603, 53.7346069 ], [ 14.3285865, 53.7346386 ], [ 14.3284813, 53.7346583 ], [ 14.3284, 53.7346681 ], [ 14.3282911, 53.7346987 ], [ 14.3281951, 53.7347423 ], [ 14.3280529, 53.7347904 ], [ 14.3279717, 53.7348253 ], [ 14.3279311, 53.7348406 ], [ 14.3277797, 53.7348887 ], [ 14.3276613, 53.7349293 ], [ 14.3275316, 53.7349625 ], [ 14.3273175, 53.7350174 ], [ 14.3271262, 53.7350765 ], [ 14.3270431, 53.7351158 ], [ 14.3269452, 53.7351497 ], [ 14.3268714, 53.735177 ], [ 14.3267846, 53.7352032 ], [ 14.3267034, 53.7352174 ], [ 14.3266, 53.7352436 ], [ 14.3264763, 53.7352884 ], [ 14.326371, 53.7353391 ], [ 14.3262872, 53.735384 ], [ 14.3262128, 53.7354194 ], [ 14.3260947, 53.7354777 ], [ 14.3260393, 53.7355182 ], [ 14.3259907, 53.7355502 ], [ 14.3259202, 53.735587 ], [ 14.3258364, 53.7356683 ], [ 14.3257795, 53.7357403 ], [ 14.3256803, 53.7357713 ], [ 14.3255802, 53.7357692 ], [ 14.3255252, 53.7357599 ], [ 14.3254156, 53.7357792 ], [ 14.3252929, 53.7358029 ], [ 14.325149, 53.7358238 ], [ 14.3250499, 53.7358448 ], [ 14.3249391, 53.7358824 ], [ 14.3248518, 53.7359187 ], [ 14.3247527, 53.7359522 ], [ 14.3246772, 53.7359787 ], [ 14.3246041, 53.7359996 ], [ 14.3244602, 53.7360415 ], [ 14.3243352, 53.7360973 ], [ 14.324229, 53.7361434 ], [ 14.3239813, 53.7361629 ], [ 14.3238091, 53.7361517 ], [ 14.3237171, 53.7361224 ], [ 14.3236586, 53.7361029 ], [ 14.3236039, 53.7360917 ], [ 14.3234577, 53.7360722 ], [ 14.3233539, 53.7360652 ], [ 14.3232076, 53.7360234 ], [ 14.3230354, 53.7360094 ], [ 14.3229128, 53.736008 ], [ 14.3227759, 53.736022 ], [ 14.322632, 53.7360401 ], [ 14.3225188, 53.7360471 ], [ 14.3224268, 53.7360513 ], [ 14.3222806, 53.7361503 ], [ 14.3222098, 53.7362494 ], [ 14.3221721, 53.7363526 ], [ 14.3221485, 53.7364475 ], [ 14.3221367, 53.7365201 ], [ 14.3221154, 53.7366122 ], [ 14.3220753, 53.736668 ], [ 14.322014, 53.736735 ], [ 14.3219079, 53.7368075 ], [ 14.3218442, 53.7368452 ], [ 14.3217734, 53.7368968 ], [ 14.3217522, 53.7369317 ], [ 14.3217074, 53.7369722 ], [ 14.3216484, 53.7370168 ], [ 14.3215776, 53.7370349 ], [ 14.3215422, 53.7370391 ], [ 14.3214623, 53.7370195 ], [ 14.3214256, 53.73698 ], [ 14.3213939, 53.7369435 ], [ 14.3213188, 53.7369041 ], [ 14.3212821, 53.7368952 ], [ 14.3211947, 53.7368944 ], [ 14.3209652, 53.7368727 ], [ 14.3208239, 53.7368759 ], [ 14.3205944, 53.736902 ], [ 14.3203465, 53.736953 ], [ 14.3201868, 53.7370149 ], [ 14.3201305, 53.7370482 ], [ 14.320098, 53.7370855 ], [ 14.3200195, 53.7371223 ], [ 14.319902, 53.7371342 ], [ 14.3198092, 53.7371246 ], [ 14.3197527, 53.7371461 ], [ 14.3196936, 53.7371788 ], [ 14.3196521, 53.7372164 ], [ 14.3195638, 53.7372264 ], [ 14.3194625, 53.7372249 ], [ 14.3193055, 53.7372095 ], [ 14.3191795, 53.7372187 ], [ 14.3190354, 53.7372525 ], [ 14.3189653, 53.7372648 ], [ 14.3188108, 53.7372847 ], [ 14.3186564, 53.7373262 ], [ 14.3183214, 53.7374637 ], [ 14.3182189, 53.7375358 ], [ 14.3181072, 53.7375942 ], [ 14.3180184, 53.7376444 ], [ 14.3179248, 53.7377063 ], [ 14.3178403, 53.7377606 ], [ 14.3177595, 53.7378192 ], [ 14.3176934, 53.7378539 ], [ 14.3176237, 53.7378811 ], [ 14.3175429, 53.7379148 ], [ 14.3174511, 53.7379234 ], [ 14.3173207, 53.7379387 ], [ 14.31724, 53.7379669 ], [ 14.31715, 53.7379788 ], [ 14.3170564, 53.7380288 ], [ 14.3169737, 53.7380733 ], [ 14.3168764, 53.73812 ], [ 14.3167663, 53.7381993 ], [ 14.316713, 53.7382503 ], [ 14.316702, 53.7383426 ], [ 14.3167589, 53.7383936 ], [ 14.3168324, 53.738423 ], [ 14.3168342, 53.7384534 ], [ 14.3167571, 53.7384686 ], [ 14.316713, 53.7385012 ], [ 14.3166818, 53.7385283 ], [ 14.3166121, 53.7385739 ], [ 14.3165166, 53.7386032 ], [ 14.3164487, 53.7386108 ], [ 14.3163771, 53.7386119 ], [ 14.3163367, 53.7386651 ], [ 14.3162724, 53.7387238 ], [ 14.3161898, 53.7387737 ], [ 14.3161237, 53.7388019 ], [ 14.3160411, 53.7388237 ], [ 14.3159842, 53.7388193 ], [ 14.3159273, 53.7387954 ], [ 14.3158667, 53.738777 ], [ 14.3157675, 53.7387422 ], [ 14.3157216, 53.7387335 ], [ 14.315639, 53.7386879 ], [ 14.3155876, 53.7386912 ], [ 14.3155454, 53.7386575 ], [ 14.3154811, 53.7386249 ], [ 14.3154646, 53.7386195 ], [ 14.3154205, 53.7386065 ], [ 14.3153214, 53.7385859 ], [ 14.3152076, 53.7385859 ], [ 14.3150974, 53.7385902 ], [ 14.3149965, 53.7385891 ], [ 14.3148716, 53.7385913 ], [ 14.3147853, 53.7386054 ], [ 14.3147578, 53.7386608 ], [ 14.3146495, 53.7386467 ], [ 14.3145724, 53.7386847 ], [ 14.3145246, 53.7386988 ], [ 14.3144218, 53.7386749 ], [ 14.3143539, 53.7386467 ], [ 14.3142345, 53.7386532 ], [ 14.3141262, 53.7386684 ], [ 14.3139995, 53.738702 ], [ 14.3138967, 53.7387368 ], [ 14.3138104, 53.7387726 ], [ 14.3137131, 53.7388171 ], [ 14.3136966, 53.7388334 ], [ 14.3136342, 53.7389073 ], [ 14.3136232, 53.7389724 ], [ 14.3136177, 53.7390235 ], [ 14.3135552, 53.7391266 ], [ 14.3135204, 53.7391418 ], [ 14.3133643, 53.739169 ], [ 14.3129971, 53.7392102 ], [ 14.3129678, 53.7392537 ], [ 14.3128796, 53.7392569 ], [ 14.3127952, 53.7392884 ], [ 14.3126795, 53.7392895 ], [ 14.3125253, 53.739308 ], [ 14.3123784, 53.7393329 ], [ 14.3123288, 53.7393568 ], [ 14.3122371, 53.7393872 ], [ 14.3122554, 53.7394546 ], [ 14.3122334, 53.739511 ], [ 14.3122224, 53.739536 ], [ 14.3121471, 53.7395816 ], [ 14.3121508, 53.7396027 ], [ 14.3121692, 53.7396233 ], [ 14.3121379, 53.7396223 ], [ 14.3120792, 53.7396233 ], [ 14.3120453, 53.7396397 ], [ 14.3119233, 53.7396796 ], [ 14.3119181, 53.7395998 ], [ 14.3118791, 53.7395261 ], [ 14.3117623, 53.7394754 ], [ 14.3116143, 53.7394355 ], [ 14.3115624, 53.7394339 ], [ 14.3112897, 53.7394416 ], [ 14.3110742, 53.7394308 ], [ 14.310934, 53.7394416 ], [ 14.3107029, 53.7394462 ], [ 14.3105939, 53.7395798 ], [ 14.3104589, 53.7396443 ], [ 14.3102668, 53.7397211 ], [ 14.3101214, 53.7397457 ], [ 14.3100876, 53.7399161 ], [ 14.3100279, 53.7399914 ], [ 14.3099396, 53.7400528 ], [ 14.3098098, 53.7400804 ], [ 14.3097137, 53.7400605 ], [ 14.3096099, 53.7400159 ], [ 14.3093814, 53.7399606 ], [ 14.3092619, 53.7399453 ], [ 14.3091841, 53.7399345 ], [ 14.309075, 53.7399176 ], [ 14.3088777, 53.7399253 ], [ 14.3087271, 53.7399821 ], [ 14.3085505, 53.7399745 ], [ 14.30847, 53.7399745 ], [ 14.3084207, 53.7399791 ], [ 14.308226, 53.7400159 ], [ 14.3080598, 53.7400942 ], [ 14.3079793, 53.7400942 ], [ 14.3078729, 53.7401526 ], [ 14.3077508, 53.7402217 ], [ 14.3076055, 53.7402539 ], [ 14.3073069, 53.7403476 ], [ 14.3072497, 53.7403829 ], [ 14.3071095, 53.7403814 ], [ 14.3069667, 53.740452 ], [ 14.3069226, 53.7404843 ], [ 14.3069122, 53.7405626 ], [ 14.3067538, 53.7406286 ], [ 14.3066136, 53.7406609 ], [ 14.3064059, 53.7407638 ], [ 14.3062579, 53.7408359 ], [ 14.30618, 53.7409281 ], [ 14.3059334, 53.7409864 ], [ 14.3058295, 53.741034 ], [ 14.3057179, 53.7410985 ], [ 14.3055958, 53.7411784 ], [ 14.3055621, 53.7412091 ], [ 14.3055548, 53.741249 ], [ 14.3054712, 53.7412168 ], [ 14.30537, 53.7412413 ], [ 14.3053751, 53.7413227 ], [ 14.3053362, 53.7414149 ], [ 14.3052349, 53.7414809 ], [ 14.3050999, 53.7415055 ], [ 14.3050324, 53.7414686 ], [ 14.3048117, 53.7415362 ], [ 14.30463, 53.7416068 ], [ 14.3044872, 53.7416452 ], [ 14.3043054, 53.7416836 ], [ 14.3041367, 53.7417005 ], [ 14.3039913, 53.7416897 ], [ 14.3037758, 53.741702 ], [ 14.3036148, 53.7416867 ], [ 14.3034538, 53.7416728 ], [ 14.3033307, 53.7416234 ], [ 14.3031563, 53.7416169 ], [ 14.3030204, 53.7416245 ], [ 14.3027542, 53.7416549 ], [ 14.3026018, 53.7417059 ], [ 14.3022567, 53.7418199 ], [ 14.3020088, 53.7419155 ], [ 14.301783, 53.7420284 ], [ 14.3016361, 53.7421424 ], [ 14.3015809, 53.7422414 ], [ 14.301503, 53.7423228 ], [ 14.3014355, 53.7423919 ], [ 14.3013628, 53.7425162 ], [ 14.3014225, 53.7426775 ], [ 14.3014589, 53.742788 ], [ 14.3015575, 53.7428863 ], [ 14.3016354, 53.7429615 ], [ 14.3015212, 53.7430061 ], [ 14.3014589, 53.7430306 ], [ 14.3013394, 53.7430383 ], [ 14.3012252, 53.7430629 ], [ 14.301091, 53.7431102 ], [ 14.3008924, 53.7430649 ], [ 14.3008054, 53.7430288 ], [ 14.3006743, 53.742995 ], [ 14.3005367, 53.7429397 ], [ 14.300503, 53.7429109 ], [ 14.2993376, 53.7433364 ], [ 14.2987869, 53.7431966 ], [ 14.2987366, 53.7431829 ], [ 14.2986849, 53.7431829 ], [ 14.2986029, 53.7432019 ], [ 14.2985299, 53.7432335 ], [ 14.2984995, 53.7432647 ], [ 14.298144, 53.7434552 ], [ 14.2974972, 53.7435568 ], [ 14.2974631, 53.7433734 ], [ 14.29711, 53.7434279 ], [ 14.2967413, 53.7435011 ], [ 14.2962891, 53.7433359 ], [ 14.2958369, 53.7434075 ], [ 14.2953511, 53.7433155 ], [ 14.2947587, 53.7434721 ], [ 14.2946865, 53.7436157 ], [ 14.2939705, 53.7436502 ], [ 14.2934573, 53.7436381 ], [ 14.293323, 53.7434882 ], [ 14.2932024, 53.7434382 ], [ 14.2927794, 53.7436707 ], [ 14.292835, 53.7437857 ], [ 14.2922469, 53.7438527 ], [ 14.2915533, 53.7435733 ], [ 14.2908486, 53.743628 ], [ 14.2906108, 53.7436824 ], [ 14.290081, 53.7437254 ], [ 14.2898727, 53.7438085 ], [ 14.2892918, 53.7438385 ], [ 14.2887444, 53.7437959 ], [ 14.2884392, 53.7437308 ], [ 14.2880367, 53.7436571 ], [ 14.2875762, 53.7435837 ], [ 14.2867327, 53.7433718 ], [ 14.2860043, 53.7428504 ], [ 14.2858169, 53.7428199 ], [ 14.2853817, 53.7425201 ], [ 14.2852861, 53.7421949 ], [ 14.2850776, 53.7420491 ], [ 14.2853265, 53.7414826 ], [ 14.2855297, 53.7414193 ], [ 14.2856815, 53.7413392 ], [ 14.2863065, 53.7411945 ], [ 14.2878057, 53.7415475 ], [ 14.2884238, 53.7415915 ], [ 14.2890048, 53.7417343 ], [ 14.2893812, 53.741846 ], [ 14.2904325, 53.7419794 ], [ 14.2909723, 53.741986 ], [ 14.2913735, 53.7419655 ], [ 14.2918771, 53.7419071 ], [ 14.2927004, 53.7418379 ], [ 14.2930242, 53.7417734 ], [ 14.2933385, 53.7417257 ], [ 14.293847, 53.7417451 ], [ 14.2942197, 53.7418081 ], [ 14.2950001, 53.7420262 ], [ 14.295477, 53.7419679 ], [ 14.2957124, 53.741853 ], [ 14.2959105, 53.7418167 ], [ 14.2960187, 53.7417181 ], [ 14.2958803, 53.7414442 ], [ 14.2957488, 53.7411285 ], [ 14.2954827, 53.7409573 ], [ 14.2950637, 53.7408326 ], [ 14.2946714, 53.7407732 ], [ 14.2943177, 53.7408872 ], [ 14.2941082, 53.7408599 ], [ 14.2939843, 53.7407862 ], [ 14.2939343, 53.7406906 ], [ 14.2938811, 53.7405277 ], [ 14.2937719, 53.7402805 ], [ 14.2936705, 53.7401136 ], [ 14.2936092, 53.7397807 ], [ 14.2932314, 53.7394068 ], [ 14.2934052, 53.7391134 ], [ 14.2936966, 53.7390598 ], [ 14.294956, 53.7389854 ], [ 14.2954982, 53.7389249 ], [ 14.2959826, 53.738864 ], [ 14.2962694, 53.738834 ], [ 14.2974106, 53.7388746 ], [ 14.2982557, 53.7389694 ], [ 14.2985808, 53.7390346 ], [ 14.2988401, 53.7390475 ], [ 14.299482, 53.738862 ], [ 14.2999194, 53.7385811 ], [ 14.3006044, 53.7382929 ], [ 14.3011852, 53.7381357 ], [ 14.3019205, 53.7380846 ], [ 14.3029328, 53.7376438 ], [ 14.3027623, 53.7369617 ], [ 14.3026541, 53.7365289 ], [ 14.3032521, 53.7364787 ], [ 14.3031981, 53.7362574 ], [ 14.3028684, 53.7362934 ], [ 14.3026114, 53.7362678 ], [ 14.3021352, 53.7362076 ], [ 14.3019346, 53.7360223 ], [ 14.301747, 53.7359883 ], [ 14.3010877, 53.736041 ], [ 14.3007758, 53.7360345 ], [ 14.3003096, 53.7361801 ], [ 14.3001322, 53.7363308 ], [ 14.3001865, 53.7364569 ], [ 14.2999534, 53.7365042 ], [ 14.2997667, 53.7363465 ], [ 14.2997782, 53.7361636 ], [ 14.2996572, 53.7360398 ], [ 14.2994873, 53.7358218 ], [ 14.299591, 53.735636 ], [ 14.2996234, 53.7353989 ], [ 14.2995066, 53.7350531 ], [ 14.2993458, 53.7345232 ], [ 14.2992597, 53.7341606 ], [ 14.2991394, 53.7337366 ], [ 14.2989996, 53.7333643 ], [ 14.2987431, 53.7329651 ], [ 14.2986508, 53.7327776 ], [ 14.2986758, 53.732403 ], [ 14.298709, 53.7321369 ], [ 14.2988366, 53.7318319 ], [ 14.2989585, 53.7314035 ], [ 14.2990456, 53.731275 ], [ 14.2995616, 53.7310269 ], [ 14.2998787, 53.7308414 ], [ 14.3001221, 53.7306531 ], [ 14.3003739, 53.7304629 ], [ 14.3006542, 53.7303418 ], [ 14.3008062, 53.7302828 ], [ 14.301182, 53.7301659 ], [ 14.3014728, 53.7301137 ], [ 14.3018193, 53.7301028 ], [ 14.3020782, 53.7300494 ], [ 14.3022277, 53.7299058 ], [ 14.3023616, 53.7296971 ], [ 14.3025258, 53.7296203 ], [ 14.3025856, 53.7294935 ], [ 14.302516, 53.7293882 ], [ 14.3023793, 53.7292968 ], [ 14.3018061, 53.7291828 ], [ 14.3011836, 53.7290717 ], [ 14.3006363, 53.7289064 ], [ 14.3004484, 53.7288155 ], [ 14.3002637, 53.7288513 ], [ 14.3000954, 53.7287847 ], [ 14.300017, 53.7286976 ], [ 14.3000162, 53.7286354 ], [ 14.3003897, 53.7283985 ], [ 14.3006646, 53.7281841 ], [ 14.3013143, 53.7279165 ], [ 14.3017015, 53.7278547 ], [ 14.3021198, 53.7277551 ], [ 14.3023863, 53.7276722 ], [ 14.3026814, 53.7275655 ], [ 14.3026849, 53.7275461 ], [ 14.3027288, 53.7274737 ], [ 14.3028894, 53.7272878 ], [ 14.3030049, 53.7270991 ], [ 14.3032729, 53.726663 ], [ 14.3032973, 53.7264965 ], [ 14.303235, 53.7262731 ], [ 14.3031491, 53.7262216 ], [ 14.3029176, 53.7262027 ], [ 14.3022254, 53.7261818 ], [ 14.3016211, 53.7260734 ], [ 14.3008695, 53.7258244 ], [ 14.3005354, 53.7257583 ], [ 14.3002767, 53.7257146 ], [ 14.2999964, 53.7257111 ], [ 14.2997835, 53.7257191 ], [ 14.299631, 53.7257287 ], [ 14.2993745, 53.7257656 ], [ 14.2987622, 53.7258217 ], [ 14.2982839, 53.7259119 ], [ 14.2976882, 53.7261545 ], [ 14.2976124, 53.7262235 ], [ 14.2972856, 53.7265209 ], [ 14.296695, 53.7268104 ], [ 14.2960506, 53.7269172 ], [ 14.2958099, 53.7268992 ], [ 14.2953355, 53.7266638 ], [ 14.2950836, 53.7264929 ], [ 14.2948826, 53.7264027 ], [ 14.2947575, 53.7263686 ], [ 14.2945776, 53.7263685 ], [ 14.2935678, 53.7264191 ], [ 14.2933021, 53.7263904 ], [ 14.2930342, 53.7263316 ], [ 14.2928561, 53.726214 ], [ 14.29229, 53.7257875 ], [ 14.2916387, 53.7252694 ], [ 14.2911416, 53.7251696 ], [ 14.2900886, 53.7249408 ], [ 14.2898444, 53.7247673 ], [ 14.2882007, 53.7250421 ], [ 14.2882034, 53.7250508 ], [ 14.2872715, 53.7252069 ], [ 14.2872554, 53.7252095 ], [ 14.2872484, 53.7252083 ], [ 14.2872435, 53.7252057 ], [ 14.2872391, 53.7251988 ], [ 14.2872566, 53.7251933 ], [ 14.2872154, 53.7251401 ], [ 14.2871967, 53.7251457 ], [ 14.2871869, 53.7251328 ], [ 14.2870455, 53.7251741 ], [ 14.2869043, 53.7251422 ], [ 14.2866688, 53.7251065 ], [ 14.2862395, 53.7250761 ], [ 14.2859352, 53.7251173 ], [ 14.2857487, 53.7251606 ], [ 14.285489, 53.7251899 ], [ 14.2846149, 53.72531 ], [ 14.2843767, 53.7253805 ], [ 14.2844624, 53.7254552 ], [ 14.2837071, 53.7257802 ], [ 14.2836039, 53.7256922 ], [ 14.2833976, 53.7257749 ], [ 14.2833567, 53.7257438 ], [ 14.2833118, 53.7257664 ], [ 14.2833459, 53.7257944 ], [ 14.2828376, 53.7260055 ], [ 14.2826429, 53.7260539 ], [ 14.2824473, 53.7261025 ], [ 14.2822511, 53.7261513 ], [ 14.2820841, 53.7261956 ], [ 14.2819914, 53.7266893 ], [ 14.2819657, 53.7266876 ], [ 14.2817497, 53.7266735 ], [ 14.281772, 53.7265576 ], [ 14.2817777, 53.7265281 ], [ 14.281847, 53.7261676 ], [ 14.2811811, 53.7262844 ], [ 14.2811776, 53.7262761 ], [ 14.2797365, 53.726529 ], [ 14.2787882, 53.726692 ], [ 14.2787348, 53.7267021 ], [ 14.2785788, 53.7267404 ], [ 14.2784167, 53.726856 ], [ 14.2781726, 53.7269361 ], [ 14.2779149, 53.7270221 ], [ 14.2776197, 53.7270127 ], [ 14.2773599, 53.7269522 ], [ 14.2771905, 53.7268495 ], [ 14.2770149, 53.7266945 ], [ 14.2715366, 53.728554 ], [ 14.2721806, 53.7326471 ], [ 14.2729972, 53.7378361 ], [ 14.2726465, 53.7385917 ], [ 14.2724029, 53.7390738 ], [ 14.2715361, 53.7406611 ], [ 14.2731001, 53.7435428 ], [ 14.2735389, 53.74435 ], [ 14.2669556, 53.7534889 ], [ 14.2835972, 53.7722972 ], [ 14.2739389, 53.7852194 ], [ 14.2704936, 53.7898119 ], [ 14.2138561, 53.8654195 ], [ 14.2139441, 53.8654312 ] ], [ [ 14.3347281, 53.7291486 ], [ 14.3346764, 53.7292163 ], [ 14.3345213, 53.729236 ], [ 14.3344253, 53.7292251 ], [ 14.3343256, 53.7291945 ], [ 14.3341754, 53.7291598 ], [ 14.3341902, 53.7291456 ], [ 14.3342326, 53.7290931 ], [ 14.3342714, 53.7290516 ], [ 14.3343212, 53.7289752 ], [ 14.3344006, 53.7288714 ], [ 14.334432, 53.7288048 ], [ 14.3344449, 53.7287404 ], [ 14.3344246, 53.7286683 ], [ 14.3343859, 53.7286049 ], [ 14.3343035, 53.7284321 ], [ 14.3342701, 53.7283576 ], [ 14.3342608, 53.7282613 ], [ 14.3342643, 53.7282209 ], [ 14.3342938, 53.7281401 ], [ 14.3343455, 53.7280156 ], [ 14.3344083, 53.7279413 ], [ 14.3345486, 53.7278517 ], [ 14.3346003, 53.7278102 ], [ 14.3346557, 53.7277207 ], [ 14.3347833, 53.7275918 ], [ 14.33482, 53.7275301 ], [ 14.3348703, 53.7274569 ], [ 14.3349186, 53.7273895 ], [ 14.3349746, 53.7273392 ], [ 14.3350673, 53.7272992 ], [ 14.3351562, 53.7272603 ], [ 14.33522, 53.7271883 ], [ 14.3352528, 53.7271574 ], [ 14.3352992, 53.7271277 ], [ 14.3353552, 53.7270854 ], [ 14.3354171, 53.727042 ], [ 14.3354866, 53.7269928 ], [ 14.3355562, 53.7269642 ], [ 14.3356634, 53.7269317 ], [ 14.3357544, 53.7269407 ], [ 14.3358, 53.7269445 ], [ 14.3358613, 53.7269497 ], [ 14.3359117, 53.7269517 ], [ 14.3359813, 53.7269528 ], [ 14.336045, 53.7269482 ], [ 14.3360779, 53.7269334 ], [ 14.3361146, 53.7269014 ], [ 14.3361262, 53.7268648 ], [ 14.3361571, 53.7268134 ], [ 14.3361919, 53.7267631 ], [ 14.3362305, 53.7267173 ], [ 14.336273, 53.7266636 ], [ 14.3361436, 53.7265676 ], [ 14.3360585, 53.7264807 ], [ 14.336016, 53.726435 ], [ 14.3359697, 53.7263778 ], [ 14.335931, 53.7263275 ], [ 14.3358885, 53.7262635 ], [ 14.3358344, 53.7261926 ], [ 14.3357996, 53.7260806 ], [ 14.3357726, 53.726012 ], [ 14.3358035, 53.7259023 ], [ 14.3358344, 53.725852 ], [ 14.3358615, 53.7257285 ], [ 14.3358769, 53.725637 ], [ 14.335904, 53.7255433 ], [ 14.3360276, 53.7253855 ], [ 14.3360585, 53.7253581 ], [ 14.3361165, 53.7253124 ], [ 14.3362247, 53.7252872 ], [ 14.3364102, 53.7252461 ], [ 14.3364798, 53.7251981 ], [ 14.3365068, 53.725086 ], [ 14.3365029, 53.7249854 ], [ 14.3364914, 53.7248917 ], [ 14.3364759, 53.7247865 ], [ 14.3363909, 53.7246813 ], [ 14.3364141, 53.7246242 ], [ 14.3364643, 53.724519 ], [ 14.3365223, 53.7243772 ], [ 14.3365648, 53.7242355 ], [ 14.3366034, 53.7241372 ], [ 14.3366807, 53.7240434 ], [ 14.3367812, 53.7239748 ], [ 14.3368894, 53.7239062 ], [ 14.3370401, 53.7238171 ], [ 14.3371135, 53.7237347 ], [ 14.3371676, 53.7236204 ], [ 14.3372642, 53.723481 ], [ 14.3374613, 53.7233986 ], [ 14.3375656, 53.7233666 ], [ 14.3376738, 53.7233255 ], [ 14.3377048, 53.7232111 ], [ 14.337659, 53.7230354 ], [ 14.3376262, 53.7228501 ], [ 14.3376629, 53.7227621 ], [ 14.3377035, 53.7226695 ], [ 14.337744, 53.7225918 ], [ 14.337802, 53.7225186 ], [ 14.3378793, 53.7224168 ], [ 14.3379044, 53.7223574 ], [ 14.3379701, 53.7223025 ], [ 14.3380455, 53.7222751 ], [ 14.3381595, 53.7222225 ], [ 14.3382619, 53.7221848 ], [ 14.3383449, 53.7221367 ], [ 14.3384261, 53.7220762 ], [ 14.3384802, 53.722019 ], [ 14.3385188, 53.721963 ], [ 14.3385478, 53.7218989 ], [ 14.3386, 53.7218018 ], [ 14.3386599, 53.7217423 ], [ 14.3387352, 53.7216771 ], [ 14.3388145, 53.7216348 ], [ 14.3389227, 53.7215903 ], [ 14.3390135, 53.7215537 ], [ 14.3390985, 53.7215034 ], [ 14.3391429, 53.7214714 ], [ 14.339197, 53.7214142 ], [ 14.3392511, 53.7213547 ], [ 14.3393033, 53.7212896 ], [ 14.3393439, 53.7212416 ], [ 14.3393709, 53.7211787 ], [ 14.3393864, 53.7211124 ], [ 14.3393922, 53.7210529 ], [ 14.3393613, 53.720982 ], [ 14.3393555, 53.7208768 ], [ 14.3393555, 53.7208025 ], [ 14.3393555, 53.7207236 ], [ 14.3393632, 53.7206516 ], [ 14.3393729, 53.720607 ], [ 14.3394289, 53.7205853 ], [ 14.3394617, 53.7205784 ], [ 14.3395332, 53.7205487 ], [ 14.3395931, 53.7205224 ], [ 14.339655, 53.720495 ], [ 14.3397168, 53.7204664 ], [ 14.3397651, 53.7204424 ], [ 14.3398173, 53.7204138 ], [ 14.3398578, 53.7203886 ], [ 14.3399235, 53.7203372 ], [ 14.3399873, 53.72028 ], [ 14.3400337, 53.7202469 ], [ 14.3400549, 53.7202263 ], [ 14.3400762, 53.7201531 ], [ 14.3400839, 53.7200948 ], [ 14.3400955, 53.7200525 ], [ 14.3401303, 53.7200045 ], [ 14.340167, 53.7199496 ], [ 14.3401902, 53.7198902 ], [ 14.3402037, 53.7198261 ], [ 14.340194, 53.7197678 ], [ 14.3401786, 53.7197209 ], [ 14.3401824, 53.7196638 ], [ 14.3402018, 53.7196043 ], [ 14.3402327, 53.7195769 ], [ 14.3402578, 53.7195494 ], [ 14.3403022, 53.7194968 ], [ 14.3403699, 53.7194225 ], [ 14.3404162, 53.7193894 ], [ 14.3404607, 53.7193574 ], [ 14.340509, 53.7193196 ], [ 14.3405669, 53.7192888 ], [ 14.3405998, 53.7192567 ], [ 14.3406288, 53.7192236 ], [ 14.3406442, 53.7191538 ], [ 14.3406365, 53.719099 ], [ 14.3407119, 53.7190246 ], [ 14.3408866, 53.718875 ], [ 14.3409167, 53.7188459 ], [ 14.3409276, 53.7187861 ], [ 14.340862, 53.7186697 ], [ 14.3408839, 53.7186277 ], [ 14.3410069, 53.7185128 ], [ 14.3412255, 53.7185193 ], [ 14.3413102, 53.7186244 ], [ 14.3413812, 53.7187263 ], [ 14.3414222, 53.7188265 ], [ 14.3413621, 53.7189236 ], [ 14.341291, 53.7190076 ], [ 14.3412637, 53.7190836 ], [ 14.3411599, 53.7191079 ], [ 14.3409959, 53.7190885 ], [ 14.3409577, 53.7190998 ], [ 14.3410533, 53.7191742 ], [ 14.3411189, 53.7192712 ], [ 14.3410287, 53.7193553 ], [ 14.3408894, 53.7194103 ], [ 14.3408511, 53.7194183 ], [ 14.3407527, 53.719483 ], [ 14.3406571, 53.7195428 ], [ 14.3405341, 53.7196011 ], [ 14.3406052, 53.7196609 ], [ 14.3406653, 53.7197126 ], [ 14.3407418, 53.7198064 ], [ 14.3407855, 53.7198986 ], [ 14.3407801, 53.7199535 ], [ 14.3407609, 53.720015 ], [ 14.3407281, 53.7201573 ], [ 14.3406954, 53.7201848 ], [ 14.3405833, 53.7201848 ], [ 14.3405806, 53.7202236 ], [ 14.3405177, 53.7202559 ], [ 14.3404084, 53.7202656 ], [ 14.3404194, 53.7203076 ], [ 14.340485, 53.7203594 ], [ 14.3406352, 53.7203804 ], [ 14.3405505, 53.7204386 ], [ 14.3404166, 53.7204807 ], [ 14.3402882, 53.7205162 ], [ 14.3402062, 53.7205647 ], [ 14.3400696, 53.7205971 ], [ 14.3399303, 53.7206116 ], [ 14.3397991, 53.7206294 ], [ 14.3397417, 53.7206682 ], [ 14.3397499, 53.7207474 ], [ 14.3397526, 53.7208089 ], [ 14.3397554, 53.7209253 ], [ 14.3398264, 53.7209722 ], [ 14.3399084, 53.7210385 ], [ 14.3400177, 53.7210999 ], [ 14.3400915, 53.7211403 ], [ 14.3401133, 53.7212099 ], [ 14.3400969, 53.7212923 ], [ 14.3400751, 53.7213619 ], [ 14.3400286, 53.7214459 ], [ 14.3400068, 53.7215203 ], [ 14.3399712, 53.7216335 ], [ 14.3399111, 53.7217127 ], [ 14.3398292, 53.7217839 ], [ 14.3396652, 53.7218097 ], [ 14.3395368, 53.7218081 ], [ 14.3392772, 53.7217596 ], [ 14.3391406, 53.7217531 ], [ 14.3390203, 53.721758 ], [ 14.3389684, 53.7218113 ], [ 14.3389466, 53.7218679 ], [ 14.3389793, 53.7219003 ], [ 14.3390968, 53.7219245 ], [ 14.3391897, 53.721952 ], [ 14.3392772, 53.7220167 ], [ 14.3393455, 53.7220894 ], [ 14.3393045, 53.7221703 ], [ 14.3392417, 53.7222333 ], [ 14.3391706, 53.7222899 ], [ 14.3390886, 53.7223433 ], [ 14.3389985, 53.7223691 ], [ 14.3388509, 53.7223675 ], [ 14.3386952, 53.722353 ], [ 14.3385312, 53.7223691 ], [ 14.338482, 53.7224193 ], [ 14.3385558, 53.7224678 ], [ 14.3386432, 53.7225712 ], [ 14.3386678, 53.7226521 ], [ 14.3386296, 53.7227394 ], [ 14.3385285, 53.7228316 ], [ 14.3383645, 53.7228105 ], [ 14.3382361, 53.7228316 ], [ 14.3383017, 53.7229237 ], [ 14.338217, 53.7230078 ], [ 14.3383181, 53.723066 ], [ 14.3384328, 53.7231565 ], [ 14.338523, 53.7232519 ], [ 14.3384219, 53.7232762 ], [ 14.3381896, 53.7232616 ], [ 14.3380503, 53.7232778 ], [ 14.3380448, 53.7233877 ], [ 14.3378918, 53.7234298 ], [ 14.3377442, 53.7235429 ], [ 14.3375639, 53.7236141 ], [ 14.3375229, 53.7237095 ], [ 14.337471, 53.7237725 ], [ 14.3373644, 53.7238388 ], [ 14.3371513, 53.7239876 ], [ 14.3369764, 53.724104 ], [ 14.3369928, 53.7241751 ], [ 14.3370283, 53.7242818 ], [ 14.3370092, 53.7243626 ], [ 14.3370037, 53.7244677 ], [ 14.3369819, 53.7245728 ], [ 14.3369764, 53.7246698 ], [ 14.337042, 53.724707 ], [ 14.3371513, 53.724728 ], [ 14.337277, 53.7247555 ], [ 14.3373426, 53.7248056 ], [ 14.3373945, 53.7249042 ], [ 14.3374218, 53.7249899 ], [ 14.3374163, 53.7250675 ], [ 14.3373016, 53.7251468 ], [ 14.3372524, 53.7251953 ], [ 14.3371294, 53.7252615 ], [ 14.3370365, 53.7252696 ], [ 14.3368507, 53.7252826 ], [ 14.3367168, 53.7253133 ], [ 14.3366622, 53.7253925 ], [ 14.336695, 53.7254911 ], [ 14.3366266, 53.7255234 ], [ 14.3365037, 53.7255299 ], [ 14.3364381, 53.7255477 ], [ 14.3364217, 53.725614 ], [ 14.33649, 53.7256576 ], [ 14.3365693, 53.7256867 ], [ 14.3366786, 53.7257013 ], [ 14.3367605, 53.7257482 ], [ 14.3367523, 53.7258048 ], [ 14.3367223, 53.725884 ], [ 14.336643, 53.725981 ], [ 14.3365966, 53.7259955 ], [ 14.3364846, 53.725968 ], [ 14.3363725, 53.7259745 ], [ 14.3362523, 53.726002 ], [ 14.3362824, 53.7260747 ], [ 14.3363749, 53.7261537 ], [ 14.3364155, 53.7262367 ], [ 14.3364598, 53.7263197 ], [ 14.3365225, 53.7264377 ], [ 14.3366112, 53.7264792 ], [ 14.3367146, 53.7265119 ], [ 14.3367847, 53.7265622 ], [ 14.3368438, 53.726643 ], [ 14.3367995, 53.7267151 ], [ 14.336685, 53.7267173 ], [ 14.3365484, 53.7266867 ], [ 14.3365041, 53.7266845 ], [ 14.3363675, 53.7267544 ], [ 14.3363342, 53.7267741 ], [ 14.3362789, 53.7268331 ], [ 14.3362604, 53.7268921 ], [ 14.3362936, 53.7270406 ], [ 14.3363342, 53.7270537 ], [ 14.3364413, 53.727128 ], [ 14.3365041, 53.7271782 ], [ 14.3364893, 53.7272525 ], [ 14.3363527, 53.7272394 ], [ 14.3361792, 53.7272066 ], [ 14.3361275, 53.7272481 ], [ 14.3361164, 53.7273311 ], [ 14.3359465, 53.7273595 ], [ 14.3358358, 53.7273705 ], [ 14.335677, 53.7273726 ], [ 14.3355588, 53.7273967 ], [ 14.3354296, 53.7274491 ], [ 14.3353595, 53.7275496 ], [ 14.3353964, 53.7276086 ], [ 14.3354961, 53.7276457 ], [ 14.3355588, 53.7276675 ], [ 14.3355625, 53.7277375 ], [ 14.3355035, 53.7277921 ], [ 14.3353558, 53.7278642 ], [ 14.3352413, 53.7279319 ], [ 14.3351675, 53.7279406 ], [ 14.3350752, 53.7279384 ], [ 14.3350013, 53.7279428 ], [ 14.3348979, 53.7279559 ], [ 14.334765, 53.7279493 ], [ 14.334621, 53.727969 ], [ 14.3345471, 53.7279887 ], [ 14.3345139, 53.7280345 ], [ 14.3345435, 53.7281001 ], [ 14.3346062, 53.7282137 ], [ 14.3346395, 53.7282989 ], [ 14.3346616, 53.7283644 ], [ 14.3347465, 53.728443 ], [ 14.3348758, 53.728502 ], [ 14.3349053, 53.7285282 ], [ 14.3350087, 53.7286112 ], [ 14.3351121, 53.7286593 ], [ 14.3351638, 53.7287205 ], [ 14.3351342, 53.7288056 ], [ 14.3351158, 53.7288777 ], [ 14.3350161, 53.7289651 ], [ 14.334909, 53.729011 ], [ 14.3347871, 53.7289891 ], [ 14.3346025, 53.7289913 ], [ 14.3345804, 53.7290372 ], [ 14.3346395, 53.7291115 ], [ 14.3347281, 53.7291486 ] ], [ [ 14.2852371, 53.7253872 ], [ 14.2851262, 53.7253817 ], [ 14.2849352, 53.7254273 ], [ 14.2848674, 53.7254765 ], [ 14.2847349, 53.725502 ], [ 14.2845965, 53.7254869 ], [ 14.2845108, 53.7254122 ], [ 14.284749, 53.7253417 ], [ 14.2856231, 53.7252216 ], [ 14.2858828, 53.7251923 ], [ 14.2860693, 53.725149 ], [ 14.2863736, 53.7251078 ], [ 14.2868029, 53.7251382 ], [ 14.2867253, 53.7251921 ], [ 14.2863894, 53.7252067 ], [ 14.2863155, 53.7252468 ], [ 14.2862046, 53.7253343 ], [ 14.2861152, 53.7253653 ], [ 14.2859242, 53.7254346 ], [ 14.2856592, 53.7254364 ], [ 14.2855113, 53.7253872 ], [ 14.2852371, 53.7253872 ] ], [ [ 14.2999588, 53.7257413 ], [ 14.3002391, 53.7257448 ], [ 14.3004978, 53.7257885 ], [ 14.3008319, 53.7258546 ], [ 14.3015835, 53.7261036 ], [ 14.3021878, 53.726212 ], [ 14.30288, 53.7262329 ], [ 14.3027191, 53.7262959 ], [ 14.3026698, 53.7263524 ], [ 14.3025897, 53.7263998 ], [ 14.3024048, 53.7264199 ], [ 14.3022816, 53.7263853 ], [ 14.3022354, 53.7263506 ], [ 14.3021029, 53.726347 ], [ 14.3020228, 53.7263907 ], [ 14.3018595, 53.72646 ], [ 14.3017208, 53.7265165 ], [ 14.3016099, 53.7265457 ], [ 14.3014867, 53.7265457 ], [ 14.3014096, 53.7265092 ], [ 14.301576, 53.7264472 ], [ 14.3016469, 53.7264053 ], [ 14.3016777, 53.7263543 ], [ 14.3016746, 53.7263105 ], [ 14.3015914, 53.7262941 ], [ 14.3014528, 53.7262959 ], [ 14.3013819, 53.7263233 ], [ 14.3012987, 53.7263287 ], [ 14.3012587, 53.7263069 ], [ 14.3012371, 53.7262777 ], [ 14.3011786, 53.7262522 ], [ 14.3010984, 53.7261939 ], [ 14.3011108, 53.7261665 ], [ 14.30112, 53.7261392 ], [ 14.3010553, 53.7261045 ], [ 14.3009999, 53.7260918 ], [ 14.3009228, 53.7260735 ], [ 14.3008304, 53.7260626 ], [ 14.3007903, 53.7260371 ], [ 14.3007719, 53.7259988 ], [ 14.3007503, 53.7259751 ], [ 14.3006609, 53.7259478 ], [ 14.3006055, 53.7259441 ], [ 14.3005069, 53.725966 ], [ 14.3004052, 53.7259696 ], [ 14.300282, 53.7259642 ], [ 14.300168, 53.7259532 ], [ 14.3000509, 53.725915 ], [ 14.2999677, 53.7258384 ], [ 14.2999677, 53.7258038 ], [ 14.2999588, 53.7257413 ] ], [ [ 14.2913274, 53.726053 ], [ 14.2909278, 53.7258291 ], [ 14.2906041, 53.7257078 ], [ 14.2901125, 53.7254258 ], [ 14.2897941, 53.725236 ], [ 14.2897879, 53.7250865 ], [ 14.289992, 53.725017 ], [ 14.291045, 53.7252458 ], [ 14.2915421, 53.7253456 ], [ 14.2921934, 53.7258637 ], [ 14.2927595, 53.7262902 ], [ 14.2929376, 53.7264078 ], [ 14.2932055, 53.7264666 ], [ 14.2934712, 53.7264953 ], [ 14.294481, 53.7264447 ], [ 14.2946609, 53.7264448 ], [ 14.294786, 53.7264789 ], [ 14.294987, 53.7265691 ], [ 14.2952389, 53.72674 ], [ 14.2957133, 53.7269754 ], [ 14.295954, 53.7269934 ], [ 14.2965984, 53.7268866 ], [ 14.297189, 53.7265971 ], [ 14.2973784, 53.7265016 ], [ 14.2975641, 53.7263346 ], [ 14.2976384, 53.7264756 ], [ 14.297472, 53.726636 ], [ 14.2969421, 53.7269495 ], [ 14.2964368, 53.7271756 ], [ 14.2956296, 53.7274125 ], [ 14.295266, 53.7274927 ], [ 14.2947977, 53.7273068 ], [ 14.2946436, 53.7271464 ], [ 14.2945081, 53.7268985 ], [ 14.2936515, 53.7268329 ], [ 14.2929121, 53.7267454 ], [ 14.2925485, 53.7266615 ], [ 14.2920309, 53.7264391 ], [ 14.2918768, 53.7262678 ], [ 14.2916312, 53.7261382 ], [ 14.2913274, 53.726053 ] ], [ [ 14.3340584, 53.7294077 ], [ 14.3342135, 53.729364 ], [ 14.334184, 53.7294361 ], [ 14.334099, 53.7295432 ], [ 14.33404, 53.729648 ], [ 14.3339809, 53.7296917 ], [ 14.3338419, 53.7296847 ], [ 14.3338693, 53.7296434 ], [ 14.3338915, 53.729599 ], [ 14.3339006, 53.7295789 ], [ 14.3339101, 53.729539 ], [ 14.3339359, 53.7294669 ], [ 14.3339536, 53.729433 ], [ 14.3340584, 53.7294077 ] ], [ [ 14.3339674, 53.7303492 ], [ 14.3338641, 53.7303601 ], [ 14.333757, 53.7303535 ], [ 14.3337053, 53.7303557 ], [ 14.3335982, 53.7303339 ], [ 14.3335318, 53.7303033 ], [ 14.3334871, 53.7302782 ], [ 14.3335538, 53.7302511 ], [ 14.3335616, 53.7302202 ], [ 14.3335564, 53.7301437 ], [ 14.3335447, 53.7301152 ], [ 14.3336019, 53.730087 ], [ 14.3336721, 53.730063 ], [ 14.3338345, 53.7301198 ], [ 14.3338825, 53.7301832 ], [ 14.3339638, 53.7302662 ], [ 14.3339674, 53.7303492 ] ], [ [ 14.3255971, 53.7365385 ], [ 14.3255122, 53.7364385 ], [ 14.3254538, 53.7362811 ], [ 14.3255046, 53.7361624 ], [ 14.3255743, 53.7360632 ], [ 14.3256182, 53.7360063 ], [ 14.3256913, 53.7359966 ], [ 14.3257639, 53.7359815 ], [ 14.3258846, 53.735973 ], [ 14.3260202, 53.7360235 ], [ 14.3260895, 53.7360752 ], [ 14.3261585, 53.7361204 ], [ 14.3262101, 53.7362077 ], [ 14.3262151, 53.7362642 ], [ 14.3262379, 53.7363313 ], [ 14.3262507, 53.7364157 ], [ 14.3262046, 53.7364872 ], [ 14.3261284, 53.7365842 ], [ 14.326042, 53.7366523 ], [ 14.3258758, 53.7366415 ], [ 14.3257184, 53.736599 ], [ 14.3255971, 53.7365385 ] ], [ [ 14.3212022, 53.7371872 ], [ 14.3211879, 53.7371591 ], [ 14.3211914, 53.7371214 ], [ 14.3212046, 53.7370672 ], [ 14.3212151, 53.7370023 ], [ 14.3212298, 53.7369547 ], [ 14.321251, 53.7369071 ], [ 14.3213143, 53.7369246 ], [ 14.3213403, 53.7369446 ], [ 14.3213939, 53.7369721 ], [ 14.3214216, 53.7370244 ], [ 14.3215012, 53.7370409 ], [ 14.3215985, 53.7370518 ], [ 14.3216339, 53.7370476 ], [ 14.3217047, 53.7370295 ], [ 14.3217637, 53.7369849 ], [ 14.3218085, 53.7369444 ], [ 14.3218297, 53.7369095 ], [ 14.3219005, 53.7368579 ], [ 14.3219642, 53.7368202 ], [ 14.3220703, 53.7367477 ], [ 14.3221316, 53.7366807 ], [ 14.3221717, 53.7366249 ], [ 14.322193, 53.7365328 ], [ 14.3222048, 53.7364602 ], [ 14.3222284, 53.7363653 ], [ 14.3222661, 53.7362621 ], [ 14.3223369, 53.736163 ], [ 14.3224831, 53.736064 ], [ 14.3225751, 53.7360598 ], [ 14.3226883, 53.7360528 ], [ 14.3228322, 53.7360347 ], [ 14.3229691, 53.7360207 ], [ 14.3230917, 53.7360221 ], [ 14.3232492, 53.7360488 ], [ 14.3233287, 53.7360664 ], [ 14.3234102, 53.7360779 ], [ 14.323514, 53.7360849 ], [ 14.3236415, 53.7361187 ], [ 14.3237453, 53.7361541 ], [ 14.3238654, 53.7361644 ], [ 14.3240376, 53.7361756 ], [ 14.3242853, 53.7361561 ], [ 14.3243915, 53.73611 ], [ 14.3245165, 53.7360542 ], [ 14.3246604, 53.7360123 ], [ 14.3247335, 53.7359914 ], [ 14.324809, 53.7359649 ], [ 14.3249081, 53.7359314 ], [ 14.3249954, 53.7358951 ], [ 14.3251062, 53.7358575 ], [ 14.3252053, 53.7358365 ], [ 14.3253492, 53.7358156 ], [ 14.3254719, 53.7357919 ], [ 14.3255727, 53.7358009 ], [ 14.3256275, 53.7358142 ], [ 14.3256228, 53.7358547 ], [ 14.3255969, 53.7358882 ], [ 14.3254931, 53.7359314 ], [ 14.3253893, 53.7359942 ], [ 14.325243, 53.7360765 ], [ 14.3251676, 53.736124 ], [ 14.3251015, 53.7361686 ], [ 14.3250378, 53.7361951 ], [ 14.324927, 53.7362077 ], [ 14.3248869, 53.7362035 ], [ 14.3248255, 53.7361881 ], [ 14.3247618, 53.7361937 ], [ 14.3247996, 53.7362649 ], [ 14.3248302, 53.7362956 ], [ 14.3247831, 53.736336 ], [ 14.3247618, 53.7363695 ], [ 14.3247005, 53.7364198 ], [ 14.3245826, 53.7364588 ], [ 14.3244717, 53.7364812 ], [ 14.3243797, 53.7364867 ], [ 14.3243113, 53.7364435 ], [ 14.3241768, 53.7364435 ], [ 14.324132, 53.73641 ], [ 14.3240565, 53.7363877 ], [ 14.3239622, 53.7364058 ], [ 14.3238914, 53.7364309 ], [ 14.3238159, 53.7364449 ], [ 14.3236555, 53.7364519 ], [ 14.3235588, 53.7364295 ], [ 14.3235729, 53.7363835 ], [ 14.3236201, 53.7363528 ], [ 14.323606, 53.7363291 ], [ 14.3234927, 53.7363179 ], [ 14.3233889, 53.7363305 ], [ 14.3233323, 53.7363542 ], [ 14.3232568, 53.7363723 ], [ 14.3232073, 53.7363472 ], [ 14.3231318, 53.7363528 ], [ 14.3230115, 53.7363472 ], [ 14.3229667, 53.7363291 ], [ 14.3228723, 53.7363249 ], [ 14.3228228, 53.7363263 ], [ 14.3227402, 53.7362649 ], [ 14.3227237, 53.7362426 ], [ 14.3226813, 53.7362551 ], [ 14.3226813, 53.7362956 ], [ 14.3226718, 53.7363249 ], [ 14.3225539, 53.73635 ], [ 14.3225633, 53.7363905 ], [ 14.322594, 53.7364351 ], [ 14.3226907, 53.7364658 ], [ 14.3227001, 53.7364839 ], [ 14.3226789, 53.7365635 ], [ 14.3226364, 53.7366346 ], [ 14.3226011, 53.7366918 ], [ 14.3225445, 53.7367044 ], [ 14.3225114, 53.7367602 ], [ 14.3225303, 53.7367895 ], [ 14.3224892, 53.7368184 ], [ 14.3224619, 53.7368635 ], [ 14.3224784, 53.7369249 ], [ 14.3223817, 53.7370197 ], [ 14.322318, 53.7370728 ], [ 14.3222685, 53.7371439 ], [ 14.3221741, 53.7371788 ], [ 14.3220963, 53.7372053 ], [ 14.321976, 53.7372611 ], [ 14.3218722, 53.7372304 ], [ 14.3218368, 53.7372081 ], [ 14.3218486, 53.7371523 ], [ 14.321917, 53.7371411 ], [ 14.3219524, 53.7371188 ], [ 14.3218745, 53.7371062 ], [ 14.3218674, 53.7370783 ], [ 14.3217424, 53.7370769 ], [ 14.3217, 53.7370853 ], [ 14.3216575, 53.7371244 ], [ 14.3216268, 53.7371621 ], [ 14.3216481, 53.7372151 ], [ 14.3216268, 53.7372904 ], [ 14.3216433, 53.7373253 ], [ 14.321674, 53.7373546 ], [ 14.3216976, 53.73737 ], [ 14.3217802, 53.7373853 ], [ 14.3218651, 53.7373979 ], [ 14.3219476, 53.7374188 ], [ 14.3219877, 53.7374383 ], [ 14.3220019, 53.7374537 ], [ 14.322009, 53.7375039 ], [ 14.3220113, 53.7375918 ], [ 14.3219925, 53.7376323 ], [ 14.3219453, 53.7376546 ], [ 14.321891, 53.7376811 ], [ 14.3217849, 53.737723 ], [ 14.3216905, 53.737723 ], [ 14.3216599, 53.7377034 ], [ 14.3216032, 53.7376783 ], [ 14.3214546, 53.7376644 ], [ 14.3213155, 53.7376448 ], [ 14.3212117, 53.7376127 ], [ 14.3210819, 53.7375555 ], [ 14.3210135, 53.7374983 ], [ 14.32103, 53.7373951 ], [ 14.3210654, 53.7373476 ], [ 14.3211102, 53.7372918 ], [ 14.3211881, 53.737296 ], [ 14.32124, 53.7373058 ], [ 14.3212801, 53.7372862 ], [ 14.3212777, 53.7372472 ], [ 14.3212022, 53.7371872 ] ], [ [ 14.3202034, 53.7371781 ], [ 14.3202203, 53.7372188 ], [ 14.3202008, 53.7372564 ], [ 14.3201398, 53.7372917 ], [ 14.3200632, 53.7372572 ], [ 14.3199944, 53.7372103 ], [ 14.319902, 53.7371501 ], [ 14.3200195, 53.7371382 ], [ 14.320098, 53.7371014 ], [ 14.3201476, 53.7371558 ], [ 14.3202034, 53.7371781 ] ], [ [ 14.3186493, 53.7375719 ], [ 14.3185896, 53.7375842 ], [ 14.3184831, 53.7376042 ], [ 14.3184455, 53.7375658 ], [ 14.3183468, 53.7375842 ], [ 14.3182066, 53.7376257 ], [ 14.3181152, 53.7376307 ], [ 14.3182269, 53.7375723 ], [ 14.3183294, 53.7375002 ], [ 14.3186644, 53.7373627 ], [ 14.3188188, 53.7373212 ], [ 14.3189284, 53.7373447 ], [ 14.3188414, 53.7373592 ], [ 14.318709, 53.7373854 ], [ 14.3187402, 53.7374168 ], [ 14.3187713, 53.7374522 ], [ 14.3187324, 53.7375028 ], [ 14.3186493, 53.7375719 ] ], [ [ 14.3199981, 53.7375149 ], [ 14.3198512, 53.7374748 ], [ 14.319809, 53.7374031 ], [ 14.3197613, 53.7373759 ], [ 14.3196768, 53.7373466 ], [ 14.3195464, 53.7373293 ], [ 14.3194625, 53.7372471 ], [ 14.3195638, 53.7372486 ], [ 14.3196521, 53.7372386 ], [ 14.3196952, 53.7372728 ], [ 14.3197594, 53.7372999 ], [ 14.3198273, 53.7373412 ], [ 14.3198989, 53.7373553 ], [ 14.3199962, 53.7373586 ], [ 14.3200807, 53.7374107 ], [ 14.3200954, 53.7374693 ], [ 14.3201395, 53.7374813 ], [ 14.3202918, 53.7374802 ], [ 14.3203524, 53.7375225 ], [ 14.3204075, 53.7375975 ], [ 14.3204479, 53.7376453 ], [ 14.3205066, 53.7376865 ], [ 14.3206296, 53.7376909 ], [ 14.320648, 53.7377376 ], [ 14.320648, 53.7378711 ], [ 14.3206076, 53.7379352 ], [ 14.3205268, 53.7379656 ], [ 14.3203763, 53.738008 ], [ 14.3202294, 53.7380481 ], [ 14.3199779, 53.7380742 ], [ 14.3198384, 53.738046 ], [ 14.3197576, 53.7380156 ], [ 14.3196603, 53.7379471 ], [ 14.3195868, 53.7378798 ], [ 14.3196695, 53.7378255 ], [ 14.3197686, 53.7377734 ], [ 14.3198475, 53.7376724 ], [ 14.3199724, 53.7375953 ], [ 14.3199981, 53.7375149 ] ], [ [ 14.3184431, 53.7383495 ], [ 14.3182741, 53.7383474 ], [ 14.3181493, 53.7383734 ], [ 14.3180208, 53.7384321 ], [ 14.3180208, 53.7383647 ], [ 14.3180355, 53.7382779 ], [ 14.3181199, 53.7382018 ], [ 14.318197, 53.7381801 ], [ 14.3182778, 53.7382018 ], [ 14.318432, 53.7382279 ], [ 14.3185899, 53.7382388 ], [ 14.3186266, 53.7382713 ], [ 14.3185275, 53.7383343 ], [ 14.3184431, 53.7383495 ] ], [ [ 14.3176683, 53.7388034 ], [ 14.3175104, 53.738836 ], [ 14.3174002, 53.7388881 ], [ 14.3172974, 53.7388686 ], [ 14.3172938, 53.7387861 ], [ 14.3171946, 53.7386948 ], [ 14.3172277, 53.7385949 ], [ 14.3173268, 53.738621 ], [ 14.3174296, 53.7386536 ], [ 14.3176095, 53.7386232 ], [ 14.3177087, 53.7386036 ], [ 14.3177564, 53.7386644 ], [ 14.3177638, 53.7387405 ], [ 14.3177381, 53.7387665 ], [ 14.3176683, 53.7388034 ] ], [ [ 14.3127731, 53.7397371 ], [ 14.312674, 53.7397262 ], [ 14.3125822, 53.7397588 ], [ 14.3125087, 53.7397762 ], [ 14.3124463, 53.7397675 ], [ 14.3123582, 53.7397556 ], [ 14.3122389, 53.7397566 ], [ 14.3122205, 53.739736 ], [ 14.3122168, 53.7397149 ], [ 14.3122921, 53.7396693 ], [ 14.3123031, 53.7396443 ], [ 14.3123251, 53.7395879 ], [ 14.3123068, 53.7395205 ], [ 14.3123985, 53.7394901 ], [ 14.3124481, 53.7394662 ], [ 14.312595, 53.7394413 ], [ 14.3127492, 53.7394228 ], [ 14.3128649, 53.7394217 ], [ 14.3129493, 53.7393902 ], [ 14.3130375, 53.739387 ], [ 14.3130668, 53.7393435 ], [ 14.313434, 53.7393023 ], [ 14.3135901, 53.7392751 ], [ 14.3136249, 53.7392599 ], [ 14.3136874, 53.7391568 ], [ 14.3136929, 53.7391057 ], [ 14.3137039, 53.7390406 ], [ 14.3137073, 53.7389714 ], [ 14.3137292, 53.7389194 ], [ 14.313797, 53.7388575 ], [ 14.3139101, 53.7388145 ], [ 14.3140089, 53.73879 ], [ 14.3141436, 53.7387557 ], [ 14.3142425, 53.7387412 ], [ 14.3143351, 53.7387371 ], [ 14.3144298, 53.7387368 ], [ 14.314475, 53.7387361 ], [ 14.3145375, 53.7387386 ], [ 14.3146039, 53.7387371 ], [ 14.3147444, 53.7387084 ], [ 14.3148564, 53.7387038 ], [ 14.3149615, 53.7387087 ], [ 14.3150662, 53.7387224 ], [ 14.3151671, 53.7387235 ], [ 14.3152773, 53.7387192 ], [ 14.3153911, 53.7387192 ], [ 14.3154902, 53.7387398 ], [ 14.3155343, 53.7387528 ], [ 14.3155508, 53.7387582 ], [ 14.3156151, 53.7387908 ], [ 14.3156573, 53.7388245 ], [ 14.3157087, 53.7388212 ], [ 14.3157913, 53.7388668 ], [ 14.3158372, 53.7388755 ], [ 14.3159364, 53.7389103 ], [ 14.315997, 53.7389287 ], [ 14.3160539, 53.7389526 ], [ 14.3161108, 53.738957 ], [ 14.3161934, 53.7389352 ], [ 14.3162595, 53.738907 ], [ 14.3163421, 53.7388571 ], [ 14.3164064, 53.7387984 ], [ 14.3164468, 53.7387452 ], [ 14.3165184, 53.7387441 ], [ 14.3165863, 53.7387365 ], [ 14.3166818, 53.7387072 ], [ 14.3167515, 53.7386616 ], [ 14.3167827, 53.7386345 ], [ 14.3168268, 53.7386019 ], [ 14.3169039, 53.7385867 ], [ 14.3169021, 53.7385563 ], [ 14.3168286, 53.7385269 ], [ 14.3168442, 53.7384711 ], [ 14.3168498, 53.7383867 ], [ 14.316836, 53.7383326 ], [ 14.3169461, 53.7382533 ], [ 14.3170434, 53.7382066 ], [ 14.3171261, 53.7381621 ], [ 14.3172197, 53.7381121 ], [ 14.3173097, 53.7381002 ], [ 14.3173904, 53.738072 ], [ 14.3175208, 53.7380567 ], [ 14.3176126, 53.7380481 ], [ 14.3176934, 53.7380144 ], [ 14.3177631, 53.7379872 ], [ 14.3178292, 53.7379525 ], [ 14.31791, 53.7378939 ], [ 14.3179945, 53.7378396 ], [ 14.3180881, 53.7377777 ], [ 14.318134, 53.737795 ], [ 14.3181872, 53.73782 ], [ 14.3182386, 53.7378656 ], [ 14.3182643, 53.7379275 ], [ 14.3182478, 53.7379416 ], [ 14.318235, 53.7379731 ], [ 14.318134, 53.7380068 ], [ 14.3180771, 53.7380057 ], [ 14.3180847, 53.7380542 ], [ 14.3181107, 53.7380872 ], [ 14.3181756, 53.7381679 ], [ 14.3181083, 53.7381942 ], [ 14.3180771, 53.7381985 ], [ 14.3180091, 53.738179 ], [ 14.3179247, 53.7381497 ], [ 14.3178935, 53.7381562 ], [ 14.3178843, 53.7382072 ], [ 14.3177503, 53.7382898 ], [ 14.3176676, 53.7382963 ], [ 14.3175593, 53.7382583 ], [ 14.3175391, 53.7383093 ], [ 14.3175134, 53.7383419 ], [ 14.3174602, 53.738356 ], [ 14.3173959, 53.7383191 ], [ 14.3173721, 53.7382485 ], [ 14.3172986, 53.7382702 ], [ 14.3171995, 53.7382756 ], [ 14.3170251, 53.7384418 ], [ 14.3171242, 53.7385004 ], [ 14.317104, 53.7385374 ], [ 14.317104, 53.7385862 ], [ 14.3170838, 53.7386611 ], [ 14.3170416, 53.7386926 ], [ 14.31697, 53.7387274 ], [ 14.3168855, 53.7387936 ], [ 14.3168048, 53.7388099 ], [ 14.3167093, 53.7388653 ], [ 14.3166359, 53.7388555 ], [ 14.3165918, 53.7388381 ], [ 14.3165312, 53.7388175 ], [ 14.3164633, 53.738849 ], [ 14.3164431, 53.7388892 ], [ 14.3164633, 53.7389359 ], [ 14.3162448, 53.7390542 ], [ 14.3161659, 53.7390836 ], [ 14.3160116, 53.7391172 ], [ 14.3158923, 53.7391487 ], [ 14.3158152, 53.739165 ], [ 14.3157528, 53.7391585 ], [ 14.3157014, 53.7391129 ], [ 14.3156463, 53.7390455 ], [ 14.3155875, 53.7389771 ], [ 14.3154113, 53.7389109 ], [ 14.3152791, 53.7388718 ], [ 14.3151553, 53.7388337 ], [ 14.3151372, 53.738909 ], [ 14.3151034, 53.7389581 ], [ 14.3149736, 53.7390272 ], [ 14.3149009, 53.7390579 ], [ 14.3148048, 53.7390625 ], [ 14.3145686, 53.7389888 ], [ 14.3145166, 53.7389596 ], [ 14.314405, 53.7388921 ], [ 14.3143297, 53.7388567 ], [ 14.3142058, 53.7388645 ], [ 14.3141542, 53.7388713 ], [ 14.3140767, 53.7388942 ], [ 14.314007, 53.7389102 ], [ 14.3139489, 53.7389256 ], [ 14.3139046, 53.738961 ], [ 14.3138948, 53.7389941 ], [ 14.3138963, 53.7390298 ], [ 14.3138961, 53.7390564 ], [ 14.3139454, 53.7391071 ], [ 14.3139714, 53.7392069 ], [ 14.3139714, 53.7392744 ], [ 14.3139688, 53.7393267 ], [ 14.3139039, 53.7394265 ], [ 14.3138597, 53.739491 ], [ 14.3137948, 53.7395985 ], [ 14.3134859, 53.7396676 ], [ 14.3128686, 53.7397621 ], [ 14.3127731, 53.7397371 ] ], [ [ 14.2825259, 53.7394023 ], [ 14.2828245, 53.7392641 ], [ 14.2830374, 53.7392012 ], [ 14.2829621, 53.7393808 ], [ 14.28277, 53.7395037 ], [ 14.2824896, 53.7396235 ], [ 14.2821891, 53.7396724 ], [ 14.2819017, 53.7397053 ], [ 14.281707, 53.7397206 ], [ 14.2811485, 53.7398558 ], [ 14.280788, 53.7400229 ], [ 14.2802751, 53.7402152 ], [ 14.2799711, 53.7403374 ], [ 14.279757, 53.7404116 ], [ 14.2790577, 53.7402209 ], [ 14.2783691, 53.740251 ], [ 14.2782459, 53.7403964 ], [ 14.2778771, 53.7404562 ], [ 14.2774865, 53.7404159 ], [ 14.2767716, 53.7403197 ], [ 14.2765599, 53.7401212 ], [ 14.2762367, 53.7400917 ], [ 14.2760537, 53.7399876 ], [ 14.2760227, 53.7398789 ], [ 14.2761216, 53.7399082 ], [ 14.2760643, 53.7395945 ], [ 14.2761395, 53.7394812 ], [ 14.2761705, 53.7394102 ], [ 14.2761001, 53.7393651 ], [ 14.2760487, 53.7393043 ], [ 14.2761221, 53.7392109 ], [ 14.2761298, 53.7390725 ], [ 14.2763116, 53.7389953 ], [ 14.2764073, 53.7389779 ], [ 14.2767477, 53.7389478 ], [ 14.2769584, 53.7389305 ], [ 14.2770635, 53.7389333 ], [ 14.2774223, 53.7388144 ], [ 14.2774734, 53.73877 ], [ 14.2775651, 53.7386878 ], [ 14.2777708, 53.7386288 ], [ 14.2779612, 53.7386092 ], [ 14.2780034, 53.7386812 ], [ 14.2781953, 53.7386562 ], [ 14.2783032, 53.7387027 ], [ 14.2785037, 53.7386254 ], [ 14.2784233, 53.7385359 ], [ 14.2784024, 53.7384312 ], [ 14.2789016, 53.7383531 ], [ 14.2790904, 53.7382496 ], [ 14.2793297, 53.738263 ], [ 14.2793987, 53.7382108 ], [ 14.2792138, 53.7381445 ], [ 14.2794782, 53.7380077 ], [ 14.279327, 53.7378695 ], [ 14.2795465, 53.7377514 ], [ 14.2798709, 53.737728 ], [ 14.2805114, 53.7377714 ], [ 14.2811551, 53.737779 ], [ 14.2816387, 53.737728 ], [ 14.2820549, 53.7377402 ], [ 14.2820728, 53.7378063 ], [ 14.2821454, 53.7378496 ], [ 14.2822592, 53.7379343 ], [ 14.2826411, 53.7379604 ], [ 14.2826992, 53.7379072 ], [ 14.2829024, 53.7379555 ], [ 14.2829332, 53.7380631 ], [ 14.2830779, 53.7381249 ], [ 14.2831715, 53.7380534 ], [ 14.2832565, 53.7380822 ], [ 14.2831102, 53.738265 ], [ 14.2828737, 53.738406 ], [ 14.2827997, 53.7383355 ], [ 14.2826523, 53.7383549 ], [ 14.2823533, 53.7384802 ], [ 14.2824448, 53.7385767 ], [ 14.2818527, 53.7388547 ], [ 14.2816518, 53.7390251 ], [ 14.2815574, 53.7392305 ], [ 14.2811722, 53.7394451 ], [ 14.2812887, 53.7395552 ], [ 14.2815561, 53.7395678 ], [ 14.2817959, 53.7395339 ], [ 14.2820444, 53.7395131 ], [ 14.2821477, 53.7395109 ], [ 14.2825259, 53.7394023 ] ], [ [ 14.2736283, 53.7394383 ], [ 14.2735258, 53.7394844 ], [ 14.2734355, 53.7394553 ], [ 14.2733166, 53.7393801 ], [ 14.2732714, 53.7393268 ], [ 14.2732796, 53.7392321 ], [ 14.2733207, 53.7392079 ], [ 14.2734027, 53.7391739 ], [ 14.2734847, 53.7391763 ], [ 14.2734355, 53.7392103 ], [ 14.2734929, 53.739254 ], [ 14.2736611, 53.7392758 ], [ 14.2736611, 53.7393656 ], [ 14.2736283, 53.7394383 ] ], [ [ 14.3064275, 53.7413028 ], [ 14.3064039, 53.7414119 ], [ 14.3061566, 53.7415112 ], [ 14.3059351, 53.7415286 ], [ 14.3057637, 53.7414921 ], [ 14.305691, 53.7414092 ], [ 14.3056587, 53.7413677 ], [ 14.3056602, 53.7413164 ], [ 14.3057125, 53.7412381 ], [ 14.305808, 53.7411006 ], [ 14.3059817, 53.741015 ], [ 14.3061478, 53.7409852 ], [ 14.3062901, 53.7408994 ], [ 14.3064649, 53.7408209 ], [ 14.3066512, 53.7407117 ], [ 14.3068235, 53.7406762 ], [ 14.3069176, 53.7406387 ], [ 14.3070138, 53.7405716 ], [ 14.3070847, 53.740525 ], [ 14.3072007, 53.740502 ], [ 14.307306, 53.7404702 ], [ 14.3074276, 53.7404301 ], [ 14.3076967, 53.7403713 ], [ 14.3078313, 53.7403169 ], [ 14.3079668, 53.7402668 ], [ 14.3080678, 53.7402211 ], [ 14.30821, 53.7402005 ], [ 14.3083601, 53.7401745 ], [ 14.3085548, 53.7401377 ], [ 14.3086041, 53.7401331 ], [ 14.3086846, 53.7401331 ], [ 14.3088451, 53.7401043 ], [ 14.3090118, 53.7400839 ], [ 14.3092091, 53.7400762 ], [ 14.3093182, 53.7400931 ], [ 14.309396, 53.7401039 ], [ 14.3095155, 53.7401192 ], [ 14.309744, 53.7401745 ], [ 14.3098478, 53.7402191 ], [ 14.3099439, 53.740239 ], [ 14.3100737, 53.7402114 ], [ 14.310162, 53.74015 ], [ 14.3102217, 53.7400747 ], [ 14.3102555, 53.7399043 ], [ 14.3103955, 53.7398417 ], [ 14.3105716, 53.7397807 ], [ 14.3106905, 53.739694 ], [ 14.310837, 53.7396048 ], [ 14.3110681, 53.7396002 ], [ 14.3112083, 53.7395894 ], [ 14.3114238, 53.7396002 ], [ 14.3116965, 53.7395925 ], [ 14.3117484, 53.7395941 ], [ 14.3118642, 53.7396642 ], [ 14.3119381, 53.7397038 ], [ 14.3120522, 53.7397584 ], [ 14.3120574, 53.7398382 ], [ 14.3121794, 53.7397983 ], [ 14.3121742, 53.7398275 ], [ 14.3121041, 53.7398812 ], [ 14.3119301, 53.7399227 ], [ 14.3118834, 53.7399227 ], [ 14.3116965, 53.7399089 ], [ 14.3115666, 53.7398812 ], [ 14.3114498, 53.7398428 ], [ 14.3112577, 53.7398244 ], [ 14.3111512, 53.739806 ], [ 14.3110603, 53.7398428 ], [ 14.3110525, 53.739895 ], [ 14.3110603, 53.7399196 ], [ 14.311024, 53.7399734 ], [ 14.3109565, 53.740024 ], [ 14.3108994, 53.7400594 ], [ 14.3107799, 53.7401177 ], [ 14.3106917, 53.7401868 ], [ 14.3105826, 53.7402544 ], [ 14.3104736, 53.7403051 ], [ 14.3102373, 53.7403404 ], [ 14.3100763, 53.7403772 ], [ 14.3097959, 53.7403895 ], [ 14.3094687, 53.7404156 ], [ 14.3093675, 53.7404402 ], [ 14.3092558, 53.7404632 ], [ 14.309139, 53.7404632 ], [ 14.3089676, 53.7404402 ], [ 14.3088534, 53.7403941 ], [ 14.3087314, 53.7403772 ], [ 14.3086639, 53.7403788 ], [ 14.3085444, 53.7404264 ], [ 14.3084328, 53.740497 ], [ 14.3083367, 53.7405369 ], [ 14.308264, 53.7405953 ], [ 14.3081706, 53.7407012 ], [ 14.3079083, 53.7407166 ], [ 14.3077863, 53.7407227 ], [ 14.3076123, 53.7407535 ], [ 14.3074981, 53.7408256 ], [ 14.30728, 53.7408978 ], [ 14.3071917, 53.7409347 ], [ 14.3070567, 53.7409347 ], [ 14.3069035, 53.7409807 ], [ 14.3068152, 53.7410698 ], [ 14.3066932, 53.7411174 ], [ 14.3065577, 53.7411727 ], [ 14.3064523, 53.7412257 ], [ 14.3064275, 53.7413028 ] ], [ [ 14.3048319, 53.7420266 ], [ 14.304541, 53.7421866 ], [ 14.3039203, 53.7422484 ], [ 14.3034906, 53.7421364 ], [ 14.3033241, 53.7419776 ], [ 14.3032243, 53.7418511 ], [ 14.3031912, 53.7416773 ], [ 14.3033948, 53.7417029 ], [ 14.3035719, 53.7417311 ], [ 14.3037597, 53.7417321 ], [ 14.303943, 53.7417405 ], [ 14.3040831, 53.741737 ], [ 14.3042518, 53.7417439 ], [ 14.3043799, 53.7417166 ], [ 14.3045764, 53.741675 ], [ 14.3047554, 53.7416377 ], [ 14.3049868, 53.7415638 ], [ 14.3050892, 53.7415483 ], [ 14.305192, 53.7415253 ], [ 14.3053255, 53.7414926 ], [ 14.3053858, 53.7414337 ], [ 14.3054464, 53.7413159 ], [ 14.3055401, 53.7413078 ], [ 14.3055832, 53.741381 ], [ 14.3056302, 53.7414836 ], [ 14.3056923, 53.7415826 ], [ 14.305607, 53.7417066 ], [ 14.3053678, 53.7417956 ], [ 14.3051701, 53.7418272 ], [ 14.304998, 53.7419278 ], [ 14.3048319, 53.7420266 ] ], [ [ 14.2852709, 53.7424406 ], [ 14.2856345, 53.7427358 ], [ 14.2858112, 53.7428504 ], [ 14.2860407, 53.7429705 ], [ 14.2864269, 53.74321 ], [ 14.2867702, 53.7434209 ], [ 14.2873241, 53.7435361 ], [ 14.2874545, 53.7435725 ], [ 14.2875518, 53.7436054 ], [ 14.2875207, 53.743653 ], [ 14.2873052, 53.7437191 ], [ 14.2870222, 53.7436131 ], [ 14.2869235, 53.7436315 ], [ 14.2866327, 53.743564 ], [ 14.2857681, 53.7432384 ], [ 14.2857162, 53.7431463 ], [ 14.2856435, 53.7430281 ], [ 14.2855137, 53.7429482 ], [ 14.284984, 53.7426058 ], [ 14.284849, 53.7423494 ], [ 14.2847996, 53.7423094 ], [ 14.2846958, 53.7422188 ], [ 14.2846698, 53.742076 ], [ 14.2846984, 53.7418242 ], [ 14.2850515, 53.7414127 ], [ 14.2854228, 53.7410503 ], [ 14.28582, 53.7408691 ], [ 14.2860251, 53.7407923 ], [ 14.2864432, 53.7407892 ], [ 14.2866431, 53.740866 ], [ 14.2869131, 53.7409535 ], [ 14.2874661, 53.7411424 ], [ 14.2877881, 53.7412115 ], [ 14.288123, 53.7412207 ], [ 14.2884943, 53.7412699 ], [ 14.2886709, 53.7413482 ], [ 14.2888552, 53.7414188 ], [ 14.2892005, 53.7415647 ], [ 14.2895874, 53.7416 ], [ 14.289873, 53.7416522 ], [ 14.2906571, 53.7416906 ], [ 14.2908726, 53.7417131 ], [ 14.2910397, 53.741729 ], [ 14.2913757, 53.741716 ], [ 14.2917447, 53.7417062 ], [ 14.291954, 53.7416921 ], [ 14.2924148, 53.7416628 ], [ 14.2925966, 53.7416074 ], [ 14.2930262, 53.7415607 ], [ 14.293252, 53.7415401 ], [ 14.2936816, 53.7415444 ], [ 14.2940947, 53.7415846 ], [ 14.2942838, 53.741628 ], [ 14.2944729, 53.7417181 ], [ 14.294343, 53.7417534 ], [ 14.2941446, 53.7417129 ], [ 14.2937504, 53.7416912 ], [ 14.2933063, 53.7416718 ], [ 14.2929652, 53.741729 ], [ 14.2926682, 53.7417776 ], [ 14.291802, 53.7418627 ], [ 14.2912608, 53.7419227 ], [ 14.2908731, 53.7419321 ], [ 14.2903064, 53.7419112 ], [ 14.2892793, 53.7417603 ], [ 14.2888814, 53.7416582 ], [ 14.2882977, 53.7415328 ], [ 14.2877306, 53.7414523 ], [ 14.2861992, 53.7411533 ], [ 14.2856735, 53.7412948 ], [ 14.2854787, 53.7413543 ], [ 14.2853077, 53.7414382 ], [ 14.2850025, 53.7419539 ], [ 14.2850259, 53.7420997 ], [ 14.2851779, 53.7422425 ], [ 14.2852709, 53.7424406 ] ], [ [ 14.2987878, 53.7435435 ], [ 14.2987327, 53.743473 ], [ 14.298707, 53.7433883 ], [ 14.2987345, 53.7433253 ], [ 14.2987724, 53.7432732 ], [ 14.2987988, 53.7432569 ], [ 14.2988888, 53.7432442 ], [ 14.2993725, 53.7433491 ], [ 14.3005003, 53.7429236 ], [ 14.3005568, 53.7429615 ], [ 14.3007038, 53.7430077 ], [ 14.3008302, 53.743047 ], [ 14.3009273, 53.7430776 ], [ 14.3011259, 53.7431229 ], [ 14.3012601, 53.7430756 ], [ 14.3013743, 53.743051 ], [ 14.3014938, 53.7430433 ], [ 14.3015561, 53.7430188 ], [ 14.3016703, 53.7429742 ], [ 14.3015924, 53.742899 ], [ 14.3014938, 53.7428007 ], [ 14.3014574, 53.7426902 ], [ 14.3013977, 53.7425289 ], [ 14.3014704, 53.7424046 ], [ 14.3015379, 53.7423355 ], [ 14.3016158, 53.7422541 ], [ 14.3017197, 53.7422955 ], [ 14.3018183, 53.7423431 ], [ 14.3019066, 53.742423 ], [ 14.3019092, 53.7424952 ], [ 14.301878, 53.7425719 ], [ 14.3020079, 53.742595 ], [ 14.3019637, 53.7426948 ], [ 14.3019897, 53.7428115 ], [ 14.3020468, 53.742876 ], [ 14.3018079, 53.7429941 ], [ 14.3016738, 53.743005 ], [ 14.3016059, 53.7430289 ], [ 14.3015343, 53.7430995 ], [ 14.3013691, 53.7431136 ], [ 14.3012589, 53.7431386 ], [ 14.301112, 53.743169 ], [ 14.3009468, 53.7432146 ], [ 14.3008458, 53.7432547 ], [ 14.3007999, 53.7433145 ], [ 14.3006475, 53.743245 ], [ 14.3004842, 53.7432428 ], [ 14.3004162, 53.74322 ], [ 14.3003171, 53.7431635 ], [ 14.3002675, 53.7431472 ], [ 14.3002547, 53.7432232 ], [ 14.3002418, 53.7433003 ], [ 14.3001261, 53.7433818 ], [ 14.300038, 53.7434306 ], [ 14.2999848, 53.7434361 ], [ 14.2998599, 53.74341 ], [ 14.2997131, 53.7434371 ], [ 14.2994891, 53.7435283 ], [ 14.2993991, 53.7436011 ], [ 14.299232, 53.7435685 ], [ 14.2990925, 53.7435848 ], [ 14.2989126, 53.7436033 ], [ 14.2987878, 53.7435435 ] ], [ [ 14.2902878, 53.7439165 ], [ 14.2902323, 53.7438915 ], [ 14.2901931, 53.7438822 ], [ 14.2901032, 53.7438634 ], [ 14.2899643, 53.7438566 ], [ 14.2898512, 53.7438402 ], [ 14.2900595, 53.7437571 ], [ 14.2905893, 53.7437141 ], [ 14.2908271, 53.7436597 ], [ 14.2915318, 53.743605 ], [ 14.2922254, 53.7438844 ], [ 14.2928511, 53.7438111 ], [ 14.2928438, 53.7436802 ], [ 14.293189, 53.7434683 ], [ 14.2933015, 53.7435199 ], [ 14.2934358, 53.7436698 ], [ 14.293949, 53.7436819 ], [ 14.294665, 53.7436474 ], [ 14.2947802, 53.7435062 ], [ 14.2953296, 53.7433472 ], [ 14.2958154, 53.7434392 ], [ 14.2962676, 53.7433676 ], [ 14.2967198, 53.7435328 ], [ 14.2970885, 53.7434596 ], [ 14.2974416, 53.7434051 ], [ 14.2974757, 53.7435885 ], [ 14.2981225, 53.7434869 ], [ 14.298478, 53.7432964 ], [ 14.2985084, 53.7432652 ], [ 14.2985675, 53.7432708 ], [ 14.2986116, 53.7432939 ], [ 14.2986233, 53.743363 ], [ 14.2986012, 53.7434152 ], [ 14.2985324, 53.7435035 ], [ 14.2985259, 53.7435787 ], [ 14.2984545, 53.743654 ], [ 14.2983961, 53.7437376 ], [ 14.2983078, 53.743773 ], [ 14.2979171, 53.7438175 ], [ 14.2977561, 53.7438321 ], [ 14.2976535, 53.743839 ], [ 14.2972771, 53.7437507 ], [ 14.297181, 53.7436893 ], [ 14.2970992, 53.7436524 ], [ 14.297046, 53.7436701 ], [ 14.2969681, 53.7437722 ], [ 14.2968551, 53.7438374 ], [ 14.2966617, 53.7438236 ], [ 14.2963631, 53.7437937 ], [ 14.2962826, 53.7437745 ], [ 14.2960464, 53.7437845 ], [ 14.2959256, 53.7437499 ], [ 14.2959023, 53.743687 ], [ 14.2958361, 53.7436163 ], [ 14.295766, 53.7435933 ], [ 14.2956128, 53.7435925 ], [ 14.2955401, 53.7436302 ], [ 14.2955128, 53.7437016 ], [ 14.2954778, 53.7438006 ], [ 14.2948274, 53.7439534 ], [ 14.2943327, 53.7439764 ], [ 14.2937473, 53.7439618 ], [ 14.2936538, 53.743895 ], [ 14.2932565, 53.7439733 ], [ 14.2931735, 53.7440409 ], [ 14.2928645, 53.7440701 ], [ 14.2924958, 53.7441515 ], [ 14.2921712, 53.7441883 ], [ 14.2919843, 53.7441607 ], [ 14.2918649, 53.7441238 ], [ 14.2915741, 53.7440992 ], [ 14.2914131, 53.7440808 ], [ 14.2913274, 53.7440609 ], [ 14.2911093, 53.744024 ], [ 14.2909564, 53.7440239 ], [ 14.2908211, 53.7440209 ], [ 14.2906186, 53.7440532 ], [ 14.2904706, 53.7440378 ], [ 14.2903616, 53.7439779 ], [ 14.2903267, 53.743949 ], [ 14.2902878, 53.7439165 ] ], [ [ 14.2880374, 53.7437406 ], [ 14.2880742, 53.7437247 ], [ 14.2882533, 53.7437171 ], [ 14.2883468, 53.7437355 ], [ 14.2884192, 53.74381 ], [ 14.2882797, 53.743797 ], [ 14.2880374, 53.7437406 ] ], [ [ 14.2879043, 53.743783 ], [ 14.2879225, 53.7438168 ], [ 14.2878654, 53.7438506 ], [ 14.287733, 53.7438644 ], [ 14.2876706, 53.7438337 ], [ 14.2876603, 53.743783 ], [ 14.2877044, 53.7437431 ], [ 14.2877797, 53.743737 ], [ 14.2878706, 53.7437354 ], [ 14.2879043, 53.743783 ] ], [ [ 14.2892918, 53.7438591 ], [ 14.2893513, 53.7438853 ], [ 14.2895459, 53.7439744 ], [ 14.2895056, 53.7440156 ], [ 14.2892412, 53.7440004 ], [ 14.2890172, 53.7440004 ], [ 14.288841, 53.7439374 ], [ 14.2888116, 53.7438962 ], [ 14.2887444, 53.7438165 ], [ 14.2892918, 53.7438591 ] ], [ [ 14.3407607, 53.8120322 ], [ 14.3406672, 53.8121042 ], [ 14.3405566, 53.8121609 ], [ 14.3404654, 53.8121752 ], [ 14.3403572, 53.8122107 ], [ 14.3400005, 53.8123274 ], [ 14.3401901, 53.8119208 ], [ 14.3405921, 53.8114857 ], [ 14.3406124, 53.811261 ], [ 14.3406943, 53.811021 ], [ 14.3408339, 53.8109808 ], [ 14.3409802, 53.8109544 ], [ 14.3410453, 53.811096 ], [ 14.341025, 53.8112592 ], [ 14.3408989, 53.8113073 ], [ 14.3407363, 53.8113145 ], [ 14.340655, 53.8114201 ], [ 14.3406347, 53.8115329 ], [ 14.34072, 53.8115641 ], [ 14.3409152, 53.8115977 ], [ 14.341025, 53.8116601 ], [ 14.3410087, 53.8117297 ], [ 14.3410006, 53.8117753 ], [ 14.3409111, 53.8118377 ], [ 14.3407607, 53.8120322 ] ], [ [ 14.3400287, 53.8137539 ], [ 14.3399609, 53.8138157 ], [ 14.3398592, 53.813903 ], [ 14.3397052, 53.813963 ], [ 14.3395203, 53.8139885 ], [ 14.3393663, 53.8139922 ], [ 14.3393145, 53.8139229 ], [ 14.3398385, 53.8135231 ], [ 14.3400533, 53.8134992 ], [ 14.340155, 53.8135574 ], [ 14.3401026, 53.8136847 ], [ 14.3400287, 53.8137539 ] ], [ [ 14.3386845, 53.8164204 ], [ 14.3387215, 53.8165186 ], [ 14.3386906, 53.8165695 ], [ 14.3385982, 53.8166186 ], [ 14.3384935, 53.8166641 ], [ 14.3383302, 53.8167278 ], [ 14.3381683, 53.8167502 ], [ 14.3382618, 53.816666 ], [ 14.3383873, 53.8163954 ], [ 14.3384719, 53.816333 ], [ 14.338552, 53.8163512 ], [ 14.3385951, 53.816364 ], [ 14.3386845, 53.8164204 ] ], [ [ 14.3377506, 53.8190223 ], [ 14.3378123, 53.8191169 ], [ 14.3378308, 53.8192442 ], [ 14.3377445, 53.8193242 ], [ 14.3376212, 53.8194152 ], [ 14.337498, 53.8194333 ], [ 14.3373916, 53.8193514 ], [ 14.3375543, 53.8192119 ], [ 14.3375156, 53.8189706 ], [ 14.3377506, 53.8190223 ] ], [ [ 14.3410039, 53.8262749 ], [ 14.3408171, 53.8263356 ], [ 14.3408171, 53.8264155 ], [ 14.3408871, 53.8265368 ], [ 14.3407844, 53.8266222 ], [ 14.3405089, 53.826603 ], [ 14.3403814, 53.8265438 ], [ 14.3411588, 53.8260422 ], [ 14.3415335, 53.8259559 ], [ 14.3420764, 53.8259716 ], [ 14.3422236, 53.8259094 ], [ 14.3421915, 53.8258108 ], [ 14.3421096, 53.825726 ], [ 14.3419647, 53.8256769 ], [ 14.3417957, 53.8256231 ], [ 14.3416601, 53.8256174 ], [ 14.3411631, 53.8257453 ], [ 14.3412539, 53.8256328 ], [ 14.3414989, 53.8255886 ], [ 14.3417371, 53.8255528 ], [ 14.3418772, 53.8255776 ], [ 14.342064, 53.8256437 ], [ 14.3422601, 53.8256906 ], [ 14.3424703, 53.8257264 ], [ 14.342503, 53.8256217 ], [ 14.3426944, 53.8255886 ], [ 14.3428299, 53.8256327 ], [ 14.3428766, 53.8256989 ], [ 14.3428906, 53.8257705 ], [ 14.3427972, 53.8259965 ], [ 14.3426804, 53.8260296 ], [ 14.3424983, 53.8260544 ], [ 14.3423162, 53.8260875 ], [ 14.3421574, 53.8260875 ], [ 14.3418959, 53.826082 ], [ 14.3416343, 53.8260076 ], [ 14.3414008, 53.8260324 ], [ 14.3412748, 53.8260903 ], [ 14.341144, 53.8262005 ], [ 14.3410039, 53.8262749 ] ], [ [ 14.3405989, 53.8315853 ], [ 14.340754, 53.8315853 ], [ 14.3409458, 53.8316095 ], [ 14.3410964, 53.8316634 ], [ 14.3411192, 53.8317981 ], [ 14.341037, 53.8319408 ], [ 14.3410117, 53.8320172 ], [ 14.3404393, 53.8317142 ], [ 14.3401317, 53.8316967 ], [ 14.3399823, 53.8316928 ], [ 14.3403341, 53.8316122 ], [ 14.3405989, 53.8315853 ] ], [ [ 14.4206757, 53.6769575 ], [ 14.4205331, 53.6769294 ], [ 14.4204546, 53.6768815 ], [ 14.4204512, 53.6767482 ], [ 14.420616, 53.6767394 ], [ 14.4207143, 53.6767536 ], [ 14.4207862, 53.6767639 ], [ 14.4209415, 53.6767179 ], [ 14.4210819, 53.6767689 ], [ 14.4210832, 53.6768486 ], [ 14.4209905, 53.6769247 ], [ 14.4208037, 53.6769676 ], [ 14.4206757, 53.6769575 ] ], [ [ 14.4180497, 53.6774327 ], [ 14.4179037, 53.6774051 ], [ 14.4178074, 53.6773683 ], [ 14.4178136, 53.6772947 ], [ 14.4178761, 53.6771688 ], [ 14.4185646, 53.6772521 ], [ 14.4185892, 53.6771421 ], [ 14.4192711, 53.6769606 ], [ 14.4196415, 53.6769104 ], [ 14.4197113, 53.676977 ], [ 14.4197336, 53.6770508 ], [ 14.4196828, 53.6771397 ], [ 14.4195278, 53.6772316 ], [ 14.4194657, 53.6772818 ], [ 14.4193399, 53.6773644 ], [ 14.4192091, 53.677386 ], [ 14.4190454, 53.6773901 ], [ 14.41882, 53.6773838 ], [ 14.4186897, 53.6774198 ], [ 14.418612, 53.6775321 ], [ 14.4185623, 53.6775542 ], [ 14.4184381, 53.6775836 ], [ 14.4182517, 53.6775928 ], [ 14.4181616, 53.6775707 ], [ 14.4181056, 53.6775082 ], [ 14.4180497, 53.6774327 ] ], [ [ 14.4153479, 53.677613 ], [ 14.4160883, 53.6775167 ], [ 14.4164142, 53.6774547 ], [ 14.4167438, 53.6774468 ], [ 14.4169602, 53.6773807 ], [ 14.4171263, 53.6772558 ], [ 14.4173471, 53.6771963 ], [ 14.4173818, 53.6772571 ], [ 14.4174066, 53.6773528 ], [ 14.4173911, 53.6774154 ], [ 14.4173041, 53.677443 ], [ 14.4171394, 53.6774908 ], [ 14.4171394, 53.6775332 ], [ 14.4171022, 53.6775957 ], [ 14.4170897, 53.6776436 ], [ 14.4170245, 53.6776749 ], [ 14.416894, 53.6777853 ], [ 14.4167107, 53.6778018 ], [ 14.4166051, 53.6777945 ], [ 14.4164653, 53.6777061 ], [ 14.4163503, 53.6777301 ], [ 14.4163348, 53.6777889 ], [ 14.4162633, 53.6778221 ], [ 14.4160894, 53.6778423 ], [ 14.4158874, 53.6778975 ], [ 14.4155395, 53.6779656 ], [ 14.4152381, 53.6780374 ], [ 14.414971, 53.6780503 ], [ 14.4146323, 53.6780392 ], [ 14.4141415, 53.6780134 ], [ 14.4140141, 53.6779564 ], [ 14.4138991, 53.6778313 ], [ 14.4139791, 53.6777264 ], [ 14.4142456, 53.677713 ], [ 14.414569, 53.6777394 ], [ 14.4150848, 53.6777468 ], [ 14.415248, 53.6777078 ], [ 14.4153479, 53.677613 ] ], [ [ 14.4136167, 53.6779296 ], [ 14.4135049, 53.6780235 ], [ 14.4133962, 53.6780805 ], [ 14.4131911, 53.6781449 ], [ 14.4129395, 53.6781321 ], [ 14.4128867, 53.6780198 ], [ 14.4129296, 53.6778858 ], [ 14.4135207, 53.6777692 ], [ 14.4135919, 53.6778156 ], [ 14.4136323, 53.67788 ], [ 14.4136167, 53.6779296 ] ], [ [ 14.4031449, 53.6813334 ], [ 14.4031027, 53.6812937 ], [ 14.4029514, 53.6813187 ], [ 14.402877, 53.6813113 ], [ 14.4027902, 53.6812247 ], [ 14.4028299, 53.6811439 ], [ 14.4027444, 53.6811161 ], [ 14.4028212, 53.6810824 ], [ 14.4029651, 53.6810662 ], [ 14.4030891, 53.68105 ], [ 14.4031139, 53.6810368 ], [ 14.4032423, 53.6810277 ], [ 14.4033118, 53.6810602 ], [ 14.4035366, 53.6810385 ], [ 14.4036591, 53.6809508 ], [ 14.4037779, 53.6808804 ], [ 14.4040869, 53.6807927 ], [ 14.4042935, 53.6807938 ], [ 14.4043392, 53.6807505 ], [ 14.4044159, 53.6806368 ], [ 14.4044708, 53.6805296 ], [ 14.4047706, 53.6802535 ], [ 14.4050101, 53.6801279 ], [ 14.4054451, 53.6799579 ], [ 14.4061983, 53.6797598 ], [ 14.4068107, 53.6795865 ], [ 14.4070045, 53.6795432 ], [ 14.4072019, 53.679475 ], [ 14.4074231, 53.6793494 ], [ 14.4077138, 53.6791967 ], [ 14.4080319, 53.6791328 ], [ 14.4080374, 53.6791133 ], [ 14.4080831, 53.679017 ], [ 14.408233, 53.6789293 ], [ 14.4083463, 53.6789076 ], [ 14.408456, 53.6789401 ], [ 14.4085785, 53.6789812 ], [ 14.4086461, 53.6789942 ], [ 14.4087741, 53.6789368 ], [ 14.4089167, 53.6788502 ], [ 14.4090995, 53.6787517 ], [ 14.4093847, 53.6786315 ], [ 14.4095565, 53.6785557 ], [ 14.4098125, 53.6784864 ], [ 14.4098819, 53.6784864 ], [ 14.4099989, 53.6784474 ], [ 14.4100867, 53.6784452 ], [ 14.410222, 53.6784193 ], [ 14.4101817, 53.6785016 ], [ 14.4101561, 53.6785514 ], [ 14.4102, 53.6785947 ], [ 14.4101525, 53.6786142 ], [ 14.4100099, 53.678625 ], [ 14.4099075, 53.6786705 ], [ 14.4098307, 53.6786358 ], [ 14.409754, 53.6786965 ], [ 14.4096918, 53.6787788 ], [ 14.4095712, 53.6789087 ], [ 14.4093883, 53.6789953 ], [ 14.4092055, 53.6790884 ], [ 14.4089752, 53.6791989 ], [ 14.4088326, 53.6792573 ], [ 14.40869, 53.6792487 ], [ 14.4085511, 53.6792595 ], [ 14.4085803, 53.6793548 ], [ 14.4084889, 53.6793678 ], [ 14.408339, 53.6794133 ], [ 14.4081452, 53.6794739 ], [ 14.4079405, 53.6794306 ], [ 14.4078491, 53.6794349 ], [ 14.4077504, 53.6794869 ], [ 14.4076553, 53.6795064 ], [ 14.4075018, 53.679541 ], [ 14.407425, 53.6796212 ], [ 14.4074396, 53.6797316 ], [ 14.4073884, 53.6798421 ], [ 14.4073189, 53.6798745 ], [ 14.4071179, 53.6799525 ], [ 14.4069497, 53.6800196 ], [ 14.4067815, 53.680011 ], [ 14.4066828, 53.6799525 ], [ 14.4066096, 53.6799417 ], [ 14.4065475, 53.6800391 ], [ 14.4065365, 53.6801214 ], [ 14.4063683, 53.680169 ], [ 14.4061599, 53.6801972 ], [ 14.4059625, 53.6801582 ], [ 14.4058272, 53.6801842 ], [ 14.4056883, 53.6802362 ], [ 14.4055164, 53.680273 ], [ 14.4054433, 53.6804224 ], [ 14.4052971, 53.6804766 ], [ 14.4052715, 53.6805415 ], [ 14.4051764, 53.6806108 ], [ 14.4051618, 53.6807039 ], [ 14.4050704, 53.6807537 ], [ 14.4050119, 53.6808642 ], [ 14.4049534, 53.6809681 ], [ 14.4048363, 53.6810763 ], [ 14.4047297, 53.6811057 ], [ 14.4045908, 53.6811571 ], [ 14.4044569, 53.6811791 ], [ 14.4042089, 53.6812408 ], [ 14.4041146, 53.681254 ], [ 14.4040253, 53.6813319 ], [ 14.4040725, 53.6814156 ], [ 14.4040229, 53.6815067 ], [ 14.4039609, 53.6815713 ], [ 14.4035591, 53.6815846 ], [ 14.4034996, 53.6815038 ], [ 14.4032739, 53.6814524 ], [ 14.4031548, 53.6814009 ], [ 14.4031449, 53.6813334 ] ], [ [ 14.4024878, 53.6812769 ], [ 14.4024605, 53.6813239 ], [ 14.4023663, 53.6813709 ], [ 14.4022621, 53.6813694 ], [ 14.4021951, 53.6813166 ], [ 14.4021505, 53.6812607 ], [ 14.4021902, 53.6812208 ], [ 14.402303, 53.6812213 ], [ 14.4023377, 53.6812007 ], [ 14.4024109, 53.6812299 ], [ 14.4024878, 53.6812769 ] ], [ [ 14.3945733, 53.6854204 ], [ 14.3943353, 53.6854483 ], [ 14.394241, 53.6853954 ], [ 14.3938789, 53.6853778 ], [ 14.393802, 53.6853279 ], [ 14.3936359, 53.6852104 ], [ 14.3936011, 53.6851164 ], [ 14.3936532, 53.6850327 ], [ 14.3936135, 53.684968 ], [ 14.3937946, 53.6849372 ], [ 14.3939533, 53.6848623 ], [ 14.394184, 53.6846816 ], [ 14.3943948, 53.6845289 ], [ 14.3946403, 53.6842233 ], [ 14.3949131, 53.684003 ], [ 14.3950991, 53.6839443 ], [ 14.3952951, 53.6838268 ], [ 14.3955555, 53.6837651 ], [ 14.395677, 53.6837886 ], [ 14.3959473, 53.6837871 ], [ 14.3961011, 53.6837019 ], [ 14.3962375, 53.6836667 ], [ 14.3966244, 53.683605 ], [ 14.3967683, 53.6835771 ], [ 14.3971353, 53.683464 ], [ 14.3972817, 53.6834052 ], [ 14.3975346, 53.6833406 ], [ 14.3977628, 53.6832613 ], [ 14.3980108, 53.683132 ], [ 14.3981398, 53.6830248 ], [ 14.3983655, 53.6829028 ], [ 14.3985936, 53.6827736 ], [ 14.3988045, 53.6826781 ], [ 14.3989012, 53.682637 ], [ 14.3990475, 53.6825283 ], [ 14.3992732, 53.682496 ], [ 14.3994543, 53.6824357 ], [ 14.3996006, 53.6823461 ], [ 14.3997568, 53.6822272 ], [ 14.3998808, 53.6821831 ], [ 14.400042, 53.6821699 ], [ 14.4002057, 53.6822037 ], [ 14.4003669, 53.6821816 ], [ 14.4005108, 53.6820906 ], [ 14.4007018, 53.6820259 ], [ 14.4009845, 53.6819011 ], [ 14.4011482, 53.681741 ], [ 14.4012945, 53.6816881 ], [ 14.4015946, 53.6816396 ], [ 14.4018749, 53.6814927 ], [ 14.4020485, 53.6812959 ], [ 14.4021254, 53.6813297 ], [ 14.4021874, 53.6813958 ], [ 14.4022568, 53.6814795 ], [ 14.4022791, 53.6815515 ], [ 14.4024007, 53.6816102 ], [ 14.4024279, 53.6817101 ], [ 14.4023486, 53.6817762 ], [ 14.4020733, 53.6819863 ], [ 14.401793, 53.6820964 ], [ 14.4016368, 53.6821067 ], [ 14.4013416, 53.6822536 ], [ 14.4012325, 53.6822977 ], [ 14.4009771, 53.6823491 ], [ 14.4008431, 53.6823946 ], [ 14.4006869, 53.6824049 ], [ 14.4005753, 53.6823432 ], [ 14.4005405, 53.6822228 ], [ 14.4003446, 53.6822624 ], [ 14.4001784, 53.6823241 ], [ 14.3998213, 53.6824637 ], [ 14.3998263, 53.6826061 ], [ 14.3997618, 53.6828926 ], [ 14.3993402, 53.682991 ], [ 14.3992236, 53.6829454 ], [ 14.3992236, 53.6828412 ], [ 14.3991318, 53.6828911 ], [ 14.3989508, 53.682941 ], [ 14.3987722, 53.6830615 ], [ 14.3986432, 53.683154 ], [ 14.3986184, 53.6832275 ], [ 14.3987673, 53.6832759 ], [ 14.3988913, 53.6833288 ], [ 14.3989285, 53.6834346 ], [ 14.398797, 53.6835242 ], [ 14.398492, 53.6836182 ], [ 14.3980183, 53.683746 ], [ 14.3975123, 53.6840016 ], [ 14.3974354, 53.6839692 ], [ 14.3972841, 53.683884 ], [ 14.3972023, 53.6838576 ], [ 14.3969344, 53.6839501 ], [ 14.396741, 53.6838796 ], [ 14.3966715, 53.6838341 ], [ 14.396555, 53.6837959 ], [ 14.3963789, 53.6839002 ], [ 14.3958804, 53.6839839 ], [ 14.3957936, 53.6840353 ], [ 14.3956795, 53.68405 ], [ 14.3955208, 53.6840779 ], [ 14.3953918, 53.6841675 ], [ 14.3953918, 53.6842542 ], [ 14.3953347, 53.6843291 ], [ 14.3952355, 53.6843864 ], [ 14.3951636, 53.6843996 ], [ 14.3950272, 53.6844011 ], [ 14.3949751, 53.6845054 ], [ 14.3950272, 53.6846067 ], [ 14.3950272, 53.6848167 ], [ 14.3950173, 53.6849269 ], [ 14.3950098, 53.6850253 ], [ 14.3949875, 53.685134 ], [ 14.3949181, 53.6851869 ], [ 14.3945733, 53.6854204 ] ], [ [ 14.3929369, 53.6858285 ], [ 14.392803, 53.6858858 ], [ 14.3925575, 53.6859842 ], [ 14.3923591, 53.6859783 ], [ 14.3923417, 53.6859195 ], [ 14.3923467, 53.6858006 ], [ 14.3922549, 53.6857844 ], [ 14.3922326, 53.6856522 ], [ 14.3924558, 53.6855876 ], [ 14.3925972, 53.685523 ], [ 14.3926939, 53.6854569 ], [ 14.3927509, 53.6853614 ], [ 14.3928898, 53.6852718 ], [ 14.3930609, 53.6853497 ], [ 14.3931676, 53.6853526 ], [ 14.393113, 53.6854613 ], [ 14.3931924, 53.6854833 ], [ 14.3931874, 53.6855259 ], [ 14.3931502, 53.6855891 ], [ 14.3931229, 53.6856566 ], [ 14.3930857, 53.6857506 ], [ 14.3929369, 53.6858285 ] ], [ [ 14.3834444, 53.6916199 ], [ 14.3834423, 53.6916783 ], [ 14.3834213, 53.691743 ], [ 14.3833415, 53.6917704 ], [ 14.3832385, 53.6917853 ], [ 14.3831209, 53.6917978 ], [ 14.3829549, 53.6917841 ], [ 14.3829153, 53.6917244 ], [ 14.3829802, 53.6916631 ], [ 14.3830574, 53.6915427 ], [ 14.3831328, 53.6914398 ], [ 14.3832082, 53.6913869 ], [ 14.3833625, 53.6913713 ], [ 14.3835922, 53.6913474 ], [ 14.3836712, 53.6912945 ], [ 14.3837606, 53.6911231 ], [ 14.3838378, 53.691066 ], [ 14.3840079, 53.6909653 ], [ 14.3842727, 53.6907981 ], [ 14.3843586, 53.6906932 ], [ 14.3844358, 53.6906164 ], [ 14.3846217, 53.6904731 ], [ 14.3847795, 53.6903754 ], [ 14.3852618, 53.6901086 ], [ 14.3853197, 53.6899081 ], [ 14.3854354, 53.6898292 ], [ 14.385595, 53.6897825 ], [ 14.3857528, 53.6897887 ], [ 14.3858212, 53.6896952 ], [ 14.3858598, 53.6896288 ], [ 14.3858598, 53.6895987 ], [ 14.3858616, 53.6895291 ], [ 14.3859527, 53.6893951 ], [ 14.3862702, 53.6892206 ], [ 14.386435, 53.689123 ], [ 14.3865613, 53.6890493 ], [ 14.386763, 53.6889486 ], [ 14.3869541, 53.6888458 ], [ 14.3870681, 53.6887201 ], [ 14.3870962, 53.6886713 ], [ 14.3872102, 53.6884875 ], [ 14.3872961, 53.6884096 ], [ 14.3875241, 53.6883151 ], [ 14.3876556, 53.6882642 ], [ 14.3877696, 53.6882123 ], [ 14.3879432, 53.6880627 ], [ 14.3882186, 53.687883 ], [ 14.3883274, 53.6877436 ], [ 14.3885431, 53.6874396 ], [ 14.3885431, 53.6873353 ], [ 14.388563, 53.6872663 ], [ 14.3887316, 53.6871033 ], [ 14.3889325, 53.6870034 ], [ 14.3892029, 53.6868697 ], [ 14.389307, 53.6868051 ], [ 14.3894658, 53.686742 ], [ 14.3896344, 53.6866861 ], [ 14.389875, 53.686576 ], [ 14.3901205, 53.6864526 ], [ 14.3904677, 53.6863072 ], [ 14.3907058, 53.6862573 ], [ 14.3909191, 53.6861735 ], [ 14.3911091, 53.6861362 ], [ 14.3912503, 53.6861003 ], [ 14.3913804, 53.6859694 ], [ 14.3915747, 53.6858256 ], [ 14.3917923, 53.6858702 ], [ 14.3919962, 53.685967 ], [ 14.3920032, 53.6860209 ], [ 14.3919613, 53.6861396 ], [ 14.3918354, 53.6862237 ], [ 14.3917538, 53.6862997 ], [ 14.3916839, 53.6864004 ], [ 14.3915674, 53.6864749 ], [ 14.3914625, 53.6864763 ], [ 14.3912551, 53.6864391 ], [ 14.3911199, 53.686446 ], [ 14.3908682, 53.6865039 ], [ 14.3906375, 53.6865232 ], [ 14.3905046, 53.6864611 ], [ 14.3904813, 53.6864984 ], [ 14.3904487, 53.6865729 ], [ 14.3903671, 53.6866461 ], [ 14.3902832, 53.6866792 ], [ 14.3901877, 53.6867385 ], [ 14.3900758, 53.6867758 ], [ 14.3899849, 53.6867275 ], [ 14.3899034, 53.6867703 ], [ 14.3897729, 53.686831 ], [ 14.389668, 53.6868586 ], [ 14.3895887, 53.6869359 ], [ 14.3895025, 53.6869801 ], [ 14.389365, 53.686947 ], [ 14.3892648, 53.6869097 ], [ 14.3892275, 53.6869414 ], [ 14.3892531, 53.6869925 ], [ 14.3893114, 53.6870836 ], [ 14.3892764, 53.6871498 ], [ 14.3892042, 53.6872216 ], [ 14.3889921, 53.6874052 ], [ 14.3889618, 53.6874811 ], [ 14.3890154, 53.6877102 ], [ 14.3889245, 53.6877957 ], [ 14.3889012, 53.6878689 ], [ 14.3890644, 53.6879738 ], [ 14.3892228, 53.6881974 ], [ 14.3891692, 53.6882967 ], [ 14.3888826, 53.6883726 ], [ 14.3887101, 53.6885024 ], [ 14.3882277, 53.6886445 ], [ 14.3881018, 53.6886003 ], [ 14.3879643, 53.6885479 ], [ 14.3878455, 53.6885286 ], [ 14.3877383, 53.6885369 ], [ 14.3876404, 53.6886003 ], [ 14.3875192, 53.6887108 ], [ 14.3874912, 53.6887991 ], [ 14.3875192, 53.6888281 ], [ 14.3875961, 53.6889813 ], [ 14.3875495, 53.6890406 ], [ 14.3875332, 53.689209 ], [ 14.3875844, 53.6894698 ], [ 14.3875378, 53.6895788 ], [ 14.3872535, 53.6896961 ], [ 14.3870111, 53.6897679 ], [ 14.3869645, 53.6897306 ], [ 14.3869319, 53.6896423 ], [ 14.3868899, 53.6895692 ], [ 14.3870391, 53.6894546 ], [ 14.3871253, 53.689445 ], [ 14.3871626, 53.6893829 ], [ 14.3870927, 53.6893166 ], [ 14.3870204, 53.6892863 ], [ 14.3868713, 53.6892531 ], [ 14.386855, 53.6892876 ], [ 14.3868713, 53.6894091 ], [ 14.3868154, 53.6894588 ], [ 14.3867012, 53.6895153 ], [ 14.3865287, 53.6894201 ], [ 14.3864192, 53.6893898 ], [ 14.3862187, 53.6893939 ], [ 14.3862281, 53.6894753 ], [ 14.386242, 53.6895774 ], [ 14.386298, 53.6896727 ], [ 14.3864355, 53.6896934 ], [ 14.3865543, 53.6897086 ], [ 14.3866009, 53.6897762 ], [ 14.3865893, 53.6898659 ], [ 14.3866359, 53.6899156 ], [ 14.3867315, 53.6900135 ], [ 14.3868177, 53.6900839 ], [ 14.3868037, 53.6901447 ], [ 14.3867454, 53.6902357 ], [ 14.3866266, 53.6903337 ], [ 14.3864774, 53.6903724 ], [ 14.3862584, 53.6903806 ], [ 14.3861115, 53.6902882 ], [ 14.3860416, 53.6901102 ], [ 14.3859414, 53.690146 ], [ 14.3858295, 53.6900646 ], [ 14.3858505, 53.6901654 ], [ 14.3858319, 53.690233 ], [ 14.3857573, 53.6902578 ], [ 14.3856617, 53.6902951 ], [ 14.3855778, 53.6903903 ], [ 14.3856291, 53.6905269 ], [ 14.3856641, 53.6906235 ], [ 14.3855289, 53.6906967 ], [ 14.3853378, 53.690745 ], [ 14.3851676, 53.6908443 ], [ 14.3850232, 53.6909823 ], [ 14.3847924, 53.6910817 ], [ 14.3844508, 53.6913039 ], [ 14.3843373, 53.6913225 ], [ 14.3841966, 53.6913288 ], [ 14.384144, 53.6913574 ], [ 14.3841882, 53.6914308 ], [ 14.3842617, 53.6914967 ], [ 14.3842869, 53.6915639 ], [ 14.3842428, 53.6916323 ], [ 14.3841335, 53.6917107 ], [ 14.3840138, 53.6917754 ], [ 14.3837596, 53.691799 ], [ 14.3835369, 53.6917604 ], [ 14.3835243, 53.6917331 ], [ 14.3835285, 53.6916572 ], [ 14.3835075, 53.6915937 ], [ 14.3834717, 53.6915738 ], [ 14.3834444, 53.6916199 ] ], [ [ 14.3827604, 53.6920381 ], [ 14.3826904, 53.6920613 ], [ 14.3826431, 53.6920844 ], [ 14.3825381, 53.6921332 ], [ 14.3824723, 53.6921429 ], [ 14.3824126, 53.6921088 ], [ 14.3824805, 53.6920552 ], [ 14.3825499, 53.6920283 ], [ 14.3826255, 53.691986 ], [ 14.3827138, 53.6918653 ], [ 14.3827642, 53.6918566 ], [ 14.3828482, 53.6918703 ], [ 14.3829044, 53.6918809 ], [ 14.3829559, 53.6919236 ], [ 14.3829373, 53.6919699 ], [ 14.3828427, 53.6920016 ], [ 14.3827604, 53.6920381 ] ], [ [ 14.3817449, 53.6925567 ], [ 14.3817079, 53.6925384 ], [ 14.3815762, 53.6925799 ], [ 14.3815515, 53.6925616 ], [ 14.3815186, 53.6924653 ], [ 14.3815289, 53.6924142 ], [ 14.381603, 53.6923898 ], [ 14.3816606, 53.6923593 ], [ 14.3817367, 53.6923045 ], [ 14.3819075, 53.6922168 ], [ 14.3821586, 53.6920584 ], [ 14.382282, 53.6920352 ], [ 14.3822841, 53.6920949 ], [ 14.3822861, 53.6921571 ], [ 14.3822388, 53.6921924 ], [ 14.3821874, 53.692218 ], [ 14.3821853, 53.692257 ], [ 14.3822779, 53.6922887 ], [ 14.38221, 53.6923021 ], [ 14.3821071, 53.6923252 ], [ 14.3820886, 53.69238 ], [ 14.3820186, 53.692469 ], [ 14.3818993, 53.6925275 ], [ 14.3817984, 53.692575 ], [ 14.3817449, 53.6925567 ] ], [ [ 14.3812486, 53.6928863 ], [ 14.3812445, 53.6929789 ], [ 14.3810922, 53.693013 ], [ 14.3810161, 53.6930203 ], [ 14.3809255, 53.6930654 ], [ 14.3808329, 53.6930813 ], [ 14.3807753, 53.693035 ], [ 14.3808288, 53.6930155 ], [ 14.3808638, 53.6929728 ], [ 14.3809152, 53.6929192 ], [ 14.3809461, 53.6928814 ], [ 14.3809646, 53.6928059 ], [ 14.3809708, 53.6927754 ], [ 14.380979, 53.6927035 ], [ 14.3810552, 53.6926073 ], [ 14.3811786, 53.6925159 ], [ 14.3812003, 53.6925253 ], [ 14.3812321, 53.692539 ], [ 14.3812918, 53.6926109 ], [ 14.3813762, 53.6927108 ], [ 14.3813597, 53.6927669 ], [ 14.3812898, 53.6928193 ], [ 14.3812486, 53.6928863 ] ], [ [ 14.3783567, 53.6947336 ], [ 14.378299, 53.6946812 ], [ 14.3782229, 53.6946947 ], [ 14.3781756, 53.6946447 ], [ 14.3782342, 53.6946171 ], [ 14.3782455, 53.6946118 ], [ 14.3783114, 53.6945765 ], [ 14.3784184, 53.6945363 ], [ 14.378581, 53.6944437 ], [ 14.3787127, 53.6943377 ], [ 14.3788176, 53.6942633 ], [ 14.3789431, 53.6942719 ], [ 14.3789884, 53.6942548 ], [ 14.3790275, 53.6941866 ], [ 14.3790342, 53.69416 ], [ 14.3790154, 53.6941362 ], [ 14.3789669, 53.6941256 ], [ 14.3789843, 53.6940964 ], [ 14.379116, 53.6939843 ], [ 14.3797395, 53.6936651 ], [ 14.3799926, 53.6935566 ], [ 14.3801305, 53.6934775 ], [ 14.3802478, 53.6933739 ], [ 14.3803095, 53.693341 ], [ 14.3805071, 53.6931667 ], [ 14.38061, 53.6931631 ], [ 14.3806285, 53.6931887 ], [ 14.3806614, 53.693235 ], [ 14.3807231, 53.6932508 ], [ 14.380791, 53.6932825 ], [ 14.3807952, 53.6933422 ], [ 14.3807396, 53.6934019 ], [ 14.3806882, 53.6934665 ], [ 14.3806449, 53.6935713 ], [ 14.3805729, 53.693648 ], [ 14.3804906, 53.6936444 ], [ 14.3804186, 53.6936882 ], [ 14.3803301, 53.6937504 ], [ 14.3803178, 53.6938259 ], [ 14.3800564, 53.693921 ], [ 14.3798218, 53.6939965 ], [ 14.379723, 53.6939965 ], [ 14.3796469, 53.6939843 ], [ 14.3795749, 53.6940172 ], [ 14.3794658, 53.6940209 ], [ 14.3794061, 53.6940806 ], [ 14.379367, 53.6941488 ], [ 14.3794288, 53.6941817 ], [ 14.3794473, 53.6942475 ], [ 14.3793773, 53.6943182 ], [ 14.3793465, 53.6943584 ], [ 14.3793959, 53.6943827 ], [ 14.3794679, 53.6944363 ], [ 14.3793876, 53.6945009 ], [ 14.3793033, 53.6946057 ], [ 14.3791592, 53.6947202 ], [ 14.3789514, 53.6947836 ], [ 14.3789164, 53.6946959 ], [ 14.3788279, 53.6946715 ], [ 14.3787332, 53.6947056 ], [ 14.3787086, 53.6947361 ], [ 14.3787065, 53.694797 ], [ 14.3786159, 53.6948116 ], [ 14.3785871, 53.6947592 ], [ 14.3785604, 53.6947105 ], [ 14.3784781, 53.6947154 ], [ 14.3784328, 53.6947653 ], [ 14.3783567, 53.6947336 ] ], [ [ 14.3728257, 53.6975244 ], [ 14.3727578, 53.6974842 ], [ 14.3726549, 53.6975061 ], [ 14.3725643, 53.6975122 ], [ 14.3725808, 53.6974586 ], [ 14.3726775, 53.6974074 ], [ 14.372482, 53.6973758 ], [ 14.372517, 53.69731 ], [ 14.3726631, 53.6973124 ], [ 14.3728318, 53.6972685 ], [ 14.3729512, 53.6972149 ], [ 14.3731693, 53.6970919 ], [ 14.3731961, 53.6969664 ], [ 14.3732722, 53.6968982 ], [ 14.3735521, 53.6967605 ], [ 14.373904, 53.6966569 ], [ 14.374085, 53.696646 ], [ 14.374404, 53.6965375 ], [ 14.3746468, 53.6963938 ], [ 14.3749576, 53.6961928 ], [ 14.3752889, 53.6960356 ], [ 14.3755481, 53.6959674 ], [ 14.3757663, 53.6958638 ], [ 14.3759041, 53.6957749 ], [ 14.3761037, 53.6956725 ], [ 14.3763733, 53.6955982 ], [ 14.3765688, 53.6955848 ], [ 14.3767108, 53.6955689 ], [ 14.3770154, 53.6954593 ], [ 14.3773096, 53.6954264 ], [ 14.3774539, 53.6954393 ], [ 14.3776162, 53.6954837 ], [ 14.3776697, 53.6954325 ], [ 14.3776656, 53.6953411 ], [ 14.3775998, 53.6952887 ], [ 14.3776162, 53.6952449 ], [ 14.3778014, 53.6950231 ], [ 14.3780237, 53.6948343 ], [ 14.3781554, 53.6947709 ], [ 14.3782171, 53.6947563 ], [ 14.3783303, 53.6947697 ], [ 14.3784167, 53.6947953 ], [ 14.3784826, 53.6948416 ], [ 14.3784044, 53.6948745 ], [ 14.3784064, 53.6949098 ], [ 14.3785052, 53.6948915 ], [ 14.378534, 53.6949269 ], [ 14.3785134, 53.6949744 ], [ 14.3784805, 53.6950195 ], [ 14.3785999, 53.6950219 ], [ 14.3786842, 53.6949939 ], [ 14.3787851, 53.6949622 ], [ 14.3789394, 53.6949927 ], [ 14.3789353, 53.6950584 ], [ 14.3788036, 53.6951535 ], [ 14.378604, 53.6951669 ], [ 14.378532, 53.6951986 ], [ 14.3784188, 53.6952546 ], [ 14.37825, 53.6952351 ], [ 14.3781698, 53.695307 ], [ 14.3781677, 53.6953435 ], [ 14.3781616, 53.695469 ], [ 14.3780792, 53.6957176 ], [ 14.3777994, 53.6958516 ], [ 14.3777685, 53.6958187 ], [ 14.3777109, 53.6957846 ], [ 14.3776204, 53.6958406 ], [ 14.3774887, 53.6958443 ], [ 14.3773858, 53.6957005 ], [ 14.3773076, 53.6956457 ], [ 14.3771697, 53.6956786 ], [ 14.3770771, 53.695742 ], [ 14.3769536, 53.6957907 ], [ 14.3767828, 53.6958382 ], [ 14.3766655, 53.6958224 ], [ 14.3766285, 53.6957395 ], [ 14.3764803, 53.6957554 ], [ 14.3763548, 53.6957383 ], [ 14.3762787, 53.6957797 ], [ 14.3762272, 53.6958492 ], [ 14.3760585, 53.6958735 ], [ 14.3759823, 53.6959028 ], [ 14.3760173, 53.6959625 ], [ 14.3756305, 53.6962439 ], [ 14.3754308, 53.6962378 ], [ 14.3753732, 53.6962817 ], [ 14.3750563, 53.6964571 ], [ 14.3749699, 53.6964632 ], [ 14.3748876, 53.6964791 ], [ 14.3748732, 53.6966533 ], [ 14.3742476, 53.696925 ], [ 14.3740192, 53.6969384 ], [ 14.3737311, 53.6970541 ], [ 14.3737373, 53.6970992 ], [ 14.373336, 53.6973624 ], [ 14.3728895, 53.6975207 ], [ 14.3728257, 53.6975244 ] ], [ [ 14.3679125, 53.6992493 ], [ 14.3679009, 53.6992229 ], [ 14.3677501, 53.6992149 ], [ 14.3676766, 53.6992252 ], [ 14.3676244, 53.6992012 ], [ 14.3674736, 53.6992058 ], [ 14.3673846, 53.6991497 ], [ 14.3673528, 53.6991151 ], [ 14.3673818, 53.6990934 ], [ 14.3674765, 53.6990464 ], [ 14.3676409, 53.6990052 ], [ 14.3678188, 53.6989468 ], [ 14.3680063, 53.6989526 ], [ 14.3682693, 53.698885 ], [ 14.3692747, 53.6986046 ], [ 14.3693888, 53.6985966 ], [ 14.3695106, 53.6985966 ], [ 14.3696692, 53.6985382 ], [ 14.3697388, 53.6984535 ], [ 14.3698355, 53.6984237 ], [ 14.3699283, 53.6983882 ], [ 14.3700021, 53.6983221 ], [ 14.3700582, 53.6982776 ], [ 14.3701881, 53.6982218 ], [ 14.3704738, 53.6981497 ], [ 14.37075, 53.6980939 ], [ 14.3708457, 53.6980817 ], [ 14.3709127, 53.6980542 ], [ 14.3709264, 53.6980032 ], [ 14.3708908, 53.6979538 ], [ 14.3712805, 53.6978041 ], [ 14.3713215, 53.6978227 ], [ 14.371286, 53.6978607 ], [ 14.3712559, 53.6978972 ], [ 14.3712832, 53.6979352 ], [ 14.3713447, 53.697903 ], [ 14.3713409, 53.6979809 ], [ 14.371337, 53.6980748 ], [ 14.3713331, 53.6981526 ], [ 14.3713099, 53.698235 ], [ 14.3711591, 53.6983014 ], [ 14.371016, 53.6983586 ], [ 14.3709193, 53.6983449 ], [ 14.3708536, 53.6983655 ], [ 14.3707647, 53.6983495 ], [ 14.3706409, 53.6983426 ], [ 14.3705288, 53.6983541 ], [ 14.3704591, 53.6984594 ], [ 14.3703625, 53.6985326 ], [ 14.3702774, 53.6986242 ], [ 14.3704707, 53.6985349 ], [ 14.3704359, 53.6985716 ], [ 14.3703354, 53.6986471 ], [ 14.3702194, 53.6987387 ], [ 14.3699255, 53.6988326 ], [ 14.3696703, 53.698899 ], [ 14.3694576, 53.6989402 ], [ 14.3693725, 53.6989058 ], [ 14.3692062, 53.6989219 ], [ 14.3690438, 53.6989745 ], [ 14.3689278, 53.6990272 ], [ 14.3688465, 53.699089 ], [ 14.368742, 53.6990993 ], [ 14.3686008, 53.6992229 ], [ 14.3685177, 53.6992046 ], [ 14.3684268, 53.6992195 ], [ 14.368334, 53.6992596 ], [ 14.3682219, 53.6992561 ], [ 14.3682161, 53.6991874 ], [ 14.3681832, 53.6991771 ], [ 14.3681155, 53.6992286 ], [ 14.3680072, 53.6992584 ], [ 14.3679125, 53.6992493 ] ], [ [ 14.3671741, 53.6991875 ], [ 14.3672343, 53.6992118 ], [ 14.3672151, 53.6992669 ], [ 14.3671413, 53.6992733 ], [ 14.3670511, 53.6992588 ], [ 14.3668925, 53.6991827 ], [ 14.3669155, 53.6991545 ], [ 14.367021, 53.6991681 ], [ 14.3670948, 53.6991859 ], [ 14.3671741, 53.6991875 ] ], [ [ 14.3651911, 53.7012006 ], [ 14.365173, 53.701249 ], [ 14.3651185, 53.7013215 ], [ 14.3649779, 53.7013698 ], [ 14.364801, 53.7013886 ], [ 14.3646467, 53.7013806 ], [ 14.3645469, 53.7013188 ], [ 14.3645197, 53.7012866 ], [ 14.3645454, 53.7012706 ], [ 14.3646059, 53.7012329 ], [ 14.3647964, 53.7010717 ], [ 14.3649552, 53.7009025 ], [ 14.3652683, 53.7007387 ], [ 14.3657582, 53.7004084 ], [ 14.3658671, 53.7003412 ], [ 14.3659714, 53.7002284 ], [ 14.3661075, 53.7001317 ], [ 14.3664478, 53.7000404 ], [ 14.3665703, 53.6999813 ], [ 14.3666656, 53.6999061 ], [ 14.366788, 53.6997933 ], [ 14.3669015, 53.69971 ], [ 14.3669604, 53.6996375 ], [ 14.3670194, 53.6995006 ], [ 14.3670927, 53.6993174 ], [ 14.3673007, 53.699326 ], [ 14.3674141, 53.6992991 ], [ 14.3675321, 53.6992212 ], [ 14.3675896, 53.6992177 ], [ 14.3676521, 53.6992321 ], [ 14.3676863, 53.6992669 ], [ 14.3676591, 53.6993367 ], [ 14.3676999, 53.6993689 ], [ 14.3677317, 53.6994656 ], [ 14.3677453, 53.6995382 ], [ 14.3677135, 53.6996134 ], [ 14.36765, 53.6996939 ], [ 14.3675366, 53.6997611 ], [ 14.3673597, 53.6998417 ], [ 14.3673461, 53.6999383 ], [ 14.3673551, 53.7000162 ], [ 14.3672644, 53.7001532 ], [ 14.3671827, 53.7002579 ], [ 14.3669922, 53.7002982 ], [ 14.3668606, 53.7003493 ], [ 14.3667926, 53.7003117 ], [ 14.3667018, 53.7002929 ], [ 14.3664296, 53.7003761 ], [ 14.3663707, 53.7004352 ], [ 14.3663525, 53.7005507 ], [ 14.3661756, 53.7006554 ], [ 14.3660077, 53.7007468 ], [ 14.3658535, 53.7008327 ], [ 14.365486, 53.7008757 ], [ 14.3652819, 53.7009321 ], [ 14.365232, 53.7009965 ], [ 14.3651911, 53.7012006 ] ], [ [ 14.3601998, 53.7043687 ], [ 14.3601517, 53.7043313 ], [ 14.3600758, 53.7043418 ], [ 14.3599645, 53.7043822 ], [ 14.3598025, 53.7044032 ], [ 14.3597139, 53.7043567 ], [ 14.3597595, 53.7043193 ], [ 14.3598677, 53.7042932 ], [ 14.35989, 53.7042816 ], [ 14.3599765, 53.7042368 ], [ 14.3603916, 53.7040596 ], [ 14.360623, 53.7039441 ], [ 14.3609247, 53.7036621 ], [ 14.3614805, 53.7033224 ], [ 14.3616733, 53.7032083 ], [ 14.3620294, 53.7029907 ], [ 14.3622721, 53.7027907 ], [ 14.3625466, 53.7025678 ], [ 14.3626419, 53.7024872 ], [ 14.3628936, 53.7023328 ], [ 14.3634471, 53.7019568 ], [ 14.3640255, 53.7015687 ], [ 14.3642138, 53.7014129 ], [ 14.3643008, 53.7013856 ], [ 14.3643681, 53.7013646 ], [ 14.3644225, 53.7014451 ], [ 14.3644497, 53.701523 ], [ 14.3644452, 53.7015821 ], [ 14.3643998, 53.7016734 ], [ 14.3643363, 53.7017486 ], [ 14.3642637, 53.7017782 ], [ 14.3641866, 53.7018534 ], [ 14.3640777, 53.7018587 ], [ 14.3639779, 53.7019259 ], [ 14.3640369, 53.7019715 ], [ 14.3640142, 53.7020226 ], [ 14.3638872, 53.7021112 ], [ 14.3638237, 53.7022347 ], [ 14.3637556, 53.7023287 ], [ 14.3636876, 53.7024039 ], [ 14.3634607, 53.7024469 ], [ 14.3633564, 53.7025194 ], [ 14.3633156, 53.7025946 ], [ 14.3632702, 53.702643 ], [ 14.3631522, 53.7027208 ], [ 14.3630388, 53.702788 ], [ 14.3629572, 53.7028417 ], [ 14.3628619, 53.7029008 ], [ 14.3627893, 53.7029518 ], [ 14.3626141, 53.7030954 ], [ 14.3625787, 53.7031253 ], [ 14.3624344, 53.7032182 ], [ 14.3623256, 53.7032437 ], [ 14.3621535, 53.7032766 ], [ 14.3619991, 53.7033051 ], [ 14.3619384, 53.703359 ], [ 14.3618245, 53.703416 ], [ 14.3617031, 53.7034429 ], [ 14.3614829, 53.7034729 ], [ 14.3614196, 53.7035178 ], [ 14.3613943, 53.7035508 ], [ 14.3614652, 53.7036062 ], [ 14.3613943, 53.7036796 ], [ 14.3612804, 53.7037635 ], [ 14.3611868, 53.7038384 ], [ 14.3610451, 53.7039133 ], [ 14.3609388, 53.7039837 ], [ 14.3609236, 53.7040197 ], [ 14.3610932, 53.7039508 ], [ 14.3611463, 53.7039373 ], [ 14.3611109, 53.7039852 ], [ 14.36104, 53.7040392 ], [ 14.360954, 53.7041111 ], [ 14.3608679, 53.704159 ], [ 14.3607793, 53.7042069 ], [ 14.3606857, 53.7042489 ], [ 14.3605718, 53.7043058 ], [ 14.3603997, 53.7043403 ], [ 14.3602681, 53.7043897 ], [ 14.3601998, 53.7043687 ] ], [ [ 14.3584392, 53.7055171 ], [ 14.3583709, 53.7055291 ], [ 14.358257, 53.7055157 ], [ 14.3581634, 53.7054962 ], [ 14.3580141, 53.7054482 ], [ 14.3579938, 53.7054363 ], [ 14.3579153, 53.7053797 ], [ 14.3582241, 53.70527 ], [ 14.3583102, 53.7052175 ], [ 14.3584063, 53.7050887 ], [ 14.3584468, 53.7050647 ], [ 14.3585202, 53.7050093 ], [ 14.3585885, 53.7049749 ], [ 14.3587151, 53.7049134 ], [ 14.3588366, 53.7048535 ], [ 14.3589277, 53.7048131 ], [ 14.3590491, 53.7047187 ], [ 14.3591478, 53.7046063 ], [ 14.3592136, 53.7046004 ], [ 14.3592592, 53.7045884 ], [ 14.3593402, 53.7045599 ], [ 14.3594212, 53.7045794 ], [ 14.3594515, 53.7046438 ], [ 14.359487, 53.7046857 ], [ 14.3594287, 53.7047517 ], [ 14.3593275, 53.704843 ], [ 14.3592465, 53.7049194 ], [ 14.35912, 53.7050093 ], [ 14.3590238, 53.7050887 ], [ 14.3588973, 53.7051337 ], [ 14.358791, 53.7051756 ], [ 14.3587682, 53.705225 ], [ 14.3587176, 53.7052984 ], [ 14.358629, 53.7053868 ], [ 14.3585278, 53.7054707 ], [ 14.3584392, 53.7055171 ] ], [ [ 14.356937, 53.7062722 ], [ 14.3567978, 53.7062962 ], [ 14.3567067, 53.7063127 ], [ 14.3565852, 53.7062887 ], [ 14.3564916, 53.7062378 ], [ 14.3564081, 53.7061853 ], [ 14.3562183, 53.7061853 ], [ 14.3564157, 53.7061329 ], [ 14.3565346, 53.7061164 ], [ 14.3566282, 53.7060865 ], [ 14.3567244, 53.706058 ], [ 14.3568712, 53.7059966 ], [ 14.3569345, 53.7059427 ], [ 14.3569724, 53.7058648 ], [ 14.3571915, 53.7057135 ], [ 14.357228, 53.705673 ], [ 14.3573723, 53.7056011 ], [ 14.3574305, 53.7056356 ], [ 14.3574507, 53.705658 ], [ 14.3575064, 53.7057194 ], [ 14.3574381, 53.7058243 ], [ 14.3574406, 53.7058573 ], [ 14.3574558, 53.7059202 ], [ 14.3574229, 53.7060595 ], [ 14.3573672, 53.7061179 ], [ 14.357271, 53.7061659 ], [ 14.3570812, 53.7062452 ], [ 14.356937, 53.7062722 ] ], [ [ 14.3545934, 53.7077716 ], [ 14.3545427, 53.7078151 ], [ 14.3544516, 53.7078345 ], [ 14.3543428, 53.707857 ], [ 14.3543023, 53.7078735 ], [ 14.3542365, 53.707836 ], [ 14.3541226, 53.7077806 ], [ 14.3541069, 53.7077616 ], [ 14.3541069, 53.7077203 ], [ 14.354191, 53.7077132 ], [ 14.3542441, 53.7076907 ], [ 14.3543302, 53.7076518 ], [ 14.3543782, 53.7076293 ], [ 14.3544061, 53.7076188 ], [ 14.3544466, 53.7076069 ], [ 14.3544795, 53.7075709 ], [ 14.3545022, 53.7074511 ], [ 14.3545048, 53.7074151 ], [ 14.3545022, 53.7073852 ], [ 14.3544997, 53.7073387 ], [ 14.3545124, 53.7073223 ], [ 14.3545453, 53.7072728 ], [ 14.3545706, 53.7072459 ], [ 14.3546111, 53.7072144 ], [ 14.3546364, 53.7072114 ], [ 14.3546996, 53.7072039 ], [ 14.3547275, 53.7072069 ], [ 14.3547503, 53.7072144 ], [ 14.3547806, 53.7072369 ], [ 14.3548135, 53.7072563 ], [ 14.3548515, 53.7073297 ], [ 14.3548616, 53.7073552 ], [ 14.3548844, 53.7073897 ], [ 14.3548945, 53.7074436 ], [ 14.3549122, 53.7075185 ], [ 14.354892, 53.7075829 ], [ 14.3548287, 53.7076368 ], [ 14.3547477, 53.7076848 ], [ 14.3546743, 53.7077237 ], [ 14.3545934, 53.7077716 ] ], [ [ 14.3539115, 53.7081623 ], [ 14.3538328, 53.7081983 ], [ 14.3537075, 53.7082195 ], [ 14.3536181, 53.7082576 ], [ 14.3534749, 53.7083127 ], [ 14.3533747, 53.7082915 ], [ 14.3532423, 53.7082364 ], [ 14.3532691, 53.708229 ], [ 14.3532906, 53.7082089 ], [ 14.3533033, 53.7081759 ], [ 14.3533009, 53.7081592 ], [ 14.353321, 53.7081401 ], [ 14.3533998, 53.708103 ], [ 14.3535053, 53.708067 ], [ 14.3536789, 53.7079812 ], [ 14.3537451, 53.7079505 ], [ 14.3538435, 53.7079028 ], [ 14.3539795, 53.7078022 ], [ 14.3540798, 53.7078128 ], [ 14.3542408, 53.7079081 ], [ 14.354316, 53.7079653 ], [ 14.3542408, 53.7080606 ], [ 14.35418, 53.7080543 ], [ 14.3540404, 53.7080648 ], [ 14.3539115, 53.7081623 ] ], [ [ 14.3482655, 53.7122602 ], [ 14.3481668, 53.712338 ], [ 14.3480377, 53.712383 ], [ 14.3479314, 53.712368 ], [ 14.3477315, 53.7123949 ], [ 14.3476834, 53.712389 ], [ 14.3476146, 53.7123523 ], [ 14.3476133, 53.7123095 ], [ 14.3476795, 53.7122587 ], [ 14.3478173, 53.7122005 ], [ 14.3479837, 53.7120988 ], [ 14.348066, 53.7120448 ], [ 14.3481555, 53.7119791 ], [ 14.3482271, 53.7119272 ], [ 14.3483398, 53.7118361 ], [ 14.348415, 53.7117758 ], [ 14.3484865, 53.7117101 ], [ 14.3485706, 53.711636 ], [ 14.3486494, 53.7115798 ], [ 14.3487299, 53.7115248 ], [ 14.3488265, 53.7114771 ], [ 14.3489071, 53.711421 ], [ 14.3489912, 53.7113616 ], [ 14.3490842, 53.711296 ], [ 14.349197, 53.711243 ], [ 14.3492775, 53.7111996 ], [ 14.3494081, 53.7111053 ], [ 14.3494886, 53.7110418 ], [ 14.349562, 53.7109772 ], [ 14.3496372, 53.7109062 ], [ 14.3497302, 53.7108384 ], [ 14.3498161, 53.7107823 ], [ 14.3499503, 53.7106892 ], [ 14.3499969, 53.7106543 ], [ 14.350047, 53.7106225 ], [ 14.3501096, 53.7105791 ], [ 14.3501776, 53.7105367 ], [ 14.3502599, 53.7104964 ], [ 14.3503512, 53.710471 ], [ 14.3504049, 53.710452 ], [ 14.3504854, 53.710416 ], [ 14.3505462, 53.7103715 ], [ 14.3505963, 53.7103312 ], [ 14.3506482, 53.710273 ], [ 14.3506894, 53.7102423 ], [ 14.3507395, 53.7102115 ], [ 14.3507771, 53.7101914 ], [ 14.3508504, 53.710131 ], [ 14.3508916, 53.7101003 ], [ 14.3509363, 53.7100442 ], [ 14.3510312, 53.709952 ], [ 14.3510723, 53.7099277 ], [ 14.3511207, 53.7098959 ], [ 14.3512066, 53.7098483 ], [ 14.3512549, 53.7097985 ], [ 14.3512835, 53.7097508 ], [ 14.351305, 53.709718 ], [ 14.3513247, 53.709646 ], [ 14.3513515, 53.7095782 ], [ 14.351398, 53.7095231 ], [ 14.3514714, 53.7094648 ], [ 14.3515537, 53.7094087 ], [ 14.351636, 53.7093568 ], [ 14.3517231, 53.7093473 ], [ 14.3517553, 53.7093155 ], [ 14.3517895, 53.7093002 ], [ 14.3517857, 53.7092601 ], [ 14.3518161, 53.7092211 ], [ 14.351854, 53.7091672 ], [ 14.3519527, 53.7091163 ], [ 14.3520388, 53.7090714 ], [ 14.3520944, 53.7090384 ], [ 14.3521805, 53.70898 ], [ 14.3522767, 53.7089201 ], [ 14.3523374, 53.7088931 ], [ 14.3524386, 53.7088077 ], [ 14.3524918, 53.7087463 ], [ 14.3525525, 53.7086714 ], [ 14.3526132, 53.708601 ], [ 14.352674, 53.7085366 ], [ 14.3527296, 53.7084872 ], [ 14.3528233, 53.7084273 ], [ 14.3529878, 53.7083748 ], [ 14.3530915, 53.7083374 ], [ 14.3531877, 53.7083883 ], [ 14.3532358, 53.7084557 ], [ 14.3532004, 53.7085756 ], [ 14.3531346, 53.7086804 ], [ 14.3530409, 53.7087763 ], [ 14.3529397, 53.7088527 ], [ 14.3528537, 53.7089365 ], [ 14.3527043, 53.709001 ], [ 14.3525879, 53.7090863 ], [ 14.3525247, 53.7091897 ], [ 14.3524487, 53.7092706 ], [ 14.3523526, 53.709326 ], [ 14.3522817, 53.709314 ], [ 14.3521881, 53.7092811 ], [ 14.3521122, 53.7092781 ], [ 14.3520413, 53.709302 ], [ 14.3519957, 53.7093395 ], [ 14.3519451, 53.7093694 ], [ 14.3518515, 53.709311 ], [ 14.3518186, 53.7093065 ], [ 14.351773, 53.7093185 ], [ 14.3517427, 53.7093485 ], [ 14.351773, 53.709359 ], [ 14.3518186, 53.7094129 ], [ 14.3518186, 53.7094593 ], [ 14.3518312, 53.7094833 ], [ 14.3518692, 53.7095147 ], [ 14.3518819, 53.7095956 ], [ 14.3517882, 53.709675 ], [ 14.3517047, 53.709687 ], [ 14.3516212, 53.7097304 ], [ 14.3515832, 53.7097844 ], [ 14.3515529, 53.7098622 ], [ 14.3514592, 53.7099251 ], [ 14.3513631, 53.7099626 ], [ 14.3511707, 53.71 ], [ 14.3511125, 53.7100405 ], [ 14.3510923, 53.7101184 ], [ 14.3511631, 53.7101798 ], [ 14.3510999, 53.7102861 ], [ 14.3510341, 53.710391 ], [ 14.3509101, 53.7105243 ], [ 14.3507683, 53.7105782 ], [ 14.350576, 53.7106381 ], [ 14.3504267, 53.7106786 ], [ 14.350285, 53.7107534 ], [ 14.3501407, 53.7108193 ], [ 14.3501357, 53.7108777 ], [ 14.3500775, 53.7109616 ], [ 14.3497232, 53.7112012 ], [ 14.3496245, 53.7112971 ], [ 14.3494979, 53.7113465 ], [ 14.3493765, 53.7113705 ], [ 14.3493208, 53.7114004 ], [ 14.3491993, 53.7114753 ], [ 14.3490829, 53.7115517 ], [ 14.3489893, 53.7116251 ], [ 14.3488906, 53.711709 ], [ 14.348802, 53.7117824 ], [ 14.3487261, 53.7118602 ], [ 14.3486957, 53.7119471 ], [ 14.3486122, 53.7120205 ], [ 14.3485008, 53.7120654 ], [ 14.3484148, 53.7121313 ], [ 14.348349, 53.7122002 ], [ 14.3482655, 53.7122602 ] ], [ [ 14.3471598, 53.7132557 ], [ 14.3469523, 53.7133256 ], [ 14.3468592, 53.7133192 ], [ 14.346734, 53.7133637 ], [ 14.346555, 53.7134124 ], [ 14.3462329, 53.7133933 ], [ 14.3461971, 53.71337 ], [ 14.346162, 53.7133468 ], [ 14.3462203, 53.7133109 ], [ 14.3463114, 53.713275 ], [ 14.3464531, 53.7132135 ], [ 14.3465391, 53.7131761 ], [ 14.3466075, 53.7131432 ], [ 14.3467163, 53.7130997 ], [ 14.3467745, 53.7130728 ], [ 14.3468453, 53.7130173 ], [ 14.346896, 53.7129754 ], [ 14.3470174, 53.7128766 ], [ 14.3470605, 53.7128047 ], [ 14.3472249, 53.7127193 ], [ 14.3472477, 53.7126399 ], [ 14.3473363, 53.71258 ], [ 14.3474704, 53.7124826 ], [ 14.3475356, 53.7124783 ], [ 14.3475679, 53.7125164 ], [ 14.3475142, 53.7127388 ], [ 14.347507, 53.7128341 ], [ 14.3474963, 53.7129401 ], [ 14.3474462, 53.7130608 ], [ 14.3473817, 53.7131455 ], [ 14.3472959, 53.7132069 ], [ 14.3471598, 53.7132557 ] ], [ [ 14.3443196, 53.7156013 ], [ 14.3442538, 53.7156971 ], [ 14.3441703, 53.715793 ], [ 14.3439729, 53.7158394 ], [ 14.3438616, 53.7158349 ], [ 14.3436667, 53.715805 ], [ 14.3435743, 53.7157511 ], [ 14.3437932, 53.7156178 ], [ 14.3439704, 53.7155399 ], [ 14.3441576, 53.7153497 ], [ 14.3441905, 53.7153033 ], [ 14.3442538, 53.7152269 ], [ 14.3443879, 53.7151385 ], [ 14.3444386, 53.7150741 ], [ 14.3446056, 53.714833 ], [ 14.3449346, 53.7145679 ], [ 14.3450181, 53.7145305 ], [ 14.3450712, 53.7144226 ], [ 14.345068, 53.7143799 ], [ 14.3450346, 53.7143398 ], [ 14.3450156, 53.7143163 ], [ 14.3450734, 53.7142664 ], [ 14.3451674, 53.7142309 ], [ 14.3452597, 53.7142318 ], [ 14.3454736, 53.7142099 ], [ 14.3455824, 53.7141021 ], [ 14.3457419, 53.7140003 ], [ 14.3458051, 53.7139194 ], [ 14.3458482, 53.7137726 ], [ 14.3458583, 53.7137337 ], [ 14.3458558, 53.7136723 ], [ 14.3458937, 53.7136348 ], [ 14.346, 53.7135465 ], [ 14.3460911, 53.7135659 ], [ 14.3461923, 53.7136573 ], [ 14.3462075, 53.7136753 ], [ 14.3462683, 53.7137097 ], [ 14.3463442, 53.7137636 ], [ 14.3464074, 53.713831 ], [ 14.3464252, 53.7139029 ], [ 14.3463923, 53.7139703 ], [ 14.3463543, 53.7140587 ], [ 14.3462986, 53.7141201 ], [ 14.3462227, 53.714177 ], [ 14.3459747, 53.7143163 ], [ 14.3459064, 53.7143492 ], [ 14.3458026, 53.7143642 ], [ 14.3457697, 53.7143552 ], [ 14.345666, 53.7143358 ], [ 14.3455824, 53.7143193 ], [ 14.3454686, 53.7143373 ], [ 14.3452889, 53.7144136 ], [ 14.3452661, 53.7144735 ], [ 14.3452433, 53.7145889 ], [ 14.3451674, 53.7146023 ], [ 14.3450712, 53.7146383 ], [ 14.3449725, 53.7147102 ], [ 14.3450004, 53.714803 ], [ 14.3450282, 53.7148689 ], [ 14.3450232, 53.7149408 ], [ 14.3449548, 53.7149887 ], [ 14.3449169, 53.7150531 ], [ 14.344889, 53.7151161 ], [ 14.3448637, 53.7151849 ], [ 14.344803, 53.7152284 ], [ 14.3447043, 53.7153242 ], [ 14.3446486, 53.7154036 ], [ 14.3445702, 53.7154665 ], [ 14.3444715, 53.7155249 ], [ 14.3443044, 53.715477 ], [ 14.3442665, 53.7155384 ], [ 14.3443196, 53.7156013 ] ], [ [ 14.3415989, 53.7183566 ], [ 14.3415205, 53.7183341 ], [ 14.3414699, 53.7183266 ], [ 14.3414344, 53.7183087 ], [ 14.3413965, 53.7182907 ], [ 14.3413636, 53.7182637 ], [ 14.3413811, 53.7182125 ], [ 14.3415014, 53.7181387 ], [ 14.3416481, 53.71809 ], [ 14.3417591, 53.7180169 ], [ 14.341811, 53.7179597 ], [ 14.3418575, 53.7178962 ], [ 14.3418951, 53.7178464 ], [ 14.3419756, 53.7177437 ], [ 14.3420364, 53.7176622 ], [ 14.342117, 53.7175584 ], [ 14.3422011, 53.7174642 ], [ 14.3422422, 53.7173921 ], [ 14.3422458, 53.7173032 ], [ 14.3423657, 53.7171814 ], [ 14.342448, 53.7170946 ], [ 14.3425679, 53.7170289 ], [ 14.3427146, 53.7169431 ], [ 14.3427683, 53.7168245 ], [ 14.343026, 53.716672 ], [ 14.3431262, 53.7165916 ], [ 14.3432587, 53.7164857 ], [ 14.3432551, 53.7164433 ], [ 14.3432121, 53.7163374 ], [ 14.3432443, 53.7162421 ], [ 14.3432909, 53.7161426 ], [ 14.3433016, 53.7160917 ], [ 14.3433159, 53.7159922 ], [ 14.3433696, 53.715882 ], [ 14.3434451, 53.7159237 ], [ 14.3435172, 53.7160353 ], [ 14.3435374, 53.7160742 ], [ 14.3435678, 53.7161281 ], [ 14.3436134, 53.7161431 ], [ 14.3436842, 53.7161551 ], [ 14.3437728, 53.7161716 ], [ 14.343874, 53.7161985 ], [ 14.3439196, 53.7162599 ], [ 14.3438892, 53.7162794 ], [ 14.3439019, 53.7163243 ], [ 14.3439221, 53.7163363 ], [ 14.3439803, 53.7164052 ], [ 14.343955, 53.7164981 ], [ 14.3439904, 53.716534 ], [ 14.3440689, 53.7166119 ], [ 14.3440385, 53.7166688 ], [ 14.34395, 53.7167047 ], [ 14.3438563, 53.7167197 ], [ 14.3437677, 53.7166928 ], [ 14.3437273, 53.7166793 ], [ 14.3436539, 53.7166763 ], [ 14.343583, 53.7166868 ], [ 14.3435197, 53.7167407 ], [ 14.3434362, 53.716826 ], [ 14.3433704, 53.7168755 ], [ 14.3433122, 53.7168889 ], [ 14.343211, 53.7169294 ], [ 14.3431427, 53.7169773 ], [ 14.343044, 53.7170297 ], [ 14.3429275, 53.7170881 ], [ 14.342839, 53.7171211 ], [ 14.342758, 53.71719 ], [ 14.3427605, 53.7172723 ], [ 14.3427555, 53.7173158 ], [ 14.3427377, 53.7173532 ], [ 14.3427656, 53.7174221 ], [ 14.3427985, 53.7174925 ], [ 14.3427782, 53.7175689 ], [ 14.3427403, 53.7176288 ], [ 14.3426795, 53.7176917 ], [ 14.3426011, 53.7177665 ], [ 14.3425682, 53.7178564 ], [ 14.3425935, 53.7179373 ], [ 14.3425707, 53.7179912 ], [ 14.342591, 53.718078 ], [ 14.3425378, 53.7181859 ], [ 14.3424973, 53.7182113 ], [ 14.3424113, 53.7182607 ], [ 14.3423278, 53.7182967 ], [ 14.3421607, 53.7183341 ], [ 14.3421228, 53.7183296 ], [ 14.3420114, 53.7183311 ], [ 14.341852, 53.7183551 ], [ 14.341766, 53.7183566 ], [ 14.3417002, 53.7183491 ], [ 14.3415989, 53.7183566 ] ], [ [ 14.3413797, 53.8264094 ], [ 14.3414871, 53.826346 ], [ 14.3417953, 53.8263349 ], [ 14.3419261, 53.826459 ], [ 14.3421175, 53.8264728 ], [ 14.3421316, 53.8266244 ], [ 14.3419728, 53.826696 ], [ 14.3417533, 53.8266822 ], [ 14.3417253, 53.8265582 ], [ 14.3416225, 53.8265251 ], [ 14.3415011, 53.8264976 ], [ 14.3413797, 53.8264094 ] ], [ [ 14.3422515, 53.8313627 ], [ 14.3422562, 53.8312717 ], [ 14.3420787, 53.831156 ], [ 14.3418966, 53.8310485 ], [ 14.3416304, 53.8310292 ], [ 14.3411774, 53.8309906 ], [ 14.3409484, 53.8309513 ], [ 14.3416842, 53.8309359 ], [ 14.3418629, 53.8307091 ], [ 14.3418302, 53.8305202 ], [ 14.3424159, 53.829728 ], [ 14.342513, 53.8298082 ], [ 14.3425457, 53.830037 ], [ 14.3424617, 53.8302437 ], [ 14.3422702, 53.8304421 ], [ 14.3421861, 53.8304945 ], [ 14.3422608, 53.8305331 ], [ 14.3424617, 53.8306047 ], [ 14.3426438, 53.8306213 ], [ 14.3427605, 53.8306984 ], [ 14.3427839, 53.8307866 ], [ 14.3428119, 53.8309217 ], [ 14.3430501, 53.8310815 ], [ 14.3429847, 53.8311642 ], [ 14.3429193, 53.8312607 ], [ 14.3429567, 53.8313875 ], [ 14.342924, 53.8315032 ], [ 14.3427092, 53.8315749 ], [ 14.3424943, 53.8315749 ], [ 14.3423589, 53.8315363 ], [ 14.3422608, 53.8314509 ], [ 14.3422515, 53.8313627 ] ], [ [ 14.3446697, 53.8320549 ], [ 14.3448506, 53.8320262 ], [ 14.3446219, 53.8322858 ], [ 14.3442373, 53.8323303 ], [ 14.3436912, 53.8320817 ], [ 14.3431434, 53.8320735 ], [ 14.3429347, 53.8321583 ], [ 14.3428712, 53.831981 ], [ 14.3427737, 53.8318791 ], [ 14.3427598, 53.8317822 ], [ 14.3428405, 53.8317345 ], [ 14.3429742, 53.8317887 ], [ 14.3431607, 53.8317427 ], [ 14.343222, 53.8316934 ], [ 14.3433445, 53.8316869 ], [ 14.3434503, 53.8317657 ], [ 14.343453, 53.8318364 ], [ 14.343389, 53.8318988 ], [ 14.3434308, 53.8319678 ], [ 14.3436034, 53.8319925 ], [ 14.3437843, 53.8319974 ], [ 14.3439876, 53.8319974 ], [ 14.34406, 53.8320746 ], [ 14.3442298, 53.8321436 ], [ 14.344511, 53.8321223 ], [ 14.3446697, 53.8320549 ] ], [ [ 14.3474032, 53.8334203 ], [ 14.3476053, 53.8333184 ], [ 14.3476971, 53.8333032 ], [ 14.3479102, 53.8333596 ], [ 14.348002, 53.8334485 ], [ 14.3479543, 53.8336046 ], [ 14.3477412, 53.8339081 ], [ 14.3475678, 53.8338967 ], [ 14.3473665, 53.833804 ], [ 14.3473334, 53.8337195 ], [ 14.3472012, 53.8336067 ], [ 14.3472526, 53.8335092 ], [ 14.3474032, 53.8334203 ] ], [ [ 14.5317907, 53.653577 ], [ 14.5312803, 53.6531453 ], [ 14.5311824, 53.6530034 ], [ 14.531125, 53.6528584 ], [ 14.5310562, 53.6527184 ], [ 14.5310093, 53.6525472 ], [ 14.531092, 53.6523743 ], [ 14.531133, 53.6524082 ], [ 14.5310999, 53.6526143 ], [ 14.5311661, 53.6528184 ], [ 14.5312224, 53.6529735 ], [ 14.5313317, 53.653103 ], [ 14.5315768, 53.6533288 ], [ 14.5318352, 53.6535133 ], [ 14.5319445, 53.6536782 ], [ 14.5320438, 53.6538548 ], [ 14.5320637, 53.6539903 ], [ 14.5319776, 53.65411 ], [ 14.5318285, 53.6542553 ], [ 14.5317391, 53.6543711 ], [ 14.5312854, 53.6547342 ], [ 14.5311827, 53.6548539 ], [ 14.5311264, 53.6549815 ], [ 14.5309774, 53.6550129 ], [ 14.5309045, 53.6550954 ], [ 14.5306289, 53.6551308 ], [ 14.5306276, 53.6550887 ], [ 14.5307913, 53.6550342 ], [ 14.5310696, 53.6548891 ], [ 14.5312437, 53.6547055 ], [ 14.5315914, 53.6544146 ], [ 14.5316395, 53.654379 ], [ 14.531686, 53.6542894 ], [ 14.531846, 53.6541565 ], [ 14.5319631, 53.6540084 ], [ 14.53199, 53.6538947 ], [ 14.5319229, 53.6537446 ], [ 14.5317907, 53.653577 ] ], [ [ 14.5291276, 53.655671 ], [ 14.5292771, 53.6555731 ], [ 14.5293629, 53.6555123 ], [ 14.5294092, 53.6554796 ], [ 14.5298645, 53.6554703 ], [ 14.5300012, 53.6554309 ], [ 14.5306152, 53.6553458 ], [ 14.5308464, 53.6552713 ], [ 14.5310439, 53.6552203 ], [ 14.5310034, 53.6553133 ], [ 14.5307806, 53.6554003 ], [ 14.5306996, 53.6555534 ], [ 14.5303401, 53.6557394 ], [ 14.530173, 53.6558114 ], [ 14.5300363, 53.6557484 ], [ 14.5298034, 53.6557334 ], [ 14.5296515, 53.6555984 ], [ 14.5295553, 53.6556194 ], [ 14.5293983, 53.6556824 ], [ 14.5293477, 53.6556344 ], [ 14.5291654, 53.6557304 ], [ 14.5291401, 53.6558204 ], [ 14.5289527, 53.6559194 ], [ 14.5287806, 53.6560125 ], [ 14.5284262, 53.6560305 ], [ 14.5282832, 53.6559798 ], [ 14.5287757, 53.6558097 ], [ 14.5291276, 53.655671 ] ], [ [ 14.5249142, 53.6580038 ], [ 14.5247478, 53.6580366 ], [ 14.5245753, 53.6580549 ], [ 14.5241858, 53.6580941 ], [ 14.5242661, 53.6580402 ], [ 14.5245133, 53.6578553 ], [ 14.5247644, 53.6574876 ], [ 14.525019, 53.6576715 ], [ 14.5252408, 53.6577993 ], [ 14.5252223, 53.6578687 ], [ 14.5250436, 53.657949 ], [ 14.5249142, 53.6580038 ] ], [ [ 14.5239148, 53.6588532 ], [ 14.5239456, 53.6589773 ], [ 14.5239456, 53.6590431 ], [ 14.523847, 53.6590978 ], [ 14.5235266, 53.6592147 ], [ 14.5232062, 53.6592804 ], [ 14.5231151, 53.6592611 ], [ 14.5232121, 53.6589713 ], [ 14.5234956, 53.6588139 ], [ 14.5236506, 53.6586291 ], [ 14.5236886, 53.6585222 ], [ 14.5239148, 53.6588532 ] ], [ [ 14.5234423, 53.6598078 ], [ 14.5246005, 53.660895 ], [ 14.5214156, 53.6622035 ], [ 14.5171426, 53.663811 ], [ 14.5160261, 53.6628001 ], [ 14.5168546, 53.6623677 ], [ 14.5234423, 53.6598078 ] ], [ [ 14.5101189, 53.666102 ], [ 14.5098579, 53.6661634 ], [ 14.5095535, 53.6661509 ], [ 14.5093692, 53.6661444 ], [ 14.509224, 53.6661255 ], [ 14.5091559, 53.6660224 ], [ 14.5091544, 53.6659393 ], [ 14.5093283, 53.6659047 ], [ 14.509412, 53.6659066 ], [ 14.5095922, 53.6658895 ], [ 14.5097242, 53.6658704 ], [ 14.5099656, 53.6657941 ], [ 14.5101008, 53.665775 ], [ 14.5102433, 53.6657745 ], [ 14.5104444, 53.665755 ], [ 14.5105196, 53.6656888 ], [ 14.51049, 53.6655211 ], [ 14.5105321, 53.665428 ], [ 14.5105482, 53.6653612 ], [ 14.5105667, 53.6652114 ], [ 14.5106533, 53.6650655 ], [ 14.5106834, 53.6650103 ], [ 14.5107831, 53.6649169 ], [ 14.5109087, 53.6648311 ], [ 14.5110696, 53.66473 ], [ 14.5111468, 53.6647014 ], [ 14.5112177, 53.6646728 ], [ 14.5112756, 53.6645831 ], [ 14.5113528, 53.6645278 ], [ 14.5114687, 53.6644687 ], [ 14.5116071, 53.6643428 ], [ 14.5117809, 53.6642494 ], [ 14.5119483, 53.6641598 ], [ 14.512135, 53.6640263 ], [ 14.5121961, 53.6638775 ], [ 14.5122669, 53.6638069 ], [ 14.5124858, 53.6637307 ], [ 14.5125598, 53.6637078 ], [ 14.5126982, 53.6636631 ], [ 14.5127233, 53.6636431 ], [ 14.5127401, 53.6636296 ], [ 14.5127721, 53.6635256 ], [ 14.51279, 53.6634674 ], [ 14.5128092, 53.6634198 ], [ 14.5128527, 53.6636143 ], [ 14.5128881, 53.6636906 ], [ 14.5128334, 53.6638127 ], [ 14.5127304, 53.6638966 ], [ 14.5125952, 53.6639691 ], [ 14.5124536, 53.6640778 ], [ 14.512357, 53.6641197 ], [ 14.512209, 53.6642475 ], [ 14.51218, 53.6643486 ], [ 14.5120062, 53.6644172 ], [ 14.5119097, 53.6643753 ], [ 14.5118582, 53.6644763 ], [ 14.5118453, 53.664503 ], [ 14.5116811, 53.6646384 ], [ 14.5115105, 53.664751 ], [ 14.5113464, 53.6648578 ], [ 14.5111597, 53.6649798 ], [ 14.5109861, 53.665099 ], [ 14.5109783, 53.6651258 ], [ 14.5109369, 53.6651865 ], [ 14.5109172, 53.6652612 ], [ 14.5108699, 53.6653674 ], [ 14.5107281, 53.6653838 ], [ 14.5107104, 53.6654456 ], [ 14.5107321, 53.6654981 ], [ 14.5107813, 53.6655471 ], [ 14.5108305, 53.6655938 ], [ 14.5108227, 53.6656662 ], [ 14.5108227, 53.6657187 ], [ 14.5107774, 53.66577 ], [ 14.5107084, 53.6658062 ], [ 14.5106198, 53.6658669 ], [ 14.5105095, 53.6659042 ], [ 14.5103696, 53.6658646 ], [ 14.5103558, 53.6659276 ], [ 14.5102692, 53.6659859 ], [ 14.5101904, 53.6660349 ], [ 14.5101189, 53.666102 ] ], [ [ 14.5081797, 53.6664873 ], [ 14.5080497, 53.6665353 ], [ 14.5079603, 53.6665547 ], [ 14.5077986, 53.6665818 ], [ 14.5076069, 53.6666069 ], [ 14.5074051, 53.6666278 ], [ 14.5073061, 53.6666335 ], [ 14.5072282, 53.6664912 ], [ 14.5073238, 53.6664662 ], [ 14.5074302, 53.6664499 ], [ 14.5075622, 53.6664452 ], [ 14.5077375, 53.6664056 ], [ 14.5078891, 53.6663542 ], [ 14.508027, 53.6663157 ], [ 14.5081294, 53.6662982 ], [ 14.508287, 53.6662667 ], [ 14.5083658, 53.6661978 ], [ 14.5085056, 53.6661442 ], [ 14.5085934, 53.666126 ], [ 14.5086254, 53.6661012 ], [ 14.5087187, 53.6660336 ], [ 14.5088984, 53.6659428 ], [ 14.50895, 53.6660095 ], [ 14.5089875, 53.6661014 ], [ 14.5089318, 53.6661887 ], [ 14.508851, 53.6662663 ], [ 14.5087591, 53.6663207 ], [ 14.5085948, 53.6663868 ], [ 14.5084359, 53.6664631 ], [ 14.5082847, 53.6664786 ], [ 14.5081797, 53.6664873 ] ], [ [ 14.507219, 53.6667076 ], [ 14.5070431, 53.6667456 ], [ 14.5068393, 53.6667953 ], [ 14.5067032, 53.6668462 ], [ 14.5064841, 53.6669101 ], [ 14.5062581, 53.666937 ], [ 14.5061025, 53.6667088 ], [ 14.5062919, 53.6667454 ], [ 14.50642, 53.6667504 ], [ 14.5065036, 53.6667355 ], [ 14.5066205, 53.6667042 ], [ 14.5066958, 53.6666629 ], [ 14.5067654, 53.666653 ], [ 14.5069827, 53.6665969 ], [ 14.5070884, 53.6665427 ], [ 14.5072094, 53.6665 ], [ 14.5072873, 53.6666423 ], [ 14.507219, 53.6667076 ] ], [ [ 14.4972818, 53.6682855 ], [ 14.4972378, 53.6682418 ], [ 14.4972623, 53.6682305 ], [ 14.4972592, 53.6681475 ], [ 14.4972307, 53.6681313 ], [ 14.497228, 53.6681121 ], [ 14.4972458, 53.668086 ], [ 14.4975377, 53.6680791 ], [ 14.4976324, 53.6680824 ], [ 14.4976993, 53.6681071 ], [ 14.4978525, 53.6681203 ], [ 14.4979695, 53.6681071 ], [ 14.4980878, 53.6681079 ], [ 14.4984168, 53.6680758 ], [ 14.4984979, 53.6680993 ], [ 14.4985842, 53.6682165 ], [ 14.4985168, 53.668271 ], [ 14.4983821, 53.6682952 ], [ 14.4982136, 53.6683241 ], [ 14.4979926, 53.6683186 ], [ 14.4977185, 53.6683265 ], [ 14.4975718, 53.6683101 ], [ 14.4975213, 53.6682977 ], [ 14.4974185, 53.6683171 ], [ 14.4973341, 53.668308 ], [ 14.4972818, 53.6682855 ] ], [ [ 14.4968162, 53.668377 ], [ 14.4964935, 53.6683777 ], [ 14.4963112, 53.6683346 ], [ 14.4962286, 53.6682653 ], [ 14.4962385, 53.6681891 ], [ 14.4962794, 53.6681327 ], [ 14.4963282, 53.6680988 ], [ 14.4967423, 53.6681424 ], [ 14.4970642, 53.6680744 ], [ 14.4971422, 53.6681231 ], [ 14.4971366, 53.6681974 ], [ 14.4971365, 53.6682353 ], [ 14.4971581, 53.668271 ], [ 14.4971506, 53.668315 ], [ 14.4970941, 53.6683348 ], [ 14.497037, 53.6683624 ], [ 14.4969526, 53.6683756 ], [ 14.4968162, 53.668377 ] ], [ [ 14.4682547, 53.6737172 ], [ 14.467495, 53.6737986 ], [ 14.4669227, 53.6739082 ], [ 14.4661205, 53.6739985 ], [ 14.4659206, 53.6739052 ], [ 14.4658006, 53.673772 ], [ 14.4659343, 53.6737214 ], [ 14.4660467, 53.6737229 ], [ 14.4663481, 53.6736732 ], [ 14.4666035, 53.6736343 ], [ 14.4672093, 53.6735716 ], [ 14.467899, 53.6734678 ], [ 14.4691761, 53.6733208 ], [ 14.4699753, 53.6731284 ], [ 14.4704424, 53.6731046 ], [ 14.4706467, 53.6730938 ], [ 14.4709387, 53.6729576 ], [ 14.4717196, 53.6729036 ], [ 14.4732522, 53.6726377 ], [ 14.4735259, 53.6725383 ], [ 14.4737412, 53.6725361 ], [ 14.473982, 53.6725556 ], [ 14.4744491, 53.6724756 ], [ 14.4749527, 53.6724086 ], [ 14.475292, 53.6723264 ], [ 14.4755694, 53.6721859 ], [ 14.4758394, 53.6720713 ], [ 14.4762153, 53.6719892 ], [ 14.4766787, 53.6720216 ], [ 14.4773027, 53.6719481 ], [ 14.4775435, 53.6718703 ], [ 14.4783536, 53.6716801 ], [ 14.4787952, 53.671505 ], [ 14.4791455, 53.6714704 ], [ 14.4795688, 53.6713255 ], [ 14.4804336, 53.6711937 ], [ 14.4806744, 53.671118 ], [ 14.4814006, 53.671105 ], [ 14.4818166, 53.670958 ], [ 14.4821888, 53.6708651 ], [ 14.4825428, 53.670664 ], [ 14.4828278, 53.6706573 ], [ 14.4829843, 53.6706532 ], [ 14.4833967, 53.6703073 ], [ 14.4836631, 53.6702533 ], [ 14.4844732, 53.670076 ], [ 14.4848454, 53.669983 ], [ 14.4851555, 53.6698944 ], [ 14.4855387, 53.6697301 ], [ 14.4859729, 53.669622 ], [ 14.486305, 53.6695917 ], [ 14.4865094, 53.669555 ], [ 14.4866371, 53.6694447 ], [ 14.4869545, 53.6693345 ], [ 14.4875129, 53.6692091 ], [ 14.4877136, 53.6692048 ], [ 14.487958, 53.6691767 ], [ 14.4880748, 53.6691118 ], [ 14.488312, 53.668967 ], [ 14.4886185, 53.6688913 ], [ 14.4889907, 53.6688027 ], [ 14.4892754, 53.668807 ], [ 14.4895563, 53.6688286 ], [ 14.4898373, 53.668954 ], [ 14.4899979, 53.6690232 ], [ 14.4901366, 53.6689864 ], [ 14.4903519, 53.6688502 ], [ 14.4905343, 53.6686967 ], [ 14.4908919, 53.6683832 ], [ 14.4913189, 53.6681627 ], [ 14.4915816, 53.6680741 ], [ 14.4918498, 53.6679768 ], [ 14.4920833, 53.6679271 ], [ 14.4923224, 53.6678622 ], [ 14.4926745, 53.6678146 ], [ 14.4930139, 53.6678309 ], [ 14.4931927, 53.6679357 ], [ 14.4934901, 53.6679422 ], [ 14.4937079, 53.6678253 ], [ 14.493781, 53.6678491 ], [ 14.4938747, 53.6678327 ], [ 14.4938824, 53.6679748 ], [ 14.4937637, 53.6681002 ], [ 14.4935521, 53.668143 ], [ 14.4932734, 53.6681797 ], [ 14.4929225, 53.6682378 ], [ 14.4927109, 53.6681827 ], [ 14.4922929, 53.6682133 ], [ 14.4919936, 53.6682561 ], [ 14.4915652, 53.668357 ], [ 14.4912814, 53.6685068 ], [ 14.4912453, 53.6685771 ], [ 14.4912092, 53.6687575 ], [ 14.4908015, 53.6690021 ], [ 14.490595, 53.6692956 ], [ 14.4904041, 53.6693507 ], [ 14.4902132, 53.669314 ], [ 14.4900945, 53.6692803 ], [ 14.4899655, 53.6693384 ], [ 14.4896919, 53.6693996 ], [ 14.4895732, 53.6693659 ], [ 14.48947, 53.6691489 ], [ 14.4892068, 53.6691336 ], [ 14.4889127, 53.6691366 ], [ 14.4886134, 53.6692895 ], [ 14.4884482, 53.6693415 ], [ 14.4883708, 53.6694393 ], [ 14.4881592, 53.6695708 ], [ 14.4879941, 53.6696594 ], [ 14.4877, 53.6696197 ], [ 14.4874574, 53.6696166 ], [ 14.4873748, 53.6695066 ], [ 14.4872768, 53.6694607 ], [ 14.4872252, 53.669635 ], [ 14.4871736, 53.669797 ], [ 14.4870704, 53.6700049 ], [ 14.486931, 53.6701211 ], [ 14.486255, 53.6701456 ], [ 14.4862189, 53.6700324 ], [ 14.4860744, 53.669953 ], [ 14.4857441, 53.6700936 ], [ 14.4854241, 53.670274 ], [ 14.4852556, 53.6703566 ], [ 14.4850681, 53.6704173 ], [ 14.4848307, 53.670327 ], [ 14.4847657, 53.6703684 ], [ 14.4846608, 53.6705905 ], [ 14.4842884, 53.6706364 ], [ 14.4840385, 53.6705772 ], [ 14.4838161, 53.6706053 ], [ 14.4833263, 53.6707904 ], [ 14.4831089, 53.670934 ], [ 14.482939, 53.671082 ], [ 14.4825066, 53.6711324 ], [ 14.4822592, 53.6712064 ], [ 14.4819443, 53.6714803 ], [ 14.4817919, 53.6715913 ], [ 14.4813146, 53.6716446 ], [ 14.4802, 53.671763 ], [ 14.4797502, 53.6717778 ], [ 14.4798027, 53.6716283 ], [ 14.4796827, 53.6715424 ], [ 14.4795978, 53.6715839 ], [ 14.4794553, 53.6717512 ], [ 14.4793179, 53.671843 ], [ 14.4790305, 53.6719836 ], [ 14.4786731, 53.6719747 ], [ 14.4784057, 53.6719688 ], [ 14.4780434, 53.672028 ], [ 14.4780059, 53.6721154 ], [ 14.4779609, 53.6722738 ], [ 14.4774236, 53.6723093 ], [ 14.4770113, 53.6724189 ], [ 14.4767839, 53.6724129 ], [ 14.476439, 53.6723374 ], [ 14.4762366, 53.6723819 ], [ 14.4760691, 53.6725121 ], [ 14.4757992, 53.6725669 ], [ 14.4749571, 53.6727505 ], [ 14.4748171, 53.6727061 ], [ 14.4747472, 53.6727224 ], [ 14.4746922, 53.6728053 ], [ 14.4743898, 53.6729133 ], [ 14.4736126, 53.6727534 ], [ 14.4732652, 53.6728674 ], [ 14.4731203, 53.6730081 ], [ 14.4726205, 53.6731887 ], [ 14.4723881, 53.6732449 ], [ 14.4722456, 53.6731768 ], [ 14.4715909, 53.6732627 ], [ 14.4713685, 53.6732479 ], [ 14.4711536, 53.6733323 ], [ 14.4713385, 53.6733619 ], [ 14.471271, 53.6734655 ], [ 14.4709511, 53.6734951 ], [ 14.4707112, 53.6733693 ], [ 14.4703014, 53.6734744 ], [ 14.4700465, 53.6735129 ], [ 14.4697241, 53.6735973 ], [ 14.4691343, 53.6736091 ], [ 14.468782, 53.6737142 ], [ 14.4682547, 53.6737172 ] ], [ [ 14.5326287, 53.671252 ], [ 14.532612, 53.6710967 ], [ 14.5326037, 53.6709074 ], [ 14.5326377, 53.6708258 ], [ 14.5327229, 53.6707503 ], [ 14.5327049, 53.6706877 ], [ 14.5326822, 53.6706588 ], [ 14.5328353, 53.6706046 ], [ 14.5329329, 53.670603 ], [ 14.5331225, 53.6707087 ], [ 14.5330835, 53.6707517 ], [ 14.5331393, 53.670788 ], [ 14.5331142, 53.6708491 ], [ 14.533142, 53.6709185 ], [ 14.533209, 53.6710276 ], [ 14.5333373, 53.6710854 ], [ 14.5333456, 53.6711928 ], [ 14.5332927, 53.6712804 ], [ 14.5332229, 53.6713779 ], [ 14.5332676, 53.6714902 ], [ 14.533195, 53.6716026 ], [ 14.5331727, 53.6716786 ], [ 14.5331365, 53.6717579 ], [ 14.5330472, 53.671857 ], [ 14.5329886, 53.671971 ], [ 14.5329663, 53.6720751 ], [ 14.5328994, 53.6721561 ], [ 14.5328882, 53.6722354 ], [ 14.5325731, 53.6722817 ], [ 14.5325145, 53.6721875 ], [ 14.5324783, 53.6720636 ], [ 14.5322413, 53.6720538 ], [ 14.5322215, 53.671784 ], [ 14.5323513, 53.6717845 ], [ 14.5324558, 53.67187 ], [ 14.5325562, 53.6718534 ], [ 14.5326176, 53.6717973 ], [ 14.5326304, 53.6717041 ], [ 14.5325618, 53.6715792 ], [ 14.5325897, 53.6715164 ], [ 14.5326678, 53.6714866 ], [ 14.5326399, 53.6714734 ], [ 14.5325536, 53.6714642 ], [ 14.5326228, 53.6714262 ], [ 14.5326121, 53.6713587 ], [ 14.5325191, 53.6713409 ], [ 14.5325395, 53.6713016 ], [ 14.5326287, 53.671252 ] ], [ [ 14.5343767, 53.672976 ], [ 14.5344102, 53.6729397 ], [ 14.5345134, 53.6729083 ], [ 14.5346807, 53.6728769 ], [ 14.5348118, 53.6729033 ], [ 14.5348648, 53.6730322 ], [ 14.5348045, 53.6731063 ], [ 14.5345055, 53.6730307 ], [ 14.5338962, 53.6729855 ], [ 14.5335575, 53.6730422 ], [ 14.5335902, 53.6729628 ], [ 14.533487, 53.6729364 ], [ 14.5335121, 53.6728835 ], [ 14.5336237, 53.6728273 ], [ 14.5338691, 53.6727893 ], [ 14.5339918, 53.6727976 ], [ 14.5340755, 53.6728306 ], [ 14.5341536, 53.6728472 ], [ 14.5342707, 53.6728951 ], [ 14.5342958, 53.6729711 ], [ 14.5343767, 53.672976 ] ], [ [ 14.5352026, 53.6731668 ], [ 14.5353198, 53.6731367 ], [ 14.5354034, 53.6731453 ], [ 14.5354341, 53.6731965 ], [ 14.5354397, 53.6732659 ], [ 14.5353365, 53.6732973 ], [ 14.5352164, 53.6733433 ], [ 14.5352305, 53.6732659 ], [ 14.5351385, 53.6732081 ], [ 14.5352026, 53.6731668 ] ], [ [ 14.5356265, 53.6736643 ], [ 14.5357213, 53.67377 ], [ 14.5356995, 53.6738893 ], [ 14.5357393, 53.6739076 ], [ 14.5358706, 53.6740301 ], [ 14.5358861, 53.6741191 ], [ 14.5359742, 53.6742229 ], [ 14.5358635, 53.6742733 ], [ 14.5358512, 53.6743304 ], [ 14.535776, 53.674615 ], [ 14.5356098, 53.6748869 ], [ 14.5354502, 53.674987 ], [ 14.5355652, 53.6750488 ], [ 14.5355484, 53.6752107 ], [ 14.5353365, 53.6753957 ], [ 14.5353681, 53.6756092 ], [ 14.534946, 53.6763473 ], [ 14.5350757, 53.6764282 ], [ 14.535158, 53.6764795 ], [ 14.5352963, 53.6764931 ], [ 14.5353363, 53.6764341 ], [ 14.5353831, 53.6764601 ], [ 14.5353465, 53.6765377 ], [ 14.5353883, 53.6765609 ], [ 14.5354375, 53.6765935 ], [ 14.5353528, 53.6767063 ], [ 14.5353475, 53.6767134 ], [ 14.5349682, 53.676868 ], [ 14.5347818, 53.6768962 ], [ 14.5346358, 53.6769616 ], [ 14.5343597, 53.6770714 ], [ 14.5341661, 53.6771108 ], [ 14.5338075, 53.6771228 ], [ 14.5336799, 53.677105 ], [ 14.5334762, 53.6771391 ], [ 14.5334329, 53.6771878 ], [ 14.5333776, 53.6772326 ], [ 14.5332131, 53.6772627 ], [ 14.5330147, 53.6772489 ], [ 14.5328917, 53.6772112 ], [ 14.5328017, 53.6771835 ], [ 14.5323838, 53.6770793 ], [ 14.5321983, 53.6770947 ], [ 14.5321491, 53.6771446 ], [ 14.5319438, 53.6771569 ], [ 14.5318906, 53.6770457 ], [ 14.5316579, 53.6769592 ], [ 14.5314276, 53.6769414 ], [ 14.5311806, 53.6769032 ], [ 14.5310749, 53.6769389 ], [ 14.5309203, 53.6769265 ], [ 14.5307744, 53.6768728 ], [ 14.5305614, 53.6767817 ], [ 14.5303767, 53.6766984 ], [ 14.5302064, 53.6765644 ], [ 14.5299066, 53.6764242 ], [ 14.5297804, 53.6763144 ], [ 14.5295871, 53.6762256 ], [ 14.5295516, 53.6761532 ], [ 14.528818, 53.6757677 ], [ 14.5286799, 53.6756462 ], [ 14.5285103, 53.6756111 ], [ 14.5283881, 53.6754709 ], [ 14.5281442, 53.6753516 ], [ 14.5280015, 53.6753051 ], [ 14.5278871, 53.6751602 ], [ 14.5275874, 53.6750153 ], [ 14.5270037, 53.6746188 ], [ 14.5266881, 53.6743307 ], [ 14.5264238, 53.674256 ], [ 14.5261373, 53.6741578 ], [ 14.5260175, 53.6741825 ], [ 14.5259504, 53.6742292 ], [ 14.5259662, 53.6743017 ], [ 14.525911, 53.674346 ], [ 14.5258124, 53.6743227 ], [ 14.5256926, 53.6742995 ], [ 14.5256015, 53.6743295 ], [ 14.5255521, 53.6742502 ], [ 14.5254732, 53.6741381 ], [ 14.5252286, 53.674061 ], [ 14.5250866, 53.674054 ], [ 14.5250196, 53.6740914 ], [ 14.524992, 53.6741498 ], [ 14.5248894, 53.6741638 ], [ 14.524566, 53.674033 ], [ 14.524514, 53.6739917 ], [ 14.5240785, 53.6740135 ], [ 14.523851, 53.6740295 ], [ 14.5236555, 53.6740904 ], [ 14.5231791, 53.6743231 ], [ 14.5231303, 53.6743267 ], [ 14.5230627, 53.6742947 ], [ 14.5230613, 53.6742623 ], [ 14.5238896, 53.6738796 ], [ 14.5245119, 53.6735882 ], [ 14.5264648, 53.6726762 ], [ 14.5286784, 53.6717305 ], [ 14.5318273, 53.6705314 ], [ 14.5327916, 53.6702005 ], [ 14.5328489, 53.6701944 ], [ 14.5328877, 53.6702173 ], [ 14.5328861, 53.6702545 ], [ 14.5328653, 53.6702865 ], [ 14.5324608, 53.6703949 ], [ 14.5322555, 53.670503 ], [ 14.5321408, 53.6705603 ], [ 14.5320487, 53.6706598 ], [ 14.5320499, 53.6707465 ], [ 14.5322487, 53.6707673 ], [ 14.532508, 53.6706473 ], [ 14.5326084, 53.6705829 ], [ 14.5326459, 53.6706051 ], [ 14.5326639, 53.6706677 ], [ 14.5325787, 53.6707432 ], [ 14.5325447, 53.6708248 ], [ 14.532553, 53.6710141 ], [ 14.5325697, 53.6711694 ], [ 14.5324805, 53.671219 ], [ 14.5323354, 53.6712718 ], [ 14.532447, 53.6714106 ], [ 14.5325809, 53.6713908 ], [ 14.5326088, 53.671404 ], [ 14.5325307, 53.6714338 ], [ 14.5325028, 53.6714966 ], [ 14.5324024, 53.6716453 ], [ 14.5325586, 53.6717147 ], [ 14.5324972, 53.6717708 ], [ 14.5323968, 53.6717874 ], [ 14.5322923, 53.6717019 ], [ 14.5321625, 53.6717014 ], [ 14.5321823, 53.6719712 ], [ 14.5321837, 53.6723176 ], [ 14.5324634, 53.6725668 ], [ 14.5329679, 53.6728652 ], [ 14.5335468, 53.673093 ], [ 14.5338855, 53.6730363 ], [ 14.5344948, 53.6730815 ], [ 14.5347938, 53.6731571 ], [ 14.5349352, 53.6731928 ], [ 14.5352137, 53.6733735 ], [ 14.5355581, 53.6734815 ], [ 14.5356265, 53.6736643 ] ], [ [ 14.461584, 53.6745151 ], [ 14.4614265, 53.6744959 ], [ 14.4612666, 53.6745329 ], [ 14.4611091, 53.6744885 ], [ 14.4608717, 53.6743774 ], [ 14.4608043, 53.6742768 ], [ 14.4608992, 53.6741554 ], [ 14.4610152, 53.6741788 ], [ 14.4612316, 53.6742205 ], [ 14.461464, 53.6742546 ], [ 14.4616389, 53.6742472 ], [ 14.4618838, 53.6741835 ], [ 14.4620488, 53.6741613 ], [ 14.4622662, 53.6740843 ], [ 14.4625536, 53.6740976 ], [ 14.4626635, 53.6741125 ], [ 14.4629609, 53.6740355 ], [ 14.4631467, 53.6739287 ], [ 14.4631758, 53.673923 ], [ 14.4632494, 53.6739354 ], [ 14.4633508, 53.6739526 ], [ 14.4633283, 53.6740473 ], [ 14.4631583, 53.6741361 ], [ 14.4634082, 53.6742013 ], [ 14.4634707, 53.6742886 ], [ 14.4633708, 53.6743138 ], [ 14.4630484, 53.674336 ], [ 14.4627235, 53.6743893 ], [ 14.4623037, 53.6745344 ], [ 14.4617614, 53.6745876 ], [ 14.461584, 53.6745151 ] ], [ [ 14.4518986, 53.6754891 ], [ 14.4519286, 53.675424 ], [ 14.4519936, 53.675421 ], [ 14.4521335, 53.6753678 ], [ 14.4521535, 53.6753145 ], [ 14.4521135, 53.6752404 ], [ 14.451977, 53.6751006 ], [ 14.4520545, 53.6750473 ], [ 14.4521985, 53.6751427 ], [ 14.452361, 53.6750983 ], [ 14.4524759, 53.6750983 ], [ 14.4527408, 53.6750865 ], [ 14.4532056, 53.6750125 ], [ 14.4536155, 53.6750169 ], [ 14.4538579, 53.675014 ], [ 14.4541827, 53.6750066 ], [ 14.45472, 53.6750125 ], [ 14.4550474, 53.6750747 ], [ 14.4554123, 53.6750539 ], [ 14.4556672, 53.6749607 ], [ 14.4560945, 53.6749858 ], [ 14.4562644, 53.6749089 ], [ 14.4564968, 53.674786 ], [ 14.4572465, 53.6747105 ], [ 14.4575064, 53.6747179 ], [ 14.4577289, 53.6746838 ], [ 14.4579988, 53.6746157 ], [ 14.4584161, 53.6745625 ], [ 14.4585835, 53.6745521 ], [ 14.4590908, 53.6744929 ], [ 14.4594257, 53.6744929 ], [ 14.459848, 53.6745077 ], [ 14.4599805, 53.6744366 ], [ 14.4602104, 53.6742693 ], [ 14.4603428, 53.6742886 ], [ 14.4603328, 53.6743759 ], [ 14.4602729, 53.6744351 ], [ 14.4601679, 53.6744988 ], [ 14.4601904, 53.6745654 ], [ 14.4604253, 53.6746542 ], [ 14.4605852, 53.6747164 ], [ 14.4607652, 53.6747608 ], [ 14.4609801, 53.6748482 ], [ 14.4609401, 53.6749133 ], [ 14.4606052, 53.6749695 ], [ 14.4603728, 53.6750347 ], [ 14.4601354, 53.6750362 ], [ 14.4598305, 53.6749562 ], [ 14.4596531, 53.6748911 ], [ 14.4595357, 53.6747963 ], [ 14.4594457, 53.6747667 ], [ 14.4591283, 53.6747653 ], [ 14.4590658, 53.6747653 ], [ 14.4588384, 53.6747904 ], [ 14.458741, 53.6748792 ], [ 14.4587285, 53.6749695 ], [ 14.458556, 53.6750376 ], [ 14.4583911, 53.6750939 ], [ 14.4582387, 53.675048 ], [ 14.4582711, 53.6749163 ], [ 14.4581712, 53.6748718 ], [ 14.4581687, 53.6747667 ], [ 14.4578363, 53.674826 ], [ 14.4575939, 53.6748585 ], [ 14.4575439, 53.6748955 ], [ 14.4576514, 53.6749429 ], [ 14.4577139, 53.6750554 ], [ 14.4576614, 53.6751576 ], [ 14.4574765, 53.6752715 ], [ 14.4572465, 53.6753411 ], [ 14.4570241, 53.6753219 ], [ 14.4570166, 53.6752153 ], [ 14.4568842, 53.6751931 ], [ 14.4566043, 53.6752538 ], [ 14.456192, 53.6752701 ], [ 14.4557646, 53.6752553 ], [ 14.4553573, 53.6752523 ], [ 14.4550249, 53.6752493 ], [ 14.4549499, 53.6753396 ], [ 14.4549524, 53.6754166 ], [ 14.4549624, 53.6755113 ], [ 14.4548475, 53.6755957 ], [ 14.4546401, 53.6756031 ], [ 14.4545801, 53.675538 ], [ 14.4545576, 53.6753988 ], [ 14.4545126, 53.6753115 ], [ 14.4543477, 53.6753041 ], [ 14.4541103, 53.6753159 ], [ 14.4539903, 53.675313 ], [ 14.4538054, 53.675273 ], [ 14.4537429, 53.6751901 ], [ 14.4536879, 53.6750998 ], [ 14.453578, 53.6750732 ], [ 14.4534655, 53.6751072 ], [ 14.4533955, 53.6752094 ], [ 14.4533656, 53.6752937 ], [ 14.4530032, 53.675353 ], [ 14.4527983, 53.6754329 ], [ 14.4526184, 53.675427 ], [ 14.4524884, 53.6754447 ], [ 14.4520936, 53.6755069 ], [ 14.4518986, 53.6754891 ] ], [ [ 14.5280063, 53.6754298 ], [ 14.527878, 53.6754232 ], [ 14.5278139, 53.6753522 ], [ 14.5277888, 53.6752861 ], [ 14.5276772, 53.6752745 ], [ 14.5277023, 53.6752365 ], [ 14.5278549, 53.6751745 ], [ 14.5279693, 53.6753194 ], [ 14.5280119, 53.6753753 ], [ 14.5280063, 53.6754298 ] ], [ [ 14.4503846, 53.6755636 ], [ 14.4500672, 53.6755 ], [ 14.4501047, 53.6754526 ], [ 14.4502322, 53.6753993 ], [ 14.450547, 53.6753386 ], [ 14.450627, 53.6752987 ], [ 14.450478, 53.6751559 ], [ 14.4508379, 53.6750848 ], [ 14.4511078, 53.6750908 ], [ 14.4511218, 53.6751847 ], [ 14.4511593, 53.675198 ], [ 14.4512818, 53.675238 ], [ 14.4513517, 53.6753031 ], [ 14.4513567, 53.6753594 ], [ 14.4512618, 53.675389 ], [ 14.4512543, 53.6754319 ], [ 14.4513517, 53.6754467 ], [ 14.4514517, 53.6754112 ], [ 14.4515442, 53.675386 ], [ 14.4516041, 53.6754008 ], [ 14.4516891, 53.6754659 ], [ 14.4517341, 53.6755651 ], [ 14.4516941, 53.6757117 ], [ 14.4516366, 53.6757724 ], [ 14.4515142, 53.6758227 ], [ 14.4513867, 53.6758834 ], [ 14.4508869, 53.6758804 ], [ 14.450682, 53.675836 ], [ 14.450622, 53.6757798 ], [ 14.4507445, 53.6756983 ], [ 14.4508369, 53.6756229 ], [ 14.450632, 53.6755873 ], [ 14.4503846, 53.6755636 ] ], [ [ 14.4417281, 53.6763368 ], [ 14.4414814, 53.676333 ], [ 14.4412155, 53.6763102 ], [ 14.4410329, 53.6763254 ], [ 14.441004, 53.6762476 ], [ 14.4410521, 53.6761432 ], [ 14.441105, 53.6760685 ], [ 14.4411795, 53.6760096 ], [ 14.4414365, 53.6760236 ], [ 14.4418562, 53.6760255 ], [ 14.442308, 53.6760312 ], [ 14.4425611, 53.6760312 ], [ 14.4429904, 53.6760103 ], [ 14.4432339, 53.6759553 ], [ 14.443488, 53.6759279 ], [ 14.4436775, 53.6758583 ], [ 14.4439395, 53.6757822 ], [ 14.4442073, 53.6757348 ], [ 14.4444793, 53.6757055 ], [ 14.4449183, 53.675654 ], [ 14.4455438, 53.6755473 ], [ 14.4458653, 53.6754977 ], [ 14.4473315, 53.675496 ], [ 14.448046, 53.6753974 ], [ 14.4484657, 53.6753082 ], [ 14.44844, 53.6754315 ], [ 14.4485265, 53.6755055 ], [ 14.4485714, 53.6755682 ], [ 14.4484464, 53.6756934 ], [ 14.4483727, 53.6757352 ], [ 14.44811, 53.6758623 ], [ 14.4482446, 53.6759762 ], [ 14.4482446, 53.6760274 ], [ 14.4481036, 53.6760654 ], [ 14.4479114, 53.6760919 ], [ 14.44778, 53.6760331 ], [ 14.4476583, 53.6759173 ], [ 14.4475782, 53.6758965 ], [ 14.4474148, 53.6758927 ], [ 14.4472066, 53.6758965 ], [ 14.4470976, 53.6758092 ], [ 14.4470656, 53.6756346 ], [ 14.4469439, 53.6756232 ], [ 14.4467901, 53.6756744 ], [ 14.4467548, 53.6757446 ], [ 14.4466651, 53.6758282 ], [ 14.4466299, 53.6759022 ], [ 14.4467292, 53.6759933 ], [ 14.4467965, 53.6760388 ], [ 14.446742, 53.676109 ], [ 14.4464985, 53.6761584 ], [ 14.4462871, 53.6761887 ], [ 14.4461557, 53.6761982 ], [ 14.4458417, 53.6762362 ], [ 14.4456752, 53.6762286 ], [ 14.4454669, 53.6761754 ], [ 14.4453708, 53.6761147 ], [ 14.4453195, 53.6760141 ], [ 14.4453804, 53.6759136 ], [ 14.4453227, 53.6758737 ], [ 14.4451273, 53.6758718 ], [ 14.4449511, 53.6758965 ], [ 14.4448422, 53.6759287 ], [ 14.4447364, 53.6760084 ], [ 14.4446147, 53.6758813 ], [ 14.444493, 53.6758661 ], [ 14.4442847, 53.6759154 ], [ 14.444038, 53.6759724 ], [ 14.444054, 53.6760825 ], [ 14.4440508, 53.6761792 ], [ 14.4439451, 53.6762514 ], [ 14.443817, 53.6763102 ], [ 14.4437625, 53.6764051 ], [ 14.4435574, 53.6764677 ], [ 14.4433684, 53.6764184 ], [ 14.4433011, 53.6763026 ], [ 14.4434165, 53.6762362 ], [ 14.4433908, 53.6761375 ], [ 14.4431794, 53.6761887 ], [ 14.4430705, 53.6763368 ], [ 14.4427885, 53.6763671 ], [ 14.4426091, 53.6763197 ], [ 14.4423208, 53.6763235 ], [ 14.4420773, 53.6763424 ], [ 14.4417281, 53.6763368 ] ], [ [ 14.4342393, 53.6769622 ], [ 14.433969, 53.6769934 ], [ 14.4338012, 53.6769235 ], [ 14.4336272, 53.6768297 ], [ 14.4334937, 53.6767395 ], [ 14.4335371, 53.6766383 ], [ 14.4334843, 53.6765168 ], [ 14.433534, 53.67648 ], [ 14.4337639, 53.6764892 ], [ 14.4340342, 53.6765076 ], [ 14.4342362, 53.6764598 ], [ 14.4347208, 53.6763567 ], [ 14.4348855, 53.6763365 ], [ 14.4351185, 53.6763015 ], [ 14.4353701, 53.6762849 ], [ 14.4354882, 53.6762978 ], [ 14.4356373, 53.6763162 ], [ 14.4357647, 53.6763254 ], [ 14.4359355, 53.6763052 ], [ 14.4361002, 53.6762757 ], [ 14.4362524, 53.6762481 ], [ 14.4365662, 53.6762113 ], [ 14.4366532, 53.6762003 ], [ 14.4368365, 53.6761432 ], [ 14.4370539, 53.6760825 ], [ 14.4372683, 53.676066 ], [ 14.4374889, 53.676066 ], [ 14.4377312, 53.6760549 ], [ 14.43793, 53.6760457 ], [ 14.4382438, 53.6760402 ], [ 14.4383836, 53.6760678 ], [ 14.4385669, 53.6760531 ], [ 14.4387906, 53.6760273 ], [ 14.4389149, 53.6760199 ], [ 14.4391851, 53.6760126 ], [ 14.4394212, 53.6760034 ], [ 14.4395921, 53.6760107 ], [ 14.4398997, 53.6760402 ], [ 14.4401948, 53.6760862 ], [ 14.4402197, 53.6761635 ], [ 14.4402352, 53.6762408 ], [ 14.4402072, 53.6762849 ], [ 14.4399991, 53.676296 ], [ 14.4396946, 53.6762886 ], [ 14.439384, 53.676261 ], [ 14.4391168, 53.6762555 ], [ 14.4389646, 53.6762978 ], [ 14.4388061, 53.676353 ], [ 14.4386197, 53.6763273 ], [ 14.438396, 53.676399 ], [ 14.4382624, 53.6763678 ], [ 14.4382096, 53.6763512 ], [ 14.4381786, 53.6762279 ], [ 14.4380325, 53.6761672 ], [ 14.4378586, 53.6761911 ], [ 14.4375728, 53.6762095 ], [ 14.4374764, 53.6762941 ], [ 14.4373832, 53.676377 ], [ 14.4372838, 53.6764211 ], [ 14.4369421, 53.6764414 ], [ 14.4369421, 53.6764837 ], [ 14.4369297, 53.676607 ], [ 14.4366967, 53.6766788 ], [ 14.4364606, 53.6767211 ], [ 14.4362151, 53.6767284 ], [ 14.4360443, 53.67678 ], [ 14.435861, 53.6767726 ], [ 14.4355317, 53.6767965 ], [ 14.435339, 53.6768039 ], [ 14.4350905, 53.6767965 ], [ 14.434929, 53.6768057 ], [ 14.4346338, 53.6768499 ], [ 14.4345499, 53.6768885 ], [ 14.4342393, 53.6769622 ] ], [ [ 14.4325204, 53.6765728 ], [ 14.4324831, 53.6766703 ], [ 14.4320606, 53.6767549 ], [ 14.43175, 53.6767862 ], [ 14.4313896, 53.6767807 ], [ 14.4312249, 53.6766482 ], [ 14.4312156, 53.6764936 ], [ 14.4313181, 53.6764053 ], [ 14.4314393, 53.6764274 ], [ 14.4316599, 53.6763795 ], [ 14.4319705, 53.6763188 ], [ 14.4324334, 53.6763188 ], [ 14.4326944, 53.6764071 ], [ 14.4329367, 53.6764329 ], [ 14.432946, 53.6764973 ], [ 14.432769, 53.6765194 ], [ 14.4325204, 53.6765728 ] ], [ [ 14.4280301, 53.6769287 ], [ 14.4276759, 53.6769526 ], [ 14.4273963, 53.6769361 ], [ 14.4271633, 53.676879 ], [ 14.426862, 53.676868 ], [ 14.426803, 53.6768054 ], [ 14.426951, 53.6767209 ], [ 14.4274875, 53.6766357 ], [ 14.427794, 53.6766343 ], [ 14.4282507, 53.6765367 ], [ 14.4285116, 53.676533 ], [ 14.4287229, 53.6765386 ], [ 14.4288969, 53.676557 ], [ 14.4291237, 53.6765386 ], [ 14.4293163, 53.6765146 ], [ 14.4295897, 53.6764705 ], [ 14.42995, 53.6764153 ], [ 14.4301302, 53.6764815 ], [ 14.4300526, 53.6765441 ], [ 14.4299842, 53.6766214 ], [ 14.4299718, 53.6766931 ], [ 14.4300557, 53.6767907 ], [ 14.4300122, 53.6768624 ], [ 14.4298817, 53.67689 ], [ 14.4296207, 53.6768772 ], [ 14.4294685, 53.67689 ], [ 14.4292728, 53.6769324 ], [ 14.429046, 53.6768974 ], [ 14.4288316, 53.676844 ], [ 14.4288472, 53.6767686 ], [ 14.4287446, 53.6767318 ], [ 14.4284495, 53.6766913 ], [ 14.4282382, 53.6767318 ], [ 14.4279897, 53.6768036 ], [ 14.427822, 53.676879 ], [ 14.4279897, 53.6768827 ], [ 14.4280301, 53.6769287 ] ], [ [ 14.4239822, 53.6769329 ], [ 14.4238176, 53.6769641 ], [ 14.4235504, 53.6769807 ], [ 14.4233733, 53.6769881 ], [ 14.4232056, 53.6769678 ], [ 14.4231496, 53.6769071 ], [ 14.423162, 53.6767803 ], [ 14.4236959, 53.6768389 ], [ 14.4239998, 53.6767674 ], [ 14.4239667, 53.6768795 ], [ 14.4239822, 53.6769329 ] ], [ [ 14.5343677, 53.6771016 ], [ 14.5346438, 53.6769918 ], [ 14.5347898, 53.6769264 ], [ 14.5349762, 53.6768982 ], [ 14.5353555, 53.6767436 ], [ 14.5353608, 53.6767365 ], [ 14.5354455, 53.6766237 ], [ 14.5354613, 53.6766501 ], [ 14.5355087, 53.6766716 ], [ 14.5354055, 53.676741 ], [ 14.5353441, 53.6768005 ], [ 14.5352855, 53.6769392 ], [ 14.5351405, 53.6770383 ], [ 14.534711, 53.6771804 ], [ 14.5342229, 53.677344 ], [ 14.5339496, 53.6773737 ], [ 14.5338436, 53.6773671 ], [ 14.5339747, 53.6773258 ], [ 14.5340751, 53.6772961 ], [ 14.5339775, 53.6772581 ], [ 14.5338408, 53.6772647 ], [ 14.533732, 53.6772581 ], [ 14.5337571, 53.6771936 ], [ 14.5338155, 53.677153 ], [ 14.5341741, 53.677141 ], [ 14.5343677, 53.6771016 ] ], [ [ 14.5320021, 53.6772731 ], [ 14.5319156, 53.6772384 ], [ 14.5318208, 53.677245 ], [ 14.5317511, 53.6772054 ], [ 14.5318208, 53.6771674 ], [ 14.5319304, 53.6771728 ], [ 14.5321357, 53.6771605 ], [ 14.5321917, 53.6771575 ], [ 14.532175, 53.677212 ], [ 14.5321053, 53.6772583 ], [ 14.5320021, 53.6772731 ] ], [ [ 14.5328994, 53.6773321 ], [ 14.5328924, 53.6772561 ], [ 14.5329132, 53.6772382 ], [ 14.5330362, 53.6772759 ], [ 14.5332346, 53.6772897 ], [ 14.5333991, 53.6772596 ], [ 14.5334544, 53.6772148 ], [ 14.5335004, 53.677238 ], [ 14.5335562, 53.6772793 ], [ 14.5335269, 53.6773429 ], [ 14.5333512, 53.6774081 ], [ 14.5332857, 53.6774032 ], [ 14.5331769, 53.6774106 ], [ 14.5330165, 53.6774065 ], [ 14.5329022, 53.6773858 ], [ 14.5328994, 53.6773321 ] ], [ [ 14.5314242, 53.6774026 ], [ 14.5314242, 53.6773646 ], [ 14.5315358, 53.6773811 ], [ 14.5315386, 53.6774224 ], [ 14.5314772, 53.6774439 ], [ 14.5314242, 53.6774026 ] ], [ [ 14.5137282, 53.7495777 ], [ 14.5136551, 53.7503538 ], [ 14.5131536, 53.7518408 ], [ 14.5122008, 53.7533357 ], [ 14.510792, 53.7546291 ], [ 14.5092073, 53.7556361 ], [ 14.5075183, 53.7564701 ], [ 14.5060808, 53.7569202 ], [ 14.5046273, 53.7572552 ], [ 14.5024306, 53.7575562 ], [ 14.5005872, 53.7576424 ], [ 14.4989892, 53.7576226 ], [ 14.4968241, 53.7574385 ], [ 14.494497, 53.7569641 ], [ 14.4933172, 53.7565687 ], [ 14.4922252, 53.7561273 ], [ 14.4910694, 53.7555744 ], [ 14.49025, 53.7551003 ], [ 14.4893716, 53.7544722 ], [ 14.4885217, 53.7536812 ], [ 14.4875844, 53.7525367 ], [ 14.4871957, 53.7518376 ], [ 14.486929, 53.751009 ], [ 14.4868103, 53.7494834 ], [ 14.4870719, 53.747975 ], [ 14.4878104, 53.7465231 ], [ 14.4884942, 53.7457506 ], [ 14.488999, 53.7451803 ], [ 14.4898992, 53.7445117 ], [ 14.4905948, 53.7439951 ], [ 14.4920164, 53.7432754 ], [ 14.49254, 53.7430103 ], [ 14.4947644, 53.7422615 ], [ 14.4971876, 53.7417757 ], [ 14.499722, 53.7415705 ], [ 14.5022761, 53.7416533 ], [ 14.5047577, 53.7420211 ], [ 14.5065829, 53.7425244 ], [ 14.5070771, 53.7426607 ], [ 14.5091505, 53.7435488 ], [ 14.510903, 53.7446535 ], [ 14.5122712, 53.7459348 ], [ 14.5132057, 53.7473465 ], [ 14.5136726, 53.7488374 ], [ 14.5137282, 53.7495777 ] ], [ [ 14.4597514, 53.794323 ], [ 14.4591698, 53.7954536 ], [ 14.4579239, 53.796612 ], [ 14.4565463, 53.7974784 ], [ 14.4548337, 53.7981351 ], [ 14.4533101, 53.7985307 ], [ 14.4515662, 53.7987734 ], [ 14.4497448, 53.7988167 ], [ 14.4476667, 53.7986089 ], [ 14.4460129, 53.7982264 ], [ 14.4444241, 53.7976291 ], [ 14.4429708, 53.7967902 ], [ 14.4415361, 53.7953824 ], [ 14.4409793, 53.7942889 ], [ 14.440814, 53.7930542 ], [ 14.4409689, 53.7922105 ], [ 14.4412377, 53.7916078 ], [ 14.4415942, 53.7910037 ], [ 14.4427819, 53.7897318 ], [ 14.4441927, 53.7888444 ], [ 14.4453145, 53.7883556 ], [ 14.4462499, 53.7880658 ], [ 14.4465938, 53.7879592 ], [ 14.4479204, 53.7876678 ], [ 14.4494119, 53.7875189 ], [ 14.4501224, 53.7874777 ], [ 14.4508975, 53.787487 ], [ 14.4520402, 53.7875782 ], [ 14.4529369, 53.7877026 ], [ 14.4538623, 53.787883 ], [ 14.4549738, 53.7881776 ], [ 14.4564027, 53.7887081 ], [ 14.4575985, 53.7893752 ], [ 14.4582822, 53.789918 ], [ 14.4589357, 53.7905374 ], [ 14.4595481, 53.7914656 ], [ 14.4597846, 53.7920891 ], [ 14.4599799, 53.7931924 ], [ 14.4597514, 53.794323 ] ], [ [ 14.5694467, 53.5998588 ], [ 14.569181, 53.599862 ], [ 14.5689479, 53.5998716 ], [ 14.5687202, 53.5998556 ], [ 14.5685195, 53.5998556 ], [ 14.5682453, 53.5999159 ], [ 14.5683034, 53.5998501 ], [ 14.5685512, 53.599765 ], [ 14.5687975, 53.5997767 ], [ 14.5690382, 53.5997431 ], [ 14.5694742, 53.5997919 ], [ 14.5697489, 53.5997969 ], [ 14.5699669, 53.5997247 ], [ 14.5701142, 53.599602 ], [ 14.5702291, 53.599533 ], [ 14.5700522, 53.599262 ], [ 14.5699528, 53.5990945 ], [ 14.5700161, 53.5991219 ], [ 14.5703005, 53.5995732 ], [ 14.5702872, 53.5996432 ], [ 14.5702655, 53.5997655 ], [ 14.5701841, 53.5998556 ], [ 14.5700974, 53.5998749 ], [ 14.5697721, 53.5998684 ], [ 14.5694467, 53.5998588 ] ], [ [ 14.5722895, 53.6048113 ], [ 14.57223, 53.6050482 ], [ 14.5721649, 53.6051642 ], [ 14.5721677, 53.6052431 ], [ 14.5721196, 53.6053893 ], [ 14.5721677, 53.6055086 ], [ 14.5721805, 53.6055861 ], [ 14.57215, 53.6055867 ], [ 14.5720844, 53.6055893 ], [ 14.572021, 53.6054412 ], [ 14.5720971, 53.6050784 ], [ 14.5721795, 53.6048353 ], [ 14.5722237, 53.6045355 ], [ 14.5721902, 53.604246 ], [ 14.5720574, 53.6038154 ], [ 14.5713273, 53.6031929 ], [ 14.5709904, 53.6026933 ], [ 14.5709176, 53.6025501 ], [ 14.5708786, 53.6023681 ], [ 14.570812, 53.6021919 ], [ 14.5706652, 53.6020512 ], [ 14.5705972, 53.6018593 ], [ 14.5705216, 53.6014322 ], [ 14.570398, 53.6012692 ], [ 14.570569, 53.6010843 ], [ 14.5706268, 53.6010385 ], [ 14.5704826, 53.600922 ], [ 14.5702668, 53.6008583 ], [ 14.569719, 53.6007435 ], [ 14.5693286, 53.6006212 ], [ 14.5691115, 53.6005684 ], [ 14.5682628, 53.6003298 ], [ 14.5680747, 53.6002889 ], [ 14.5682103, 53.6002816 ], [ 14.5688771, 53.6004135 ], [ 14.5695198, 53.6005799 ], [ 14.5699142, 53.6006856 ], [ 14.5701244, 53.6007307 ], [ 14.5704668, 53.6008151 ], [ 14.5706009, 53.6009078 ], [ 14.570655, 53.6010004 ], [ 14.570655, 53.6010634 ], [ 14.5705669, 53.6011311 ], [ 14.5704988, 53.6012214 ], [ 14.5705168, 53.6013189 ], [ 14.5705821, 53.6014158 ], [ 14.5706359, 53.6014914 ], [ 14.570701, 53.6018073 ], [ 14.5709304, 53.602224 ], [ 14.5710068, 53.6024911 ], [ 14.5711144, 53.6025902 ], [ 14.5713098, 53.6026507 ], [ 14.5713721, 53.602723 ], [ 14.571406, 53.6027347 ], [ 14.5714882, 53.6028439 ], [ 14.5714825, 53.6029884 ], [ 14.5714145, 53.6031195 ], [ 14.5715335, 53.6032774 ], [ 14.5720573, 53.6037075 ], [ 14.5721734, 53.6038453 ], [ 14.5723348, 53.6043443 ], [ 14.5722895, 53.6048113 ] ], [ [ 14.5939336, 53.6091893 ], [ 14.5938826, 53.6091319 ], [ 14.5939234, 53.6090442 ], [ 14.5939234, 53.6089687 ], [ 14.5939743, 53.6089536 ], [ 14.5940558, 53.6089082 ], [ 14.5941807, 53.6088886 ], [ 14.5940877, 53.6090496 ], [ 14.5939336, 53.6091893 ] ], [ [ 14.5933079, 53.609226 ], [ 14.5933617, 53.609185 ], [ 14.593448, 53.6091564 ], [ 14.5935049, 53.609176 ], [ 14.5935697, 53.609168 ], [ 14.5936818, 53.6092042 ], [ 14.593804, 53.6092616 ], [ 14.5936064, 53.6092354 ], [ 14.5935076, 53.6094061 ], [ 14.5934373, 53.6096485 ], [ 14.5933882, 53.6097731 ], [ 14.5932689, 53.6098466 ], [ 14.5932168, 53.6099198 ], [ 14.5931856, 53.6100005 ], [ 14.5932259, 53.6100719 ], [ 14.5932467, 53.6101512 ], [ 14.5932062, 53.610435 ], [ 14.5930807, 53.6104161 ], [ 14.5930145, 53.6104342 ], [ 14.5929075, 53.6104826 ], [ 14.592826, 53.6103949 ], [ 14.5928871, 53.6103163 ], [ 14.5929941, 53.6102771 ], [ 14.5929585, 53.6102166 ], [ 14.592989, 53.6100021 ], [ 14.5930603, 53.6100383 ], [ 14.5931266, 53.6101411 ], [ 14.5931571, 53.609993 ], [ 14.5931011, 53.6099628 ], [ 14.5931011, 53.6098781 ], [ 14.593152, 53.6097935 ], [ 14.5932335, 53.6097663 ], [ 14.5932967, 53.6097377 ], [ 14.5933005, 53.6097095 ], [ 14.5933048, 53.6096817 ], [ 14.5932822, 53.6095819 ], [ 14.5933211, 53.6095249 ], [ 14.5933732, 53.6094041 ], [ 14.5934083, 53.6093223 ], [ 14.5934896, 53.609316 ], [ 14.5935189, 53.6092989 ], [ 14.5935278, 53.6092876 ], [ 14.5935237, 53.6092795 ], [ 14.5934922, 53.6092839 ], [ 14.5934546, 53.6092886 ], [ 14.5933723, 53.609294 ], [ 14.5933371, 53.6092685 ], [ 14.5933079, 53.609226 ] ], [ [ 14.5930266, 53.6111931 ], [ 14.5929094, 53.6110843 ], [ 14.5929349, 53.6110118 ], [ 14.5928075, 53.6109997 ], [ 14.5928992, 53.6108183 ], [ 14.5930266, 53.6107126 ], [ 14.593189, 53.6106787 ], [ 14.593303, 53.6111796 ], [ 14.5931437, 53.6112263 ], [ 14.5930979, 53.6112928 ], [ 14.5930062, 53.6112807 ], [ 14.5930266, 53.6111931 ] ], [ [ 14.5928639, 53.6117957 ], [ 14.5928486, 53.6116839 ], [ 14.5930014, 53.6116265 ], [ 14.5930167, 53.6115267 ], [ 14.5931033, 53.6114482 ], [ 14.5932052, 53.6114844 ], [ 14.5932947, 53.6115242 ], [ 14.5932883, 53.6116882 ], [ 14.5933455, 53.6133781 ], [ 14.5930829, 53.6131827 ], [ 14.592981, 53.6130649 ], [ 14.5928384, 53.6129772 ], [ 14.5928282, 53.6129107 ], [ 14.5928435, 53.612805 ], [ 14.5927467, 53.6127083 ], [ 14.5927875, 53.6126297 ], [ 14.5928893, 53.6126327 ], [ 14.5928995, 53.612524 ], [ 14.5929607, 53.6123789 ], [ 14.5928333, 53.6122852 ], [ 14.5927926, 53.6121643 ], [ 14.5928231, 53.6120586 ], [ 14.5928741, 53.6119226 ], [ 14.5928639, 53.6117957 ] ], [ [ 14.5694746, 53.609074 ], [ 14.5702283, 53.6080196 ], [ 14.571152, 53.6070109 ], [ 14.5713583, 53.6066593 ], [ 14.571773, 53.6061965 ], [ 14.5718853, 53.6060807 ], [ 14.5719615, 53.605973 ], [ 14.5719601, 53.6060939 ], [ 14.5717359, 53.6063196 ], [ 14.5714515, 53.606657 ], [ 14.5713915, 53.6068019 ], [ 14.5712714, 53.6069896 ], [ 14.5711352, 53.6071488 ], [ 14.5708709, 53.6074267 ], [ 14.5706427, 53.6076429 ], [ 14.5704705, 53.6078805 ], [ 14.5702743, 53.6081347 ], [ 14.5701662, 53.60832 ], [ 14.570054, 53.6084436 ], [ 14.5698418, 53.6086859 ], [ 14.5696696, 53.6089639 ], [ 14.5695495, 53.6091943 ], [ 14.5695255, 53.609401 ], [ 14.5694053, 53.6096029 ], [ 14.5691971, 53.6099118 ], [ 14.5689649, 53.6103608 ], [ 14.5687526, 53.6106269 ], [ 14.5685604, 53.6108026 ], [ 14.5684002, 53.6110307 ], [ 14.5681039, 53.6112659 ], [ 14.5679317, 53.6113823 ], [ 14.5677515, 53.6115106 ], [ 14.5677956, 53.6115795 ], [ 14.5677315, 53.611722 ], [ 14.5675193, 53.6118978 ], [ 14.5672991, 53.6120498 ], [ 14.5671469, 53.6121995 ], [ 14.5669226, 53.6124537 ], [ 14.5667304, 53.6127459 ], [ 14.5664621, 53.6130024 ], [ 14.5662059, 53.6132424 ], [ 14.5660057, 53.6134015 ], [ 14.5657093, 53.6135583 ], [ 14.5656773, 53.6137008 ], [ 14.5654691, 53.613917 ], [ 14.5649966, 53.6142662 ], [ 14.5648564, 53.6144634 ], [ 14.5645601, 53.6146795 ], [ 14.5642918, 53.6149741 ], [ 14.5640515, 53.6151665 ], [ 14.5636431, 53.6155513 ], [ 14.5632987, 53.6158173 ], [ 14.5630545, 53.6159432 ], [ 14.5628703, 53.6159789 ], [ 14.562634, 53.6161119 ], [ 14.5625598, 53.616189 ], [ 14.5624098, 53.6163447 ], [ 14.5623217, 53.6165014 ], [ 14.5623577, 53.6166534 ], [ 14.5624378, 53.6168007 ], [ 14.5623257, 53.6170644 ], [ 14.5621735, 53.6172782 ], [ 14.5620173, 53.6175228 ], [ 14.5618371, 53.6176677 ], [ 14.561737, 53.6178007 ], [ 14.561689, 53.6179385 ], [ 14.5616209, 53.6180596 ], [ 14.5613927, 53.6182354 ], [ 14.5612205, 53.6184111 ], [ 14.5611924, 53.6186178 ], [ 14.5610843, 53.6187555 ], [ 14.5609008, 53.6189022 ], [ 14.5607139, 53.6191004 ], [ 14.5605157, 53.6193926 ], [ 14.5602269, 53.6195841 ], [ 14.5599834, 53.6197655 ], [ 14.559955, 53.6198427 ], [ 14.5598758, 53.6200073 ], [ 14.5598588, 53.6201417 ], [ 14.5596436, 53.6202323 ], [ 14.5596096, 53.6203331 ], [ 14.5596379, 53.6205111 ], [ 14.5596945, 53.6207563 ], [ 14.5594794, 53.621062 ], [ 14.5591792, 53.6214247 ], [ 14.5587998, 53.6216599 ], [ 14.558511, 53.6217841 ], [ 14.55846, 53.6218412 ], [ 14.5585563, 53.6218614 ], [ 14.5585166, 53.6219319 ], [ 14.5582845, 53.6220327 ], [ 14.5580231, 53.6219476 ], [ 14.5582425, 53.6218532 ], [ 14.5584214, 53.6217861 ], [ 14.5587551, 53.6214721 ], [ 14.5591146, 53.621251 ], [ 14.5594093, 53.6209252 ], [ 14.5595329, 53.6207363 ], [ 14.5594564, 53.6204029 ], [ 14.5594957, 53.6201793 ], [ 14.5597413, 53.6199403 ], [ 14.5598828, 53.619742 ], [ 14.5600451, 53.6196071 ], [ 14.5603134, 53.6193562 ], [ 14.5605151, 53.6190727 ], [ 14.5607082, 53.6189518 ], [ 14.5609658, 53.6187299 ], [ 14.5610037, 53.6183599 ], [ 14.5612533, 53.6182516 ], [ 14.5614244, 53.6180865 ], [ 14.561597, 53.6177943 ], [ 14.5619933, 53.6173201 ], [ 14.5622514, 53.616936 ], [ 14.5622704, 53.6166443 ], [ 14.5622027, 53.6164722 ], [ 14.5622336, 53.616376 ], [ 14.5623427, 53.6162369 ], [ 14.5624406, 53.6161466 ], [ 14.5626179, 53.6160117 ], [ 14.5627563, 53.6159356 ], [ 14.563303, 53.6156249 ], [ 14.5634879, 53.6155321 ], [ 14.5638917, 53.6151117 ], [ 14.5642958, 53.6148141 ], [ 14.5650379, 53.6140274 ], [ 14.5653744, 53.613786 ], [ 14.5655575, 53.6134861 ], [ 14.5658973, 53.6132817 ], [ 14.5661806, 53.6130355 ], [ 14.5664837, 53.6127797 ], [ 14.5666973, 53.612509 ], [ 14.5670807, 53.6120845 ], [ 14.5675155, 53.6117164 ], [ 14.5676345, 53.6116218 ], [ 14.5675883, 53.6115148 ], [ 14.5687674, 53.6103261 ], [ 14.5690082, 53.6099228 ], [ 14.5691401, 53.6096788 ], [ 14.569192, 53.6094914 ], [ 14.5692624, 53.6092606 ], [ 14.5694746, 53.609074 ] ], [ [ 14.5929344, 53.6139819 ], [ 14.5929191, 53.613864 ], [ 14.5929395, 53.6137704 ], [ 14.5930821, 53.6136918 ], [ 14.5932502, 53.6136555 ], [ 14.5933113, 53.613719 ], [ 14.5933632, 53.6142943 ], [ 14.5932196, 53.6143082 ], [ 14.5930668, 53.6143264 ], [ 14.5929751, 53.6143656 ], [ 14.5928732, 53.6143052 ], [ 14.5928223, 53.6142055 ], [ 14.5929089, 53.6140937 ], [ 14.5929904, 53.6140574 ], [ 14.5929344, 53.6139819 ] ], [ [ 14.5935791, 53.6148676 ], [ 14.593697, 53.6147326 ], [ 14.5937291, 53.6149637 ], [ 14.5936453, 53.6149431 ], [ 14.593564, 53.6149104 ], [ 14.5935791, 53.6148676 ] ], [ [ 14.593192, 53.6154487 ], [ 14.5931563, 53.6153309 ], [ 14.5931971, 53.6152826 ], [ 14.5933006, 53.6152522 ], [ 14.5933548, 53.6152334 ], [ 14.5934976, 53.6152433 ], [ 14.5936834, 53.6152589 ], [ 14.5935775, 53.6154733 ], [ 14.5934925, 53.6154185 ], [ 14.5934048, 53.6154118 ], [ 14.5933421, 53.6154487 ], [ 14.5933448, 53.6155243 ], [ 14.5932836, 53.6155122 ], [ 14.593192, 53.6154487 ] ], [ [ 14.5929953, 53.6158142 ], [ 14.5930402, 53.6157688 ], [ 14.5931472, 53.6157296 ], [ 14.5931829, 53.6156601 ], [ 14.5932695, 53.6156147 ], [ 14.5934528, 53.615645 ], [ 14.5935853, 53.6157416 ], [ 14.5934776, 53.6160983 ], [ 14.5937583, 53.6165948 ], [ 14.593595, 53.6171663 ], [ 14.5938615, 53.6177843 ], [ 14.5936617, 53.617757 ], [ 14.5935649, 53.6177298 ], [ 14.5934528, 53.6176966 ], [ 14.5931472, 53.6177026 ], [ 14.5930861, 53.6176029 ], [ 14.593081, 53.6174851 ], [ 14.5930861, 53.6173219 ], [ 14.5930963, 53.6171648 ], [ 14.5931167, 53.6170832 ], [ 14.5931523, 53.6170439 ], [ 14.5930963, 53.6169926 ], [ 14.5930097, 53.6169503 ], [ 14.5929486, 53.6168687 ], [ 14.592918, 53.6168113 ], [ 14.5930912, 53.616769 ], [ 14.5932083, 53.6167901 ], [ 14.5932593, 53.6167448 ], [ 14.5933459, 53.6167327 ], [ 14.5934274, 53.6167357 ], [ 14.5934172, 53.6168173 ], [ 14.5934376, 53.616914 ], [ 14.5935242, 53.6170168 ], [ 14.5935496, 53.6169321 ], [ 14.5935853, 53.6167932 ], [ 14.5936362, 53.6166632 ], [ 14.5936139, 53.6165393 ], [ 14.5935598, 53.6164185 ], [ 14.5934019, 53.6161979 ], [ 14.5933357, 53.6160257 ], [ 14.5932695, 53.6160529 ], [ 14.5931676, 53.6161042 ], [ 14.5932083, 53.6161405 ], [ 14.5932694, 53.6161833 ], [ 14.5932847, 53.6162644 ], [ 14.5933102, 53.6163913 ], [ 14.5933815, 53.6164668 ], [ 14.5934223, 53.6165545 ], [ 14.5933866, 53.6166511 ], [ 14.5932695, 53.6166572 ], [ 14.5932083, 53.6165756 ], [ 14.5932797, 53.6164668 ], [ 14.5931829, 53.6164034 ], [ 14.593137, 53.6162553 ], [ 14.5931065, 53.6161556 ], [ 14.5930759, 53.6160559 ], [ 14.593137, 53.6159924 ], [ 14.5931574, 53.6159411 ], [ 14.5930963, 53.6159078 ], [ 14.5930504, 53.6158776 ], [ 14.5929953, 53.6158142 ] ], [ [ 14.5932073, 53.6180698 ], [ 14.5931869, 53.6180004 ], [ 14.5931411, 53.617955 ], [ 14.5932786, 53.6179127 ], [ 14.5934263, 53.6179309 ], [ 14.5934569, 53.6178583 ], [ 14.5938596, 53.6178758 ], [ 14.593671, 53.6185976 ], [ 14.5936403, 53.6200526 ], [ 14.593449, 53.6207611 ], [ 14.5933385, 53.6210605 ], [ 14.5932757, 53.6212307 ], [ 14.5934399, 53.6218128 ], [ 14.5932798, 53.6225441 ], [ 14.5932879, 53.6227503 ], [ 14.5935144, 53.6230508 ], [ 14.5934263, 53.6231244 ], [ 14.5933703, 53.6231365 ], [ 14.5933295, 53.6232392 ], [ 14.5932378, 53.6231698 ], [ 14.5932582, 53.6230821 ], [ 14.5931665, 53.6230972 ], [ 14.5930188, 53.6228888 ], [ 14.5930647, 53.6227982 ], [ 14.5932124, 53.622774 ], [ 14.5931716, 53.6226803 ], [ 14.5931156, 53.6224719 ], [ 14.5931156, 53.6223208 ], [ 14.5930596, 53.6223359 ], [ 14.5930239, 53.6223933 ], [ 14.5929424, 53.62249 ], [ 14.5928915, 53.6224447 ], [ 14.5929373, 53.6222876 ], [ 14.5930239, 53.6220489 ], [ 14.5931207, 53.6220096 ], [ 14.5932429, 53.6220127 ], [ 14.593299, 53.6219583 ], [ 14.5933193, 53.6218616 ], [ 14.5932531, 53.6216531 ], [ 14.5932022, 53.6215957 ], [ 14.5931563, 53.6214809 ], [ 14.5930596, 53.6214386 ], [ 14.5930952, 53.6214991 ], [ 14.5930799, 53.6215897 ], [ 14.5930137, 53.6215565 ], [ 14.5929475, 53.6214265 ], [ 14.5929424, 53.6212634 ], [ 14.5930086, 53.621209 ], [ 14.5929475, 53.6211426 ], [ 14.5929933, 53.6208012 ], [ 14.5932633, 53.6202543 ], [ 14.5933142, 53.6202785 ], [ 14.5931818, 53.6205715 ], [ 14.593136, 53.6207377 ], [ 14.5930799, 53.6208465 ], [ 14.5931309, 53.6209431 ], [ 14.5931716, 53.6210851 ], [ 14.5932175, 53.620916 ], [ 14.593411, 53.6205594 ], [ 14.5933041, 53.6205836 ], [ 14.5933092, 53.6205172 ], [ 14.5933601, 53.6204809 ], [ 14.5934212, 53.6204567 ], [ 14.5934365, 53.6203752 ], [ 14.5933754, 53.6203872 ], [ 14.5933601, 53.620351 ], [ 14.5934365, 53.6202543 ], [ 14.5935027, 53.6201667 ], [ 14.5935435, 53.620064 ], [ 14.5935435, 53.6198525 ], [ 14.5934823, 53.6198404 ], [ 14.5934467, 53.6199129 ], [ 14.5933754, 53.6200579 ], [ 14.5933244, 53.620073 ], [ 14.5932786, 53.6200005 ], [ 14.5933142, 53.6198736 ], [ 14.5933601, 53.619783 ], [ 14.5933652, 53.6196984 ], [ 14.5933041, 53.6196259 ], [ 14.5933652, 53.6194355 ], [ 14.5934008, 53.619363 ], [ 14.5934772, 53.6193721 ], [ 14.5934772, 53.6194627 ], [ 14.5934569, 53.6195836 ], [ 14.5934263, 53.6197165 ], [ 14.5934671, 53.6197467 ], [ 14.5935537, 53.619792 ], [ 14.5935689, 53.6197407 ], [ 14.5935638, 53.6195564 ], [ 14.5935486, 53.6192754 ], [ 14.5935435, 53.6191485 ], [ 14.5936046, 53.6189763 ], [ 14.5935537, 53.6189884 ], [ 14.5934925, 53.6190427 ], [ 14.5934772, 53.6191636 ], [ 14.593411, 53.6192693 ], [ 14.5933499, 53.6191243 ], [ 14.5933397, 53.6190216 ], [ 14.5933092, 53.6189672 ], [ 14.5931716, 53.6190004 ], [ 14.5929781, 53.6190125 ], [ 14.5931462, 53.6189189 ], [ 14.5930239, 53.6188615 ], [ 14.5931614, 53.6186983 ], [ 14.5931258, 53.6186107 ], [ 14.5931665, 53.6181121 ], [ 14.5932073, 53.6180698 ] ], [ [ 14.5572205, 53.6229255 ], [ 14.5573002, 53.6228031 ], [ 14.5573828, 53.6228333 ], [ 14.5575316, 53.622743 ], [ 14.5575266, 53.622598 ], [ 14.5577042, 53.6223185 ], [ 14.5576361, 53.6220974 ], [ 14.5578159, 53.6221334 ], [ 14.5579748, 53.6221916 ], [ 14.5581304, 53.6222738 ], [ 14.5579951, 53.6222839 ], [ 14.5578024, 53.622346 ], [ 14.5577212, 53.6224363 ], [ 14.5578226, 53.6224724 ], [ 14.5577111, 53.6225787 ], [ 14.5576468, 53.6227271 ], [ 14.5575014, 53.6229136 ], [ 14.5574, 53.6229718 ], [ 14.5572985, 53.6231422 ], [ 14.5572579, 53.6232726 ], [ 14.5569536, 53.6235213 ], [ 14.5567541, 53.6237539 ], [ 14.5565715, 53.6239805 ], [ 14.5564701, 53.6242853 ], [ 14.5564092, 53.6244859 ], [ 14.5565073, 53.6245721 ], [ 14.5564363, 53.6248669 ], [ 14.5563754, 53.6250193 ], [ 14.5561691, 53.6250996 ], [ 14.5560136, 53.625268 ], [ 14.5559967, 53.6253964 ], [ 14.5559798, 53.6256109 ], [ 14.5558919, 53.6257694 ], [ 14.5557972, 53.6259057 ], [ 14.5556619, 53.626006 ], [ 14.5554658, 53.6261203 ], [ 14.555317, 53.6263008 ], [ 14.5552933, 53.6263309 ], [ 14.5552714, 53.6265371 ], [ 14.5552475, 53.6266448 ], [ 14.5550897, 53.6267611 ], [ 14.5549606, 53.6268292 ], [ 14.5548602, 53.627005 ], [ 14.5547406, 53.627246 ], [ 14.5544776, 53.6273737 ], [ 14.5543103, 53.6273465 ], [ 14.5546744, 53.6271405 ], [ 14.5547858, 53.6269146 ], [ 14.5549201, 53.6267618 ], [ 14.5549747, 53.6266266 ], [ 14.5552043, 53.6262237 ], [ 14.5553979, 53.6260255 ], [ 14.555629, 53.6258627 ], [ 14.5558012, 53.6256224 ], [ 14.5559761, 53.6251857 ], [ 14.5560695, 53.6249564 ], [ 14.556121, 53.6247896 ], [ 14.556293, 53.6246171 ], [ 14.5562568, 53.6244597 ], [ 14.5563268, 53.6242817 ], [ 14.556406, 53.6240387 ], [ 14.5565205, 53.6238754 ], [ 14.5565876, 53.6236811 ], [ 14.5568283, 53.6234198 ], [ 14.5570162, 53.6232732 ], [ 14.5571732, 53.6230719 ], [ 14.5572205, 53.6229255 ] ], [ [ 14.6112023, 53.6317121 ], [ 14.6112866, 53.6316206 ], [ 14.6121874, 53.6311714 ], [ 14.612577, 53.630968 ], [ 14.6135977, 53.6307822 ], [ 14.614588, 53.6304358 ], [ 14.6147843, 53.6303257 ], [ 14.6147036, 53.6304964 ], [ 14.6145059, 53.6305889 ], [ 14.6141002, 53.6307431 ], [ 14.6136736, 53.6308665 ], [ 14.6131951, 53.6309529 ], [ 14.6126853, 53.6310208 ], [ 14.612446, 53.6311627 ], [ 14.6120819, 53.6313169 ], [ 14.6114889, 53.631687 ], [ 14.6112023, 53.6317121 ] ], [ [ 14.6175176, 53.6314875 ], [ 14.617626, 53.6318032 ], [ 14.6177626, 53.631957 ], [ 14.6179036, 53.6321158 ], [ 14.618399, 53.6326737 ], [ 14.6187643, 53.63358 ], [ 14.6188426, 53.634029 ], [ 14.6186722, 53.6338938 ], [ 14.6185474, 53.6334619 ], [ 14.6183081, 53.6327834 ], [ 14.6178399, 53.6321665 ], [ 14.617403, 53.6315928 ], [ 14.6172365, 53.6314324 ], [ 14.6171533, 53.6312658 ], [ 14.6173198, 53.6310869 ], [ 14.6177463, 53.6307723 ], [ 14.6177775, 53.6306489 ], [ 14.6178087, 53.6304515 ], [ 14.6176527, 53.6302726 ], [ 14.6173614, 53.6301307 ], [ 14.6170413, 53.6299675 ], [ 14.6166643, 53.6298407 ], [ 14.6166542, 53.6297984 ], [ 14.6167312, 53.6297626 ], [ 14.6170958, 53.6297891 ], [ 14.6178855, 53.6302554 ], [ 14.6179417, 53.6304374 ], [ 14.6178718, 53.6308089 ], [ 14.6177492, 53.6310068 ], [ 14.6175312, 53.6310513 ], [ 14.6173174, 53.6313513 ], [ 14.6175176, 53.6314875 ] ], [ [ 14.5520984, 53.6311119 ], [ 14.5524158, 53.6307147 ], [ 14.5530236, 53.6293914 ], [ 14.5532122, 53.6290451 ], [ 14.5534681, 53.6287165 ], [ 14.5535713, 53.6285436 ], [ 14.5537286, 53.6285811 ], [ 14.5535877, 53.6288564 ], [ 14.5533639, 53.6292383 ], [ 14.5532688, 53.629333 ], [ 14.5528845, 53.6300497 ], [ 14.5526655, 53.6304637 ], [ 14.5522916, 53.6311206 ], [ 14.5521469, 53.6313603 ], [ 14.5519219, 53.6317401 ], [ 14.5518228, 53.6319463 ], [ 14.5517319, 53.6320554 ], [ 14.5515862, 53.6322478 ], [ 14.5512848, 53.6325267 ], [ 14.5511921, 53.6327545 ], [ 14.5511093, 53.6330825 ], [ 14.5509602, 53.6332946 ], [ 14.5506886, 53.6335126 ], [ 14.55048, 53.6338229 ], [ 14.5503309, 53.6342156 ], [ 14.5502217, 53.6346359 ], [ 14.5499037, 53.6351052 ], [ 14.5495129, 53.6356178 ], [ 14.5492446, 53.6360871 ], [ 14.5487578, 53.6365761 ], [ 14.5486167, 53.6365733 ], [ 14.5498731, 53.634998 ], [ 14.5502242, 53.6341875 ], [ 14.5505571, 53.6335526 ], [ 14.5508161, 53.6333274 ], [ 14.5510624, 53.6329428 ], [ 14.5511241, 53.6326168 ], [ 14.5515817, 53.6319819 ], [ 14.5518399, 53.6314499 ], [ 14.5520984, 53.6311119 ] ], [ [ 14.5990312, 53.634848 ], [ 14.5988269, 53.634949 ], [ 14.598614, 53.6350348 ], [ 14.5988264, 53.6350877 ], [ 14.5990483, 53.635055 ], [ 14.5992697, 53.6350803 ], [ 14.5994059, 53.635156 ], [ 14.5996018, 53.6350803 ], [ 14.5996444, 53.6349995 ], [ 14.5996444, 53.6349137 ], [ 14.599738, 53.6349137 ], [ 14.5998402, 53.6348935 ], [ 14.5998658, 53.6347874 ], [ 14.599932, 53.6347081 ], [ 14.6000996, 53.6346197 ], [ 14.6004278, 53.6345905 ], [ 14.6004534, 53.6346966 ], [ 14.6004023, 53.6347622 ], [ 14.6006067, 53.6347672 ], [ 14.6008025, 53.6347824 ], [ 14.6009077, 53.6347391 ], [ 14.6009643, 53.6347369 ], [ 14.6011698, 53.6348477 ], [ 14.6009764, 53.634926 ], [ 14.600597, 53.635118 ], [ 14.6001078, 53.6354203 ], [ 14.5994347, 53.6354554 ], [ 14.5991564, 53.6352893 ], [ 14.5988679, 53.6352143 ], [ 14.5984558, 53.635252 ], [ 14.5982587, 53.6352209 ], [ 14.5981611, 53.6350816 ], [ 14.5983054, 53.6349274 ], [ 14.5983811, 53.6348159 ], [ 14.5983423, 53.6346883 ], [ 14.5984287, 53.6345129 ], [ 14.5986495, 53.6343162 ], [ 14.5989119, 53.6342973 ], [ 14.5991828, 53.6343121 ], [ 14.5996032, 53.634199 ], [ 14.6000615, 53.633973 ], [ 14.6006151, 53.6339458 ], [ 14.6009607, 53.6338966 ], [ 14.6014966, 53.633752 ], [ 14.6016207, 53.6336375 ], [ 14.6016661, 53.6333559 ], [ 14.6018381, 53.6335122 ], [ 14.6017888, 53.6336771 ], [ 14.6019216, 53.633853 ], [ 14.6005981, 53.6341664 ], [ 14.6001979, 53.634131 ], [ 14.599985, 53.634232 ], [ 14.599704, 53.6344087 ], [ 14.5997125, 53.6344895 ], [ 14.5995337, 53.6345148 ], [ 14.5992527, 53.6345198 ], [ 14.5991164, 53.6345754 ], [ 14.5990398, 53.6346713 ], [ 14.5991164, 53.6347824 ], [ 14.5990312, 53.634848 ] ], [ [ 14.5962192, 53.6361549 ], [ 14.5962708, 53.6367258 ], [ 14.5963077, 53.6368728 ], [ 14.5964238, 53.6369886 ], [ 14.5966666, 53.6369667 ], [ 14.596788, 53.6369636 ], [ 14.5968777, 53.6370168 ], [ 14.5967914, 53.637241 ], [ 14.5964449, 53.6372921 ], [ 14.5962972, 53.6373703 ], [ 14.5962285, 53.6374955 ], [ 14.5961056, 53.6375393 ], [ 14.5958486, 53.637555 ], [ 14.5956111, 53.6376113 ], [ 14.5949, 53.6376648 ], [ 14.5943075, 53.6375706 ], [ 14.5937766, 53.6374284 ], [ 14.5932784, 53.6369636 ], [ 14.5928841, 53.6364854 ], [ 14.5928314, 53.6361197 ], [ 14.592843, 53.6356876 ], [ 14.592814, 53.6351237 ], [ 14.5929565, 53.6349265 ], [ 14.5929939, 53.6346232 ], [ 14.5933073, 53.6344733 ], [ 14.5934156, 53.6343789 ], [ 14.5935528, 53.6343883 ], [ 14.5936414, 53.634452 ], [ 14.5938562, 53.6345094 ], [ 14.5940239, 53.6345549 ], [ 14.5941331, 53.6346098 ], [ 14.5944364, 53.6347694 ], [ 14.5948248, 53.6349822 ], [ 14.5954415, 53.6352098 ], [ 14.5963323, 53.6354131 ], [ 14.5966982, 53.635568 ], [ 14.5967206, 53.635654 ], [ 14.5964238, 53.6357995 ], [ 14.5962602, 53.6359529 ], [ 14.5962192, 53.6361549 ] ], [ [ 14.6129454, 53.6378197 ], [ 14.6132763, 53.6378845 ], [ 14.6134984, 53.6378953 ], [ 14.6136306, 53.6379754 ], [ 14.6137018, 53.6380151 ], [ 14.6142516, 53.6381338 ], [ 14.6146132, 53.6387437 ], [ 14.6144751, 53.6387404 ], [ 14.6143574, 53.6384744 ], [ 14.6142029, 53.6382607 ], [ 14.6140263, 53.6381953 ], [ 14.6138718, 53.6381037 ], [ 14.6136732, 53.6380906 ], [ 14.6134084, 53.6379728 ], [ 14.6131362, 53.6379249 ], [ 14.6130364, 53.637902 ], [ 14.6128372, 53.6378758 ], [ 14.612533, 53.6378245 ], [ 14.6122608, 53.6377624 ], [ 14.6117017, 53.6377548 ], [ 14.6114074, 53.6377068 ], [ 14.6110764, 53.6376762 ], [ 14.6107968, 53.637589 ], [ 14.6105618, 53.6372931 ], [ 14.6106715, 53.637307 ], [ 14.6107821, 53.6373274 ], [ 14.6108272, 53.6373289 ], [ 14.6109513, 53.6373639 ], [ 14.610993, 53.6373701 ], [ 14.6110382, 53.6373954 ], [ 14.6110708, 53.6374127 ], [ 14.6111077, 53.6374078 ], [ 14.6111, 53.6373923 ], [ 14.6110596, 53.6373637 ], [ 14.6110655, 53.6373447 ], [ 14.6111475, 53.637325 ], [ 14.6113133, 53.6373363 ], [ 14.6113818, 53.6373677 ], [ 14.6112954, 53.6372612 ], [ 14.6114256, 53.637258 ], [ 14.6116032, 53.6372683 ], [ 14.6119739, 53.6373273 ], [ 14.6129891, 53.6373011 ], [ 14.613401, 53.6372837 ], [ 14.613938, 53.637227 ], [ 14.6141072, 53.6370787 ], [ 14.6143647, 53.6369173 ], [ 14.6147325, 53.6368039 ], [ 14.6149826, 53.6366818 ], [ 14.6153799, 53.6365335 ], [ 14.6155932, 53.6364463 ], [ 14.6159831, 53.6361933 ], [ 14.6165863, 53.6358967 ], [ 14.6166011, 53.6358269 ], [ 14.6166746, 53.6357091 ], [ 14.6170277, 53.635539 ], [ 14.617162, 53.6354674 ], [ 14.6173294, 53.6354095 ], [ 14.6176623, 53.6351936 ], [ 14.6178618, 53.6352248 ], [ 14.6175446, 53.6353938 ], [ 14.6173069, 53.635572 ], [ 14.6168317, 53.635775 ], [ 14.6167129, 53.6359118 ], [ 14.6156216, 53.6365071 ], [ 14.6146224, 53.636919 ], [ 14.6139731, 53.6373166 ], [ 14.6130705, 53.6373555 ], [ 14.6119452, 53.6373894 ], [ 14.6115331, 53.6373958 ], [ 14.6110697, 53.6374275 ], [ 14.6109873, 53.6374795 ], [ 14.6109425, 53.6375156 ], [ 14.610986, 53.6375634 ], [ 14.6117997, 53.6376946 ], [ 14.6123024, 53.6376606 ], [ 14.6127564, 53.6377936 ], [ 14.6129454, 53.6378197 ] ], [ [ 14.6181469, 53.6426282 ], [ 14.6185054, 53.6426453 ], [ 14.6189285, 53.6425517 ], [ 14.6192081, 53.642607 ], [ 14.6200204, 53.642554 ], [ 14.6204629, 53.6425092 ], [ 14.6208844, 53.642552 ], [ 14.6207601, 53.6426019 ], [ 14.6204217, 53.6426542 ], [ 14.6191711, 53.6427066 ], [ 14.6189651, 53.6426499 ], [ 14.6184575, 53.6427458 ], [ 14.6179867, 53.6427197 ], [ 14.617457, 53.6427851 ], [ 14.6170598, 53.6427589 ], [ 14.6167287, 53.6427851 ], [ 14.6163977, 53.6425757 ], [ 14.6163021, 53.6424624 ], [ 14.6160225, 53.642362 ], [ 14.6158901, 53.6423315 ], [ 14.6156768, 53.6422574 ], [ 14.6153825, 53.642205 ], [ 14.6152869, 53.642192 ], [ 14.6149411, 53.6422181 ], [ 14.6146542, 53.6422617 ], [ 14.6146175, 53.6421222 ], [ 14.614794, 53.6420088 ], [ 14.6149485, 53.64183 ], [ 14.6152501, 53.6416861 ], [ 14.6152207, 53.6415291 ], [ 14.6152575, 53.6413503 ], [ 14.6152722, 53.641093 ], [ 14.6151692, 53.6410886 ], [ 14.6148455, 53.6410624 ], [ 14.6148234, 53.6409665 ], [ 14.6147425, 53.6407441 ], [ 14.6150294, 53.6404082 ], [ 14.6150515, 53.640212 ], [ 14.6149779, 53.6400724 ], [ 14.6148602, 53.6399547 ], [ 14.6146616, 53.6399547 ], [ 14.6144188, 53.6399154 ], [ 14.6143232, 53.6398631 ], [ 14.6142423, 53.6397846 ], [ 14.6142055, 53.639693 ], [ 14.6143085, 53.6396625 ], [ 14.614792, 53.6395917 ], [ 14.6144635, 53.6398445 ], [ 14.6148829, 53.6398072 ], [ 14.6150192, 53.6399535 ], [ 14.615191, 53.640208 ], [ 14.6152262, 53.640421 ], [ 14.6149853, 53.6406727 ], [ 14.6150716, 53.6408389 ], [ 14.6152533, 53.6409632 ], [ 14.615435, 53.6410337 ], [ 14.6153476, 53.6412561 ], [ 14.6154508, 53.64154 ], [ 14.6152631, 53.6417707 ], [ 14.6151497, 53.6418461 ], [ 14.6149561, 53.6420289 ], [ 14.6149574, 53.6421269 ], [ 14.6153504, 53.6421054 ], [ 14.6156086, 53.6421819 ], [ 14.6158805, 53.6421856 ], [ 14.6166249, 53.6425134 ], [ 14.6167845, 53.6426708 ], [ 14.6174872, 53.6426835 ], [ 14.6181469, 53.6426282 ] ], [ [ 14.6228623, 53.6442276 ], [ 14.6229556, 53.6444698 ], [ 14.623142, 53.6446872 ], [ 14.6227032, 53.6450406 ], [ 14.622664, 53.645161 ], [ 14.6229721, 53.6453688 ], [ 14.6230665, 53.6456905 ], [ 14.6228981, 53.6457691 ], [ 14.6227436, 53.6457603 ], [ 14.6227951, 53.645551 ], [ 14.6227804, 53.6454943 ], [ 14.6220374, 53.6452371 ], [ 14.6219638, 53.6450975 ], [ 14.6221698, 53.6450888 ], [ 14.6224714, 53.6451629 ], [ 14.6225082, 53.6450452 ], [ 14.6225155, 53.6449405 ], [ 14.6229128, 53.6447835 ], [ 14.6229643, 53.6446701 ], [ 14.6228392, 53.6444957 ], [ 14.6226774, 53.6442777 ], [ 14.6226038, 53.6440029 ], [ 14.62267, 53.6437195 ], [ 14.6225303, 53.6436541 ], [ 14.6222581, 53.6435886 ], [ 14.6223905, 53.6435538 ], [ 14.6222213, 53.6433706 ], [ 14.6220374, 53.6431526 ], [ 14.6216769, 53.6429738 ], [ 14.6214121, 53.642651 ], [ 14.621344, 53.6425894 ], [ 14.6213677, 53.642518 ], [ 14.6214426, 53.642421 ], [ 14.6216936, 53.6428418 ], [ 14.6222815, 53.6431436 ], [ 14.6224536, 53.6434114 ], [ 14.6228586, 53.6437336 ], [ 14.6228193, 53.6439598 ], [ 14.6228623, 53.6442276 ] ], [ [ 14.622956, 53.6459314 ], [ 14.6228073, 53.6460511 ], [ 14.6224558, 53.6463369 ], [ 14.6221017, 53.6463938 ], [ 14.621913, 53.6463311 ], [ 14.621754, 53.6465696 ], [ 14.6215552, 53.6471232 ], [ 14.6215405, 53.6468549 ], [ 14.6215626, 53.6466805 ], [ 14.6216803, 53.6464058 ], [ 14.6217465, 53.6462008 ], [ 14.6221216, 53.6463316 ], [ 14.6222541, 53.6463098 ], [ 14.6223718, 53.6462924 ], [ 14.622563, 53.6461572 ], [ 14.6226881, 53.6460395 ], [ 14.6229235, 53.6458563 ], [ 14.6231647, 53.6458711 ], [ 14.622956, 53.6459314 ] ], [ [ 14.5380955, 53.6483652 ], [ 14.5384536, 53.6482898 ], [ 14.5390391, 53.6480584 ], [ 14.5397361, 53.6477473 ], [ 14.5400151, 53.6475844 ], [ 14.5401548, 53.6475003 ], [ 14.5405599, 53.6472653 ], [ 14.5406041, 53.6472956 ], [ 14.5401504, 53.6475527 ], [ 14.5400444, 53.647645 ], [ 14.5397, 53.6478315 ], [ 14.5391171, 53.6480847 ], [ 14.5385342, 53.64834 ], [ 14.5383189, 53.6483537 ], [ 14.5379592, 53.6485098 ], [ 14.5378718, 53.6485579 ], [ 14.5377029, 53.6485873 ], [ 14.5374776, 53.6486305 ], [ 14.5369742, 53.6487385 ], [ 14.5362886, 53.6488288 ], [ 14.5361302, 53.6488178 ], [ 14.5359574, 53.6488621 ], [ 14.5356329, 53.6489642 ], [ 14.53556, 53.6490349 ], [ 14.5352255, 53.649453 ], [ 14.5350135, 53.6495453 ], [ 14.5347287, 53.6496219 ], [ 14.5344174, 53.6496945 ], [ 14.5342783, 53.6497024 ], [ 14.5341921, 53.6497809 ], [ 14.5341789, 53.6498496 ], [ 14.5340961, 53.6499576 ], [ 14.5337781, 53.6501813 ], [ 14.5336589, 53.650199 ], [ 14.5330495, 53.6505583 ], [ 14.5327382, 53.6508331 ], [ 14.5324103, 53.651153 ], [ 14.5320327, 53.6513847 ], [ 14.5311683, 53.6518205 ], [ 14.5312014, 53.6519697 ], [ 14.5312047, 53.6521267 ], [ 14.5312047, 53.6522523 ], [ 14.5310719, 53.6523647 ], [ 14.5311073, 53.652074 ], [ 14.5311056, 53.6518024 ], [ 14.5312955, 53.6516908 ], [ 14.5319643, 53.65137 ], [ 14.5322795, 53.6511016 ], [ 14.5326251, 53.6508515 ], [ 14.5329729, 53.6505571 ], [ 14.5333319, 53.6503022 ], [ 14.5337177, 53.650082 ], [ 14.5340185, 53.6498554 ], [ 14.5342465, 53.6496769 ], [ 14.5346897, 53.649549 ], [ 14.5349624, 53.6494869 ], [ 14.5351796, 53.6493668 ], [ 14.5352899, 53.6491127 ], [ 14.5354043, 53.6489678 ], [ 14.5358979, 53.6487594 ], [ 14.5360292, 53.6487048 ], [ 14.5364268, 53.6487357 ], [ 14.5368678, 53.6486812 ], [ 14.5374595, 53.6485472 ], [ 14.5377771, 53.6484655 ], [ 14.5380955, 53.6483652 ] ], [ [ 14.535734, 53.6733167 ], [ 14.5358037, 53.673401 ], [ 14.5358846, 53.6735084 ], [ 14.5359125, 53.6735976 ], [ 14.5359487, 53.6737133 ], [ 14.5359153, 53.6738058 ], [ 14.5357769, 53.6738869 ], [ 14.5357371, 53.6738686 ], [ 14.5357589, 53.6737493 ], [ 14.5356641, 53.6736436 ], [ 14.5355957, 53.6734608 ], [ 14.5355834, 53.6733994 ], [ 14.5354858, 53.6733597 ], [ 14.5354885, 53.673325 ], [ 14.5356196, 53.6732523 ], [ 14.535734, 53.6733167 ] ], [ [ 14.5353413, 53.6759756 ], [ 14.5352911, 53.6760334 ], [ 14.5353218, 53.6761375 ], [ 14.5353162, 53.6762102 ], [ 14.5353051, 53.6762978 ], [ 14.5352688, 53.6763705 ], [ 14.5351669, 53.6764155 ], [ 14.5350372, 53.6763346 ], [ 14.5354593, 53.6755965 ], [ 14.5354277, 53.675383 ], [ 14.5356396, 53.675198 ], [ 14.5356564, 53.6750361 ], [ 14.5355414, 53.6749743 ], [ 14.535701, 53.6748742 ], [ 14.5358672, 53.6746023 ], [ 14.5359424, 53.6743177 ], [ 14.5359547, 53.6742606 ], [ 14.5360654, 53.6742102 ], [ 14.5359773, 53.6741064 ], [ 14.5359618, 53.6740174 ], [ 14.5360972, 53.6738807 ], [ 14.5362004, 53.6738559 ], [ 14.5362924, 53.6739567 ], [ 14.5363119, 53.6740377 ], [ 14.5362617, 53.6740988 ], [ 14.5361446, 53.6741219 ], [ 14.5361167, 53.6741979 ], [ 14.5362059, 53.6742178 ], [ 14.5362868, 53.6742673 ], [ 14.5362255, 53.6743565 ], [ 14.5361557, 53.6744111 ], [ 14.5360442, 53.6744325 ], [ 14.5360302, 53.6745069 ], [ 14.5360777, 53.6745647 ], [ 14.5361697, 53.6746275 ], [ 14.5361669, 53.6747382 ], [ 14.5361055, 53.6748059 ], [ 14.5358573, 53.674953 ], [ 14.5358238, 53.6750868 ], [ 14.5358099, 53.6752157 ], [ 14.5357485, 53.675295 ], [ 14.5356844, 53.6753743 ], [ 14.5356286, 53.6754602 ], [ 14.5355924, 53.6755296 ], [ 14.5356286, 53.6755692 ], [ 14.5355924, 53.6756171 ], [ 14.5355449, 53.6756832 ], [ 14.5354864, 53.6757708 ], [ 14.5353971, 53.6758815 ], [ 14.5353413, 53.6759756 ] ], [ [ 14.5410448, 53.6781144 ], [ 14.5411737, 53.6781049 ], [ 14.5412542, 53.6782337 ], [ 14.5411334, 53.6782957 ], [ 14.5410206, 53.6782242 ], [ 14.5410448, 53.6781144 ] ], [ [ 14.5403683, 53.6787728 ], [ 14.5406018, 53.6787442 ], [ 14.5407146, 53.6787728 ], [ 14.5408998, 53.6788396 ], [ 14.5409482, 53.6787537 ], [ 14.5409401, 53.6786964 ], [ 14.5409159, 53.6785772 ], [ 14.5411012, 53.6786297 ], [ 14.5411092, 53.6788109 ], [ 14.5410931, 53.6789302 ], [ 14.5409643, 53.6789731 ], [ 14.5409643, 53.6790972 ], [ 14.5408676, 53.6791926 ], [ 14.5406904, 53.6791496 ], [ 14.5405132, 53.6791449 ], [ 14.5403522, 53.6791115 ], [ 14.5402475, 53.6791258 ], [ 14.5400864, 53.6792069 ], [ 14.5400058, 53.6792737 ], [ 14.539885, 53.6794025 ], [ 14.5397562, 53.6794931 ], [ 14.53974, 53.6796171 ], [ 14.5397239, 53.6797125 ], [ 14.539587, 53.6797412 ], [ 14.5395709, 53.6796601 ], [ 14.5395306, 53.6795408 ], [ 14.5394098, 53.6795837 ], [ 14.5392488, 53.6795694 ], [ 14.5392407, 53.6794931 ], [ 14.5392971, 53.6793691 ], [ 14.5393937, 53.6792594 ], [ 14.5395306, 53.6791067 ], [ 14.5396353, 53.6789541 ], [ 14.5397803, 53.678935 ], [ 14.5397803, 53.6790638 ], [ 14.5396676, 53.6791926 ], [ 14.5397239, 53.6792737 ], [ 14.5398931, 53.6791926 ], [ 14.5399897, 53.6790733 ], [ 14.5399414, 53.6789779 ], [ 14.5401347, 53.6788014 ], [ 14.5403683, 53.6787728 ] ], [ [ 14.5428392, 53.696921 ], [ 14.5432668, 53.6968711 ], [ 14.543705, 53.69677 ], [ 14.5439817, 53.6967255 ], [ 14.5433114, 53.6969668 ], [ 14.5431615, 53.6970927 ], [ 14.5428588, 53.6971433 ], [ 14.5427277, 53.6971267 ], [ 14.5426882, 53.6970265 ], [ 14.5428392, 53.696921 ] ], [ [ 14.5419802, 53.6984601 ], [ 14.5419388, 53.6981901 ], [ 14.5418383, 53.6980404 ], [ 14.5420593, 53.697869 ], [ 14.5423551, 53.697807 ], [ 14.5425421, 53.6977194 ], [ 14.5427287, 53.6977295 ], [ 14.5427878, 53.6978729 ], [ 14.5424994, 53.6983741 ], [ 14.5420202, 53.6989692 ], [ 14.54171, 53.6990795 ], [ 14.540758, 53.6999341 ], [ 14.5403562, 53.7004601 ], [ 14.5395652, 53.700987 ], [ 14.539268, 53.7016161 ], [ 14.53906, 53.7017084 ], [ 14.5389327, 53.7016875 ], [ 14.5388193, 53.7016514 ], [ 14.5387792, 53.7016174 ], [ 14.5391024, 53.7014572 ], [ 14.5392943, 53.7009913 ], [ 14.539613, 53.700574 ], [ 14.5399014, 53.7003937 ], [ 14.5399761, 53.700273 ], [ 14.5399745, 53.7002022 ], [ 14.5400834, 53.7000761 ], [ 14.54018, 53.7000126 ], [ 14.540397, 53.6998514 ], [ 14.5408655, 53.6994147 ], [ 14.5411598, 53.6992283 ], [ 14.5414088, 53.6988209 ], [ 14.5416133, 53.6985842 ], [ 14.5419802, 53.6984601 ] ], [ [ 14.5512802, 53.745907 ], [ 14.5514077, 53.745861 ], [ 14.5515563, 53.745815 ], [ 14.5516412, 53.7458024 ], [ 14.5516837, 53.7458736 ], [ 14.5517049, 53.7459656 ], [ 14.5517828, 53.7459866 ], [ 14.5519527, 53.7459991 ], [ 14.5521934, 53.7459782 ], [ 14.5520518, 53.7460829 ], [ 14.5518182, 53.7461415 ], [ 14.5515351, 53.7461122 ], [ 14.5514077, 53.7460494 ], [ 14.5513156, 53.7460159 ], [ 14.5512165, 53.7460368 ], [ 14.5511811, 53.7459866 ], [ 14.5511033, 53.7459782 ], [ 14.5511174, 53.7459322 ], [ 14.5512802, 53.745907 ] ] ] ] } },
{ "type": "Feature", "properties": { "fid": 2, "full_id": "w324514187", "osm_id": "324514187", "osm_type": "way", "name": null, "place": null, "wetland": "reedbed", "landuse": "grass", "wikipedia": null, "wikidata": null, "water": null, "type": null, "source:alt_name:pl": null, "part_of": null, "natural": "wetland", "name:sk": null, "name:pl": null, "name:en": null, "name:de": null, "alt_name:pl": null, "alt_name:de": null, "wojewodztwo": null, "powiat": null, "gmina": null, "obreb": null, "arkusz": null, "nr_dzialki": null, "teryt": null, "pow_m2": null, "layer": "zalew_maska", "path": "C:/RDOS_Monitoring_Lokalny/zalew_maska.gpkg" }, "geometry": { "type": "MultiPolygon", "coordinates": [ [ [ [ 14.319902, 53.7371501 ], [ 14.3199944, 53.7372103 ], [ 14.3200632, 53.7372572 ], [ 14.3201398, 53.7372917 ], [ 14.3202008, 53.7372564 ], [ 14.3202203, 53.7372188 ], [ 14.3202034, 53.7371781 ], [ 14.3201476, 53.7371558 ], [ 14.320098, 53.7371014 ], [ 14.3200195, 53.7371382 ], [ 14.319902, 53.7371501 ] ] ] ] } },
{ "type": "Feature", "properties": { "fid": 3, "full_id": "w324514188", "osm_id": "324514188", "osm_type": "way", "name": null, "place": null, "wetland": "reedbed", "landuse": "grass", "wikipedia": null, "wikidata": null, "water": null, "type": null, "source:alt_name:pl": null, "part_of": null, "natural": "wetland", "name:sk": null, "name:pl": null, "name:en": null, "name:de": null, "alt_name:pl": null, "alt_name:de": null, "wojewodztwo": null, "powiat": null, "gmina": null, "obreb": null, "arkusz": null, "nr_dzialki": null, "teryt": null, "pow_m2": null, "layer": "zalew_maska", "path": "C:/RDOS_Monitoring_Lokalny/zalew_maska.gpkg" }, "geometry": { "type": "MultiPolygon", "coordinates": [ [ [ [ 14.3056587, 53.7413677 ], [ 14.305691, 53.7414092 ], [ 14.3057637, 53.7414921 ], [ 14.3059351, 53.7415286 ], [ 14.3061566, 53.7415112 ], [ 14.3064039, 53.7414119 ], [ 14.3064275, 53.7413028 ], [ 14.3064523, 53.7412257 ], [ 14.3065577, 53.7411727 ], [ 14.3066932, 53.7411174 ], [ 14.3068152, 53.7410698 ], [ 14.3069035, 53.7409807 ], [ 14.3070567, 53.7409347 ], [ 14.3071917, 53.7409347 ], [ 14.30728, 53.7408978 ], [ 14.3074981, 53.7408256 ], [ 14.3076123, 53.7407535 ], [ 14.3077863, 53.7407227 ], [ 14.3079083, 53.7407166 ], [ 14.3081706, 53.7407012 ], [ 14.308264, 53.7405953 ], [ 14.3083367, 53.7405369 ], [ 14.3084328, 53.740497 ], [ 14.3085444, 53.7404264 ], [ 14.3086639, 53.7403788 ], [ 14.3087314, 53.7403772 ], [ 14.3088534, 53.7403941 ], [ 14.3089676, 53.7404402 ], [ 14.309139, 53.7404632 ], [ 14.3092558, 53.7404632 ], [ 14.3093675, 53.7404402 ], [ 14.3094687, 53.7404156 ], [ 14.3097959, 53.7403895 ], [ 14.3100763, 53.7403772 ], [ 14.3102373, 53.7403404 ], [ 14.3104736, 53.7403051 ], [ 14.3105826, 53.7402544 ], [ 14.3106917, 53.7401868 ], [ 14.3107799, 53.7401177 ], [ 14.3108994, 53.7400594 ], [ 14.3109565, 53.740024 ], [ 14.311024, 53.7399734 ], [ 14.3110603, 53.7399196 ], [ 14.3110525, 53.739895 ], [ 14.3110603, 53.7398428 ], [ 14.3111512, 53.739806 ], [ 14.3112577, 53.7398244 ], [ 14.3114498, 53.7398428 ], [ 14.3115666, 53.7398812 ], [ 14.3116965, 53.7399089 ], [ 14.3118834, 53.7399227 ], [ 14.3119301, 53.7399227 ], [ 14.3121041, 53.7398812 ], [ 14.3121742, 53.7398275 ], [ 14.3121794, 53.7397983 ], [ 14.3120574, 53.7398382 ], [ 14.3120522, 53.7397584 ], [ 14.3119381, 53.7397038 ], [ 14.3118642, 53.7396642 ], [ 14.3117484, 53.7395941 ], [ 14.3116965, 53.7395925 ], [ 14.3114238, 53.7396002 ], [ 14.3112083, 53.7395894 ], [ 14.3110681, 53.7396002 ], [ 14.310837, 53.7396048 ], [ 14.3106905, 53.739694 ], [ 14.3105716, 53.7397807 ], [ 14.3103955, 53.7398417 ], [ 14.3102555, 53.7399043 ], [ 14.3102217, 53.7400747 ], [ 14.310162, 53.74015 ], [ 14.3100737, 53.7402114 ], [ 14.3099439, 53.740239 ], [ 14.3098478, 53.7402191 ], [ 14.309744, 53.7401745 ], [ 14.3095155, 53.7401192 ], [ 14.309396, 53.7401039 ], [ 14.3093182, 53.7400931 ], [ 14.3092091, 53.7400762 ], [ 14.3090118, 53.7400839 ], [ 14.3088451, 53.7401043 ], [ 14.3086846, 53.7401331 ], [ 14.3086041, 53.7401331 ], [ 14.3085548, 53.7401377 ], [ 14.3083601, 53.7401745 ], [ 14.30821, 53.7402005 ], [ 14.3080678, 53.7402211 ], [ 14.3079668, 53.7402668 ], [ 14.3078313, 53.7403169 ], [ 14.3076967, 53.7403713 ], [ 14.3074276, 53.7404301 ], [ 14.307306, 53.7404702 ], [ 14.3072007, 53.740502 ], [ 14.3070847, 53.740525 ], [ 14.3070138, 53.7405716 ], [ 14.3069176, 53.7406387 ], [ 14.3068235, 53.7406762 ], [ 14.3066512, 53.7407117 ], [ 14.3064649, 53.7408209 ], [ 14.3062901, 53.7408994 ], [ 14.3061478, 53.7409852 ], [ 14.3059817, 53.741015 ], [ 14.305808, 53.7411006 ], [ 14.3057125, 53.7412381 ], [ 14.3056602, 53.7413164 ], [ 14.3056587, 53.7413677 ] ] ] ] } },
{ "type": "Feature", "properties": { "fid": 4, "full_id": "w324514189", "osm_id": "324514189", "osm_type": "way", "name": null, "place": null, "wetland": "reedbed", "landuse": "grass", "wikipedia": null, "wikidata": null, "water": null, "type": null, "source:alt_name:pl": null, "part_of": null, "natural": "wetland", "name:sk": null, "name:pl": null, "name:en": null, "name:de": null, "alt_name:pl": null, "alt_name:de": null, "wojewodztwo": null, "powiat": null, "gmina": null, "obreb": null, "arkusz": null, "nr_dzialki": null, "teryt": null, "pow_m2": null, "layer": "zalew_maska", "path": "C:/RDOS_Monitoring_Lokalny/zalew_maska.gpkg" }, "geometry": { "type": "MultiPolygon", "coordinates": [ [ [ [ 14.3181199, 53.7382018 ], [ 14.3180355, 53.7382779 ], [ 14.3180208, 53.7383647 ], [ 14.3180208, 53.7384321 ], [ 14.3181493, 53.7383734 ], [ 14.3182741, 53.7383474 ], [ 14.3184431, 53.7383495 ], [ 14.3185275, 53.7383343 ], [ 14.3186266, 53.7382713 ], [ 14.3185899, 53.7382388 ], [ 14.318432, 53.7382279 ], [ 14.3182778, 53.7382018 ], [ 14.318197, 53.7381801 ], [ 14.3181199, 53.7382018 ] ] ] ] } },
{ "type": "Feature", "properties": { "fid": 5, "full_id": "w324514190", "osm_id": "324514190", "osm_type": "way", "name": null, "place": null, "wetland": "reedbed", "landuse": "grass", "wikipedia": null, "wikidata": null, "water": null, "type": null, "source:alt_name:pl": null, "part_of": null, "natural": "wetland", "name:sk": null, "name:pl": null, "name:en": null, "name:de": null, "alt_name:pl": null, "alt_name:de": null, "wojewodztwo": null, "powiat": null, "gmina": null, "obreb": null, "arkusz": null, "nr_dzialki": null, "teryt": null, "pow_m2": null, "layer": "zalew_maska", "path": "C:/RDOS_Monitoring_Lokalny/zalew_maska.gpkg" }, "geometry": { "type": "MultiPolygon", "coordinates": [ [ [ [ 14.3172277, 53.7385949 ], [ 14.3171946, 53.7386948 ], [ 14.3172938, 53.7387861 ], [ 14.3172974, 53.7388686 ], [ 14.3174002, 53.7388881 ], [ 14.3175104, 53.738836 ], [ 14.3176683, 53.7388034 ], [ 14.3177381, 53.7387665 ], [ 14.3177638, 53.7387405 ], [ 14.3177564, 53.7386644 ], [ 14.3177087, 53.7386036 ], [ 14.3176095, 53.7386232 ], [ 14.3174296, 53.7386536 ], [ 14.3173268, 53.738621 ], [ 14.3172277, 53.7385949 ] ] ] ] } },
{ "type": "Feature", "properties": { "fid": 6, "full_id": "w324514191", "osm_id": "324514191", "osm_type": "way", "name": null, "place": null, "wetland": null, "landuse": "grass", "wikipedia": null, "wikidata": null, "water": null, "type": null, "source:alt_name:pl": null, "part_of": null, "natural": "wetland", "name:sk": null, "name:pl": null, "name:en": null, "name:de": null, "alt_name:pl": null, "alt_name:de": null, "wojewodztwo": null, "powiat": null, "gmina": null, "obreb": null, "arkusz": null, "nr_dzialki": null, "teryt": null, "pow_m2": null, "layer": "zalew_maska", "path": "C:/RDOS_Monitoring_Lokalny/zalew_maska.gpkg" }, "geometry": { "type": "MultiPolygon", "coordinates": [ [ [ [ 14.3181152, 53.7376307 ], [ 14.3182066, 53.7376257 ], [ 14.3183468, 53.7375842 ], [ 14.3184455, 53.7375658 ], [ 14.3184831, 53.7376042 ], [ 14.3185896, 53.7375842 ], [ 14.3186493, 53.7375719 ], [ 14.3187324, 53.7375028 ], [ 14.3187713, 53.7374522 ], [ 14.3187402, 53.7374168 ], [ 14.318709, 53.7373854 ], [ 14.3188414, 53.7373592 ], [ 14.3189284, 53.7373447 ], [ 14.3188188, 53.7373212 ], [ 14.3186644, 53.7373627 ], [ 14.3183294, 53.7375002 ], [ 14.3182269, 53.7375723 ], [ 14.3181152, 53.7376307 ] ] ] ] } },
{ "type": "Feature", "properties": { "fid": 7, "full_id": "w324514192", "osm_id": "324514192", "osm_type": "way", "name": null, "place": null, "wetland": "reedbed", "landuse": "grass", "wikipedia": null, "wikidata": null, "water": null, "type": null, "source:alt_name:pl": null, "part_of": null, "natural": "wetland", "name:sk": null, "name:pl": null, "name:en": null, "name:de": null, "alt_name:pl": null, "alt_name:de": null, "wojewodztwo": null, "powiat": null, "gmina": null, "obreb": null, "arkusz": null, "nr_dzialki": null, "teryt": null, "pow_m2": null, "layer": "zalew_maska", "path": "C:/RDOS_Monitoring_Lokalny/zalew_maska.gpkg" }, "geometry": { "type": "MultiPolygon", "coordinates": [ [ [ [ 14.3122389, 53.7397566 ], [ 14.3123582, 53.7397556 ], [ 14.3124463, 53.7397675 ], [ 14.3125087, 53.7397762 ], [ 14.3125822, 53.7397588 ], [ 14.312674, 53.7397262 ], [ 14.3127731, 53.7397371 ], [ 14.3128686, 53.7397621 ], [ 14.3134859, 53.7396676 ], [ 14.3137948, 53.7395985 ], [ 14.3138597, 53.739491 ], [ 14.3139039, 53.7394265 ], [ 14.3139688, 53.7393267 ], [ 14.3139714, 53.7392744 ], [ 14.3139714, 53.7392069 ], [ 14.3139454, 53.7391071 ], [ 14.3138961, 53.7390564 ], [ 14.3138963, 53.7390298 ], [ 14.3138948, 53.7389941 ], [ 14.3139046, 53.738961 ], [ 14.3139489, 53.7389256 ], [ 14.314007, 53.7389102 ], [ 14.3140767, 53.7388942 ], [ 14.3141542, 53.7388713 ], [ 14.3142058, 53.7388645 ], [ 14.3143297, 53.7388567 ], [ 14.314405, 53.7388921 ], [ 14.3145166, 53.7389596 ], [ 14.3145686, 53.7389888 ], [ 14.3148048, 53.7390625 ], [ 14.3149009, 53.7390579 ], [ 14.3149736, 53.7390272 ], [ 14.3151034, 53.7389581 ], [ 14.3151372, 53.738909 ], [ 14.3151553, 53.7388337 ], [ 14.3152791, 53.7388718 ], [ 14.3154113, 53.7389109 ], [ 14.3155875, 53.7389771 ], [ 14.3156463, 53.7390455 ], [ 14.3157014, 53.7391129 ], [ 14.3157528, 53.7391585 ], [ 14.3158152, 53.739165 ], [ 14.3158923, 53.7391487 ], [ 14.3160116, 53.7391172 ], [ 14.3161659, 53.7390836 ], [ 14.3162448, 53.7390542 ], [ 14.3164633, 53.7389359 ], [ 14.3164431, 53.7388892 ], [ 14.3164633, 53.738849 ], [ 14.3165312, 53.7388175 ], [ 14.3165918, 53.7388381 ], [ 14.3166359, 53.7388555 ], [ 14.3167093, 53.7388653 ], [ 14.3168048, 53.7388099 ], [ 14.3168855, 53.7387936 ], [ 14.31697, 53.7387274 ], [ 14.3170416, 53.7386926 ], [ 14.3170838, 53.7386611 ], [ 14.317104, 53.7385862 ], [ 14.317104, 53.7385374 ], [ 14.3171242, 53.7385004 ], [ 14.3170251, 53.7384418 ], [ 14.3171995, 53.7382756 ], [ 14.3172986, 53.7382702 ], [ 14.3173721, 53.7382485 ], [ 14.3173959, 53.7383191 ], [ 14.3174602, 53.738356 ], [ 14.3175134, 53.7383419 ], [ 14.3175391, 53.7383093 ], [ 14.3175593, 53.7382583 ], [ 14.3176676, 53.7382963 ], [ 14.3177503, 53.7382898 ], [ 14.3178843, 53.7382072 ], [ 14.3178935, 53.7381562 ], [ 14.3179247, 53.7381497 ], [ 14.3180091, 53.738179 ], [ 14.3180771, 53.7381985 ], [ 14.3181083, 53.7381942 ], [ 14.3181756, 53.7381679 ], [ 14.3181107, 53.7380872 ], [ 14.3180847, 53.7380542 ], [ 14.3180771, 53.7380057 ], [ 14.318134, 53.7380068 ], [ 14.318235, 53.7379731 ], [ 14.3182478, 53.7379416 ], [ 14.3182643, 53.7379275 ], [ 14.3182386, 53.7378656 ], [ 14.3181872, 53.73782 ], [ 14.318134, 53.737795 ], [ 14.3180881, 53.7377777 ], [ 14.3179945, 53.7378396 ], [ 14.31791, 53.7378939 ], [ 14.3178292, 53.7379525 ], [ 14.3177631, 53.7379872 ], [ 14.3176934, 53.7380144 ], [ 14.3176126, 53.7380481 ], [ 14.3175208, 53.7380567 ], [ 14.3173904, 53.738072 ], [ 14.3173097, 53.7381002 ], [ 14.3172197, 53.7381121 ], [ 14.3171261, 53.7381621 ], [ 14.3170434, 53.7382066 ], [ 14.3169461, 53.7382533 ], [ 14.316836, 53.7383326 ], [ 14.3168498, 53.7383867 ], [ 14.3168442, 53.7384711 ], [ 14.3168286, 53.7385269 ], [ 14.3169021, 53.7385563 ], [ 14.3169039, 53.7385867 ], [ 14.3168268, 53.7386019 ], [ 14.3167827, 53.7386345 ], [ 14.3167515, 53.7386616 ], [ 14.3166818, 53.7387072 ], [ 14.3165863, 53.7387365 ], [ 14.3165184, 53.7387441 ], [ 14.3164468, 53.7387452 ], [ 14.3164064, 53.7387984 ], [ 14.3163421, 53.7388571 ], [ 14.3162595, 53.738907 ], [ 14.3161934, 53.7389352 ], [ 14.3161108, 53.738957 ], [ 14.3160539, 53.7389526 ], [ 14.315997, 53.7389287 ], [ 14.3159364, 53.7389103 ], [ 14.3158372, 53.7388755 ], [ 14.3157913, 53.7388668 ], [ 14.3157087, 53.7388212 ], [ 14.3156573, 53.7388245 ], [ 14.3156151, 53.7387908 ], [ 14.3155508, 53.7387582 ], [ 14.3155343, 53.7387528 ], [ 14.3154902, 53.7387398 ], [ 14.3153911, 53.7387192 ], [ 14.3152773, 53.7387192 ], [ 14.3151671, 53.7387235 ], [ 14.3150662, 53.7387224 ], [ 14.3149615, 53.7387087 ], [ 14.3148564, 53.7387038 ], [ 14.3147444, 53.7387084 ], [ 14.3146039, 53.7387371 ], [ 14.3145375, 53.7387386 ], [ 14.314475, 53.7387361 ], [ 14.3144298, 53.7387368 ], [ 14.3143351, 53.7387371 ], [ 14.3142425, 53.7387412 ], [ 14.3141436, 53.7387557 ], [ 14.3140089, 53.73879 ], [ 14.3139101, 53.7388145 ], [ 14.313797, 53.7388575 ], [ 14.3137292, 53.7389194 ], [ 14.3137073, 53.7389714 ], [ 14.3137039, 53.7390406 ], [ 14.3136929, 53.7391057 ], [ 14.3136874, 53.7391568 ], [ 14.3136249, 53.7392599 ], [ 14.3135901, 53.7392751 ], [ 14.313434, 53.7393023 ], [ 14.3130668, 53.7393435 ], [ 14.3130375, 53.739387 ], [ 14.3129493, 53.7393902 ], [ 14.3128649, 53.7394217 ], [ 14.3127492, 53.7394228 ], [ 14.312595, 53.7394413 ], [ 14.3124481, 53.7394662 ], [ 14.3123985, 53.7394901 ], [ 14.3123068, 53.7395205 ], [ 14.3123251, 53.7395879 ], [ 14.3123031, 53.7396443 ], [ 14.3122921, 53.7396693 ], [ 14.3122168, 53.7397149 ], [ 14.3122205, 53.739736 ], [ 14.3122389, 53.7397566 ] ] ] ] } },
{ "type": "Feature", "properties": { "fid": 8, "full_id": "w324514193", "osm_id": "324514193", "osm_type": "way", "name": null, "place": null, "wetland": "reedbed", "landuse": "grass", "wikipedia": null, "wikidata": null, "water": null, "type": null, "source:alt_name:pl": null, "part_of": null, "natural": "wetland", "name:sk": null, "name:pl": null, "name:en": null, "name:de": null, "alt_name:pl": null, "alt_name:de": null, "wojewodztwo": null, "powiat": null, "gmina": null, "obreb": null, "arkusz": null, "nr_dzialki": null, "teryt": null, "pow_m2": null, "layer": "zalew_maska", "path": "C:/RDOS_Monitoring_Lokalny/zalew_maska.gpkg" }, "geometry": { "type": "MultiPolygon", "coordinates": [ [ [ [ 14.3031912, 53.7416773 ], [ 14.3032243, 53.7418511 ], [ 14.3033241, 53.7419776 ], [ 14.3034906, 53.7421364 ], [ 14.3039203, 53.7422484 ], [ 14.304541, 53.7421866 ], [ 14.3048319, 53.7420266 ], [ 14.304998, 53.7419278 ], [ 14.3051701, 53.7418272 ], [ 14.3053678, 53.7417956 ], [ 14.305607, 53.7417066 ], [ 14.3056923, 53.7415826 ], [ 14.3056302, 53.7414836 ], [ 14.3055832, 53.741381 ], [ 14.3055401, 53.7413078 ], [ 14.3054464, 53.7413159 ], [ 14.3053858, 53.7414337 ], [ 14.3053255, 53.7414926 ], [ 14.305192, 53.7415253 ], [ 14.3050892, 53.7415483 ], [ 14.3049868, 53.7415638 ], [ 14.3047554, 53.7416377 ], [ 14.3045764, 53.741675 ], [ 14.3043799, 53.7417166 ], [ 14.3042518, 53.7417439 ], [ 14.3040831, 53.741737 ], [ 14.303943, 53.7417405 ], [ 14.3037597, 53.7417321 ], [ 14.3035719, 53.7417311 ], [ 14.3033948, 53.7417029 ], [ 14.3031912, 53.7416773 ] ] ] ] } },
{ "type": "Feature", "properties": { "fid": 9, "full_id": "w324514194", "osm_id": "324514194", "osm_type": "way", "name": null, "place": null, "wetland": "reedbed", "landuse": "grass", "wikipedia": null, "wikidata": null, "water": null, "type": null, "source:alt_name:pl": null, "part_of": null, "natural": "wetland", "name:sk": null, "name:pl": null, "name:en": null, "name:de": null, "alt_name:pl": null, "alt_name:de": null, "wojewodztwo": null, "powiat": null, "gmina": null, "obreb": null, "arkusz": null, "nr_dzialki": null, "teryt": null, "pow_m2": null, "layer": "zalew_maska", "path": "C:/RDOS_Monitoring_Lokalny/zalew_maska.gpkg" }, "geometry": { "type": "MultiPolygon", "coordinates": [ [ [ [ 14.3194625, 53.7372471 ], [ 14.3195464, 53.7373293 ], [ 14.3196768, 53.7373466 ], [ 14.3197613, 53.7373759 ], [ 14.319809, 53.7374031 ], [ 14.3198512, 53.7374748 ], [ 14.3199981, 53.7375149 ], [ 14.3199724, 53.7375953 ], [ 14.3198475, 53.7376724 ], [ 14.3197686, 53.7377734 ], [ 14.3196695, 53.7378255 ], [ 14.3195868, 53.7378798 ], [ 14.3196603, 53.7379471 ], [ 14.3197576, 53.7380156 ], [ 14.3198384, 53.738046 ], [ 14.3199779, 53.7380742 ], [ 14.3202294, 53.7380481 ], [ 14.3203763, 53.738008 ], [ 14.3205268, 53.7379656 ], [ 14.3206076, 53.7379352 ], [ 14.320648, 53.7378711 ], [ 14.320648, 53.7377376 ], [ 14.3206296, 53.7376909 ], [ 14.3205066, 53.7376865 ], [ 14.3204479, 53.7376453 ], [ 14.3204075, 53.7375975 ], [ 14.3203524, 53.7375225 ], [ 14.3202918, 53.7374802 ], [ 14.3201395, 53.7374813 ], [ 14.3200954, 53.7374693 ], [ 14.3200807, 53.7374107 ], [ 14.3199962, 53.7373586 ], [ 14.3198989, 53.7373553 ], [ 14.3198273, 53.7373412 ], [ 14.3197594, 53.7372999 ], [ 14.3196952, 53.7372728 ], [ 14.3196521, 53.7372386 ], [ 14.3195638, 53.7372486 ], [ 14.3194625, 53.7372471 ] ] ] ] } },
{ "type": "Feature", "properties": { "fid": 10, "full_id": "w324514195", "osm_id": "324514195", "osm_type": "way", "name": null, "place": null, "wetland": "reedbed", "landuse": "grass", "wikipedia": null, "wikidata": null, "water": null, "type": null, "source:alt_name:pl": null, "part_of": null, "natural": "wetland", "name:sk": null, "name:pl": null, "name:en": null, "name:de": null, "alt_name:pl": null, "alt_name:de": null, "wojewodztwo": null, "powiat": null, "gmina": null, "obreb": null, "arkusz": null, "nr_dzialki": null, "teryt": null, "pow_m2": null, "layer": "zalew_maska", "path": "C:/RDOS_Monitoring_Lokalny/zalew_maska.gpkg" }, "geometry": { "type": "MultiPolygon", "coordinates": [ [ [ [ 14.2880374, 53.7437406 ], [ 14.2882797, 53.743797 ], [ 14.2884192, 53.74381 ], [ 14.2883468, 53.7437355 ], [ 14.2882533, 53.7437171 ], [ 14.2880742, 53.7437247 ], [ 14.2880374, 53.7437406 ] ] ] ] } },
{ "type": "Feature", "properties": { "fid": 11, "full_id": "w324514196", "osm_id": "324514196", "osm_type": "way", "name": null, "place": null, "wetland": "reedbed", "landuse": "grass", "wikipedia": null, "wikidata": null, "water": null, "type": null, "source:alt_name:pl": null, "part_of": null, "natural": "wetland", "name:sk": null, "name:pl": null, "name:en": null, "name:de": null, "alt_name:pl": null, "alt_name:de": null, "wojewodztwo": null, "powiat": null, "gmina": null, "obreb": null, "arkusz": null, "nr_dzialki": null, "teryt": null, "pow_m2": null, "layer": "zalew_maska", "path": "C:/RDOS_Monitoring_Lokalny/zalew_maska.gpkg" }, "geometry": { "type": "MultiPolygon", "coordinates": [ [ [ [ 14.2988888, 53.7432442 ], [ 14.2987988, 53.7432569 ], [ 14.2987724, 53.7432732 ], [ 14.2987345, 53.7433253 ], [ 14.298707, 53.7433883 ], [ 14.2987327, 53.743473 ], [ 14.2987878, 53.7435435 ], [ 14.2989126, 53.7436033 ], [ 14.2990925, 53.7435848 ], [ 14.299232, 53.7435685 ], [ 14.2993991, 53.7436011 ], [ 14.2994891, 53.7435283 ], [ 14.2997131, 53.7434371 ], [ 14.2998599, 53.74341 ], [ 14.2999848, 53.7434361 ], [ 14.300038, 53.7434306 ], [ 14.3001261, 53.7433818 ], [ 14.3002418, 53.7433003 ], [ 14.3002547, 53.7432232 ], [ 14.3002675, 53.7431472 ], [ 14.3003171, 53.7431635 ], [ 14.3004162, 53.74322 ], [ 14.3004842, 53.7432428 ], [ 14.3006475, 53.743245 ], [ 14.3007999, 53.7433145 ], [ 14.3008458, 53.7432547 ], [ 14.3009468, 53.7432146 ], [ 14.301112, 53.743169 ], [ 14.3012589, 53.7431386 ], [ 14.3013691, 53.7431136 ], [ 14.3015343, 53.7430995 ], [ 14.3016059, 53.7430289 ], [ 14.3016738, 53.743005 ], [ 14.3018079, 53.7429941 ], [ 14.3020468, 53.742876 ], [ 14.3019897, 53.7428115 ], [ 14.3019637, 53.7426948 ], [ 14.3020079, 53.742595 ], [ 14.301878, 53.7425719 ], [ 14.3019092, 53.7424952 ], [ 14.3019066, 53.742423 ], [ 14.3018183, 53.7423431 ], [ 14.3017197, 53.7422955 ], [ 14.3016158, 53.7422541 ], [ 14.3015379, 53.7423355 ], [ 14.3014704, 53.7424046 ], [ 14.3013977, 53.7425289 ], [ 14.3014574, 53.7426902 ], [ 14.3014938, 53.7428007 ], [ 14.3015924, 53.742899 ], [ 14.3016703, 53.7429742 ], [ 14.3015561, 53.7430188 ], [ 14.3014938, 53.7430433 ], [ 14.3013743, 53.743051 ], [ 14.3012601, 53.7430756 ], [ 14.3011259, 53.7431229 ], [ 14.3009273, 53.7430776 ], [ 14.3008302, 53.743047 ], [ 14.3007038, 53.7430077 ], [ 14.3005568, 53.7429615 ], [ 14.3005003, 53.7429236 ], [ 14.2993725, 53.7433491 ], [ 14.2988888, 53.7432442 ] ] ] ] } },
{ "type": "Feature", "properties": { "fid": 12, "full_id": "w324514197", "osm_id": "324514197", "osm_type": "way", "name": null, "place": null, "wetland": "reedbed", "landuse": "grass", "wikipedia": null, "wikidata": null, "water": null, "type": null, "source:alt_name:pl": null, "part_of": null, "natural": "wetland", "name:sk": null, "name:pl": null, "name:en": null, "name:de": null, "alt_name:pl": null, "alt_name:de": null, "wojewodztwo": null, "powiat": null, "gmina": null, "obreb": null, "arkusz": null, "nr_dzialki": null, "teryt": null, "pow_m2": null, "layer": "zalew_maska", "path": "C:/RDOS_Monitoring_Lokalny/zalew_maska.gpkg" }, "geometry": { "type": "MultiPolygon", "coordinates": [ [ [ [ 14.2873241, 53.7435361 ], [ 14.2867702, 53.7434209 ], [ 14.2864269, 53.74321 ], [ 14.2860407, 53.7429705 ], [ 14.2858112, 53.7428504 ], [ 14.2856345, 53.7427358 ], [ 14.2852709, 53.7424406 ], [ 14.2851779, 53.7422425 ], [ 14.2850259, 53.7420997 ], [ 14.2850025, 53.7419539 ], [ 14.2853077, 53.7414382 ], [ 14.2854787, 53.7413543 ], [ 14.2856735, 53.7412948 ], [ 14.2861992, 53.7411533 ], [ 14.2877306, 53.7414523 ], [ 14.2882977, 53.7415328 ], [ 14.2888814, 53.7416582 ], [ 14.2892793, 53.7417603 ], [ 14.2903064, 53.7419112 ], [ 14.2908731, 53.7419321 ], [ 14.2912608, 53.7419227 ], [ 14.291802, 53.7418627 ], [ 14.2926682, 53.7417776 ], [ 14.2929652, 53.741729 ], [ 14.2933063, 53.7416718 ], [ 14.2937504, 53.7416912 ], [ 14.2941446, 53.7417129 ], [ 14.294343, 53.7417534 ], [ 14.2944729, 53.7417181 ], [ 14.2942838, 53.741628 ], [ 14.2940947, 53.7415846 ], [ 14.2936816, 53.7415444 ], [ 14.293252, 53.7415401 ], [ 14.2930262, 53.7415607 ], [ 14.2925966, 53.7416074 ], [ 14.2924148, 53.7416628 ], [ 14.291954, 53.7416921 ], [ 14.2917447, 53.7417062 ], [ 14.2913757, 53.741716 ], [ 14.2910397, 53.741729 ], [ 14.2908726, 53.7417131 ], [ 14.2906571, 53.7416906 ], [ 14.289873, 53.7416522 ], [ 14.2895874, 53.7416 ], [ 14.2892005, 53.7415647 ], [ 14.2888552, 53.7414188 ], [ 14.2886709, 53.7413482 ], [ 14.2884943, 53.7412699 ], [ 14.288123, 53.7412207 ], [ 14.2877881, 53.7412115 ], [ 14.2874661, 53.7411424 ], [ 14.2869131, 53.7409535 ], [ 14.2866431, 53.740866 ], [ 14.2864432, 53.7407892 ], [ 14.2860251, 53.7407923 ], [ 14.28582, 53.7408691 ], [ 14.2854228, 53.7410503 ], [ 14.2850515, 53.7414127 ], [ 14.2846984, 53.7418242 ], [ 14.2846698, 53.742076 ], [ 14.2846958, 53.7422188 ], [ 14.2847996, 53.7423094 ], [ 14.284849, 53.7423494 ], [ 14.284984, 53.7426058 ], [ 14.2855137, 53.7429482 ], [ 14.2856435, 53.7430281 ], [ 14.2857162, 53.7431463 ], [ 14.2857681, 53.7432384 ], [ 14.2866327, 53.743564 ], [ 14.2869235, 53.7436315 ], [ 14.2870222, 53.7436131 ], [ 14.2873052, 53.7437191 ], [ 14.2875207, 53.743653 ], [ 14.2875518, 53.7436054 ], [ 14.2874545, 53.7435725 ], [ 14.2873241, 53.7435361 ] ] ] ] } },
{ "type": "Feature", "properties": { "fid": 13, "full_id": "w324514199", "osm_id": "324514199", "osm_type": "way", "name": null, "place": null, "wetland": "reedbed", "landuse": "grass", "wikipedia": null, "wikidata": null, "water": null, "type": null, "source:alt_name:pl": null, "part_of": null, "natural": "wetland", "name:sk": null, "name:pl": null, "name:en": null, "name:de": null, "alt_name:pl": null, "alt_name:de": null, "wojewodztwo": null, "powiat": null, "gmina": null, "obreb": null, "arkusz": null, "nr_dzialki": null, "teryt": null, "pow_m2": null, "layer": "zalew_maska", "path": "C:/RDOS_Monitoring_Lokalny/zalew_maska.gpkg" }, "geometry": { "type": "MultiPolygon", "coordinates": [ [ [ [ 14.2900595, 53.7437571 ], [ 14.2898512, 53.7438402 ], [ 14.2899643, 53.7438566 ], [ 14.2901032, 53.7438634 ], [ 14.2901931, 53.7438822 ], [ 14.2902323, 53.7438915 ], [ 14.2902878, 53.7439165 ], [ 14.2903267, 53.743949 ], [ 14.2903616, 53.7439779 ], [ 14.2904706, 53.7440378 ], [ 14.2906186, 53.7440532 ], [ 14.2908211, 53.7440209 ], [ 14.2909564, 53.7440239 ], [ 14.2911093, 53.744024 ], [ 14.2913274, 53.7440609 ], [ 14.2914131, 53.7440808 ], [ 14.2915741, 53.7440992 ], [ 14.2918649, 53.7441238 ], [ 14.2919843, 53.7441607 ], [ 14.2921712, 53.7441883 ], [ 14.2924958, 53.7441515 ], [ 14.2928645, 53.7440701 ], [ 14.2931735, 53.7440409 ], [ 14.2932565, 53.7439733 ], [ 14.2936538, 53.743895 ], [ 14.2937473, 53.7439618 ], [ 14.2943327, 53.7439764 ], [ 14.2948274, 53.7439534 ], [ 14.2954778, 53.7438006 ], [ 14.2955128, 53.7437016 ], [ 14.2955401, 53.7436302 ], [ 14.2956128, 53.7435925 ], [ 14.295766, 53.7435933 ], [ 14.2958361, 53.7436163 ], [ 14.2959023, 53.743687 ], [ 14.2959256, 53.7437499 ], [ 14.2960464, 53.7437845 ], [ 14.2962826, 53.7437745 ], [ 14.2963631, 53.7437937 ], [ 14.2966617, 53.7438236 ], [ 14.2968551, 53.7438374 ], [ 14.2969681, 53.7437722 ], [ 14.297046, 53.7436701 ], [ 14.2970992, 53.7436524 ], [ 14.297181, 53.7436893 ], [ 14.2972771, 53.7437507 ], [ 14.2976535, 53.743839 ], [ 14.2977561, 53.7438321 ], [ 14.2979171, 53.7438175 ], [ 14.2983078, 53.743773 ], [ 14.2983961, 53.7437376 ], [ 14.2984545, 53.743654 ], [ 14.2985259, 53.7435787 ], [ 14.2985324, 53.7435035 ], [ 14.2986012, 53.7434152 ], [ 14.2986233, 53.743363 ], [ 14.2986116, 53.7432939 ], [ 14.2985675, 53.7432708 ], [ 14.2985084, 53.7432652 ], [ 14.298478, 53.7432964 ], [ 14.2981225, 53.7434869 ], [ 14.2974757, 53.7435885 ], [ 14.2974416, 53.7434051 ], [ 14.2970885, 53.7434596 ], [ 14.2967198, 53.7435328 ], [ 14.2962676, 53.7433676 ], [ 14.2958154, 53.7434392 ], [ 14.2953296, 53.7433472 ], [ 14.2947802, 53.7435062 ], [ 14.294665, 53.7436474 ], [ 14.293949, 53.7436819 ], [ 14.2934358, 53.7436698 ], [ 14.2933015, 53.7435199 ], [ 14.293189, 53.7434683 ], [ 14.2928438, 53.7436802 ], [ 14.2928511, 53.7438111 ], [ 14.2922254, 53.7438844 ], [ 14.2915318, 53.743605 ], [ 14.2908271, 53.7436597 ], [ 14.2905893, 53.7437141 ], [ 14.2900595, 53.7437571 ] ] ] ] } },
{ "type": "Feature", "properties": { "fid": 14, "full_id": "w324514201", "osm_id": "324514201", "osm_type": "way", "name": null, "place": null, "wetland": "reedbed", "landuse": "grass", "wikipedia": null, "wikidata": null, "water": null, "type": null, "source:alt_name:pl": null, "part_of": null, "natural": "wetland", "name:sk": null, "name:pl": null, "name:en": null, "name:de": null, "alt_name:pl": null, "alt_name:de": null, "wojewodztwo": null, "powiat": null, "gmina": null, "obreb": null, "arkusz": null, "nr_dzialki": null, "teryt": null, "pow_m2": null, "layer": "zalew_maska", "path": "C:/RDOS_Monitoring_Lokalny/zalew_maska.gpkg" }, "geometry": { "type": "MultiPolygon", "coordinates": [ [ [ [ 14.2877044, 53.7437431 ], [ 14.2876603, 53.743783 ], [ 14.2876706, 53.7438337 ], [ 14.287733, 53.7438644 ], [ 14.2878654, 53.7438506 ], [ 14.2879225, 53.7438168 ], [ 14.2879043, 53.743783 ], [ 14.2878706, 53.7437354 ], [ 14.2877797, 53.743737 ], [ 14.2877044, 53.7437431 ] ] ] ] } },
{ "type": "Feature", "properties": { "fid": 15, "full_id": "w324514202", "osm_id": "324514202", "osm_type": "way", "name": null, "place": null, "wetland": "reedbed", "landuse": "grass", "wikipedia": null, "wikidata": null, "water": null, "type": null, "source:alt_name:pl": null, "part_of": null, "natural": "wetland", "name:sk": null, "name:pl": null, "name:en": null, "name:de": null, "alt_name:pl": null, "alt_name:de": null, "wojewodztwo": null, "powiat": null, "gmina": null, "obreb": null, "arkusz": null, "nr_dzialki": null, "teryt": null, "pow_m2": null, "layer": "zalew_maska", "path": "C:/RDOS_Monitoring_Lokalny/zalew_maska.gpkg" }, "geometry": { "type": "MultiPolygon", "coordinates": [ [ [ [ 14.288841, 53.7439374 ], [ 14.2890172, 53.7440004 ], [ 14.2892412, 53.7440004 ], [ 14.2895056, 53.7440156 ], [ 14.2895459, 53.7439744 ], [ 14.2893513, 53.7438853 ], [ 14.2892918, 53.7438591 ], [ 14.2887444, 53.7438165 ], [ 14.2888116, 53.7438962 ], [ 14.288841, 53.7439374 ] ] ] ] } },
{ "type": "Feature", "properties": { "fid": 16, "full_id": "w324565541", "osm_id": "324565541", "osm_type": "way", "name": null, "place": null, "wetland": "reedbed", "landuse": "grass", "wikipedia": null, "wikidata": null, "water": null, "type": null, "source:alt_name:pl": null, "part_of": null, "natural": "wetland", "name:sk": null, "name:pl": null, "name:en": null, "name:de": null, "alt_name:pl": null, "alt_name:de": null, "wojewodztwo": null, "powiat": null, "gmina": null, "obreb": null, "arkusz": null, "nr_dzialki": null, "teryt": null, "pow_m2": null, "layer": "zalew_maska", "path": "C:/RDOS_Monitoring_Lokalny/zalew_maska.gpkg" }, "geometry": { "type": "MultiPolygon", "coordinates": [ [ [ [ 14.321251, 53.7369071 ], [ 14.3212298, 53.7369547 ], [ 14.3212151, 53.7370023 ], [ 14.3212046, 53.7370672 ], [ 14.3211914, 53.7371214 ], [ 14.3211879, 53.7371591 ], [ 14.3212022, 53.7371872 ], [ 14.3212777, 53.7372472 ], [ 14.3212801, 53.7372862 ], [ 14.32124, 53.7373058 ], [ 14.3211881, 53.737296 ], [ 14.3211102, 53.7372918 ], [ 14.3210654, 53.7373476 ], [ 14.32103, 53.7373951 ], [ 14.3210135, 53.7374983 ], [ 14.3210819, 53.7375555 ], [ 14.3212117, 53.7376127 ], [ 14.3213155, 53.7376448 ], [ 14.3214546, 53.7376644 ], [ 14.3216032, 53.7376783 ], [ 14.3216599, 53.7377034 ], [ 14.3216905, 53.737723 ], [ 14.3217849, 53.737723 ], [ 14.321891, 53.7376811 ], [ 14.3219453, 53.7376546 ], [ 14.3219925, 53.7376323 ], [ 14.3220113, 53.7375918 ], [ 14.322009, 53.7375039 ], [ 14.3220019, 53.7374537 ], [ 14.3219877, 53.7374383 ], [ 14.3219476, 53.7374188 ], [ 14.3218651, 53.7373979 ], [ 14.3217802, 53.7373853 ], [ 14.3216976, 53.73737 ], [ 14.321674, 53.7373546 ], [ 14.3216433, 53.7373253 ], [ 14.3216268, 53.7372904 ], [ 14.3216481, 53.7372151 ], [ 14.3216268, 53.7371621 ], [ 14.3216575, 53.7371244 ], [ 14.3217, 53.7370853 ], [ 14.3217424, 53.7370769 ], [ 14.3218674, 53.7370783 ], [ 14.3218745, 53.7371062 ], [ 14.3219524, 53.7371188 ], [ 14.321917, 53.7371411 ], [ 14.3218486, 53.7371523 ], [ 14.3218368, 53.7372081 ], [ 14.3218722, 53.7372304 ], [ 14.321976, 53.7372611 ], [ 14.3220963, 53.7372053 ], [ 14.3221741, 53.7371788 ], [ 14.3222685, 53.7371439 ], [ 14.322318, 53.7370728 ], [ 14.3223817, 53.7370197 ], [ 14.3224784, 53.7369249 ], [ 14.3224619, 53.7368635 ], [ 14.3224892, 53.7368184 ], [ 14.3225303, 53.7367895 ], [ 14.3225114, 53.7367602 ], [ 14.3225445, 53.7367044 ], [ 14.3226011, 53.7366918 ], [ 14.3226364, 53.7366346 ], [ 14.3226789, 53.7365635 ], [ 14.3227001, 53.7364839 ], [ 14.3226907, 53.7364658 ], [ 14.322594, 53.7364351 ], [ 14.3225633, 53.7363905 ], [ 14.3225539, 53.73635 ], [ 14.3226718, 53.7363249 ], [ 14.3226813, 53.7362956 ], [ 14.3226813, 53.7362551 ], [ 14.3227237, 53.7362426 ], [ 14.3227402, 53.7362649 ], [ 14.3228228, 53.7363263 ], [ 14.3228723, 53.7363249 ], [ 14.3229667, 53.7363291 ], [ 14.3230115, 53.7363472 ], [ 14.3231318, 53.7363528 ], [ 14.3232073, 53.7363472 ], [ 14.3232568, 53.7363723 ], [ 14.3233323, 53.7363542 ], [ 14.3233889, 53.7363305 ], [ 14.3234927, 53.7363179 ], [ 14.323606, 53.7363291 ], [ 14.3236201, 53.7363528 ], [ 14.3235729, 53.7363835 ], [ 14.3235588, 53.7364295 ], [ 14.3236555, 53.7364519 ], [ 14.3238159, 53.7364449 ], [ 14.3238914, 53.7364309 ], [ 14.3239622, 53.7364058 ], [ 14.3240565, 53.7363877 ], [ 14.324132, 53.73641 ], [ 14.3241768, 53.7364435 ], [ 14.3243113, 53.7364435 ], [ 14.3243797, 53.7364867 ], [ 14.3244717, 53.7364812 ], [ 14.3245826, 53.7364588 ], [ 14.3247005, 53.7364198 ], [ 14.3247618, 53.7363695 ], [ 14.3247831, 53.736336 ], [ 14.3248302, 53.7362956 ], [ 14.3247996, 53.7362649 ], [ 14.3247618, 53.7361937 ], [ 14.3248255, 53.7361881 ], [ 14.3248869, 53.7362035 ], [ 14.324927, 53.7362077 ], [ 14.3250378, 53.7361951 ], [ 14.3251015, 53.7361686 ], [ 14.3251676, 53.736124 ], [ 14.325243, 53.7360765 ], [ 14.3253893, 53.7359942 ], [ 14.3254931, 53.7359314 ], [ 14.3255969, 53.7358882 ], [ 14.3256228, 53.7358547 ], [ 14.3256275, 53.7358142 ], [ 14.3255727, 53.7358009 ], [ 14.3254719, 53.7357919 ], [ 14.3253492, 53.7358156 ], [ 14.3252053, 53.7358365 ], [ 14.3251062, 53.7358575 ], [ 14.3249954, 53.7358951 ], [ 14.3249081, 53.7359314 ], [ 14.324809, 53.7359649 ], [ 14.3247335, 53.7359914 ], [ 14.3246604, 53.7360123 ], [ 14.3245165, 53.7360542 ], [ 14.3243915, 53.73611 ], [ 14.3242853, 53.7361561 ], [ 14.3240376, 53.7361756 ], [ 14.3238654, 53.7361644 ], [ 14.3237453, 53.7361541 ], [ 14.3236415, 53.7361187 ], [ 14.323514, 53.7360849 ], [ 14.3234102, 53.7360779 ], [ 14.3233287, 53.7360664 ], [ 14.3232492, 53.7360488 ], [ 14.3230917, 53.7360221 ], [ 14.3229691, 53.7360207 ], [ 14.3228322, 53.7360347 ], [ 14.3226883, 53.7360528 ], [ 14.3225751, 53.7360598 ], [ 14.3224831, 53.736064 ], [ 14.3223369, 53.736163 ], [ 14.3222661, 53.7362621 ], [ 14.3222284, 53.7363653 ], [ 14.3222048, 53.7364602 ], [ 14.322193, 53.7365328 ], [ 14.3221717, 53.7366249 ], [ 14.3221316, 53.7366807 ], [ 14.3220703, 53.7367477 ], [ 14.3219642, 53.7368202 ], [ 14.3219005, 53.7368579 ], [ 14.3218297, 53.7369095 ], [ 14.3218085, 53.7369444 ], [ 14.3217637, 53.7369849 ], [ 14.3217047, 53.7370295 ], [ 14.3216339, 53.7370476 ], [ 14.3215985, 53.7370518 ], [ 14.3215012, 53.7370409 ], [ 14.3214216, 53.7370244 ], [ 14.3213939, 53.7369721 ], [ 14.3213403, 53.7369446 ], [ 14.3213143, 53.7369246 ], [ 14.321251, 53.7369071 ] ] ] ] } },
{ "type": "Feature", "properties": { "fid": 17, "full_id": "w324567717", "osm_id": "324567717", "osm_type": "way", "name": null, "place": null, "wetland": "reedbed", "landuse": "grass", "wikipedia": null, "wikidata": null, "water": null, "type": null, "source:alt_name:pl": null, "part_of": null, "natural": "wetland", "name:sk": null, "name:pl": null, "name:en": null, "name:de": null, "alt_name:pl": null, "alt_name:de": null, "wojewodztwo": null, "powiat": null, "gmina": null, "obreb": null, "arkusz": null, "nr_dzialki": null, "teryt": null, "pow_m2": null, "layer": "zalew_maska", "path": "C:/RDOS_Monitoring_Lokalny/zalew_maska.gpkg" }, "geometry": { "type": "MultiPolygon", "coordinates": [ [ [ [ 14.3338419, 53.7296847 ], [ 14.3339809, 53.7296917 ], [ 14.33404, 53.729648 ], [ 14.334099, 53.7295432 ], [ 14.334184, 53.7294361 ], [ 14.3342135, 53.729364 ], [ 14.3340584, 53.7294077 ], [ 14.3339536, 53.729433 ], [ 14.3339359, 53.7294669 ], [ 14.3339101, 53.729539 ], [ 14.3339006, 53.7295789 ], [ 14.3338915, 53.729599 ], [ 14.3338693, 53.7296434 ], [ 14.3338419, 53.7296847 ] ] ] ] } },
{ "type": "Feature", "properties": { "fid": 18, "full_id": "w324567722", "osm_id": "324567722", "osm_type": "way", "name": null, "place": null, "wetland": "reedbed", "landuse": "grass", "wikipedia": null, "wikidata": null, "water": null, "type": null, "source:alt_name:pl": null, "part_of": null, "natural": "wetland", "name:sk": null, "name:pl": null, "name:en": null, "name:de": null, "alt_name:pl": null, "alt_name:de": null, "wojewodztwo": null, "powiat": null, "gmina": null, "obreb": null, "arkusz": null, "nr_dzialki": null, "teryt": null, "pow_m2": null, "layer": "zalew_maska", "path": "C:/RDOS_Monitoring_Lokalny/zalew_maska.gpkg" }, "geometry": { "type": "MultiPolygon", "coordinates": [ [ [ [ 14.3334871, 53.7302782 ], [ 14.3335318, 53.7303033 ], [ 14.3335982, 53.7303339 ], [ 14.3337053, 53.7303557 ], [ 14.333757, 53.7303535 ], [ 14.3338641, 53.7303601 ], [ 14.3339674, 53.7303492 ], [ 14.3339638, 53.7302662 ], [ 14.3338825, 53.7301832 ], [ 14.3338345, 53.7301198 ], [ 14.3336721, 53.730063 ], [ 14.3336019, 53.730087 ], [ 14.3335447, 53.7301152 ], [ 14.3335564, 53.7301437 ], [ 14.3335616, 53.7302202 ], [ 14.3335538, 53.7302511 ], [ 14.3334871, 53.7302782 ] ] ] ] } },
{ "type": "Feature", "properties": { "fid": 19, "full_id": "w324567725", "osm_id": "324567725", "osm_type": "way", "name": null, "place": null, "wetland": "reedbed", "landuse": "grass", "wikipedia": null, "wikidata": null, "water": null, "type": null, "source:alt_name:pl": null, "part_of": null, "natural": "wetland", "name:sk": null, "name:pl": null, "name:en": null, "name:de": null, "alt_name:pl": null, "alt_name:de": null, "wojewodztwo": null, "powiat": null, "gmina": null, "obreb": null, "arkusz": null, "nr_dzialki": null, "teryt": null, "pow_m2": null, "layer": "zalew_maska", "path": "C:/RDOS_Monitoring_Lokalny/zalew_maska.gpkg" }, "geometry": { "type": "MultiPolygon", "coordinates": [ [ [ [ 14.3256913, 53.7359966 ], [ 14.3256182, 53.7360063 ], [ 14.3255743, 53.7360632 ], [ 14.3255046, 53.7361624 ], [ 14.3254538, 53.7362811 ], [ 14.3255122, 53.7364385 ], [ 14.3255971, 53.7365385 ], [ 14.3257184, 53.736599 ], [ 14.3258758, 53.7366415 ], [ 14.326042, 53.7366523 ], [ 14.3261284, 53.7365842 ], [ 14.3262046, 53.7364872 ], [ 14.3262507, 53.7364157 ], [ 14.3262379, 53.7363313 ], [ 14.3262151, 53.7362642 ], [ 14.3262101, 53.7362077 ], [ 14.3261585, 53.7361204 ], [ 14.3260895, 53.7360752 ], [ 14.3260202, 53.7360235 ], [ 14.3258846, 53.735973 ], [ 14.3257639, 53.7359815 ], [ 14.3256913, 53.7359966 ] ] ] ] } },
{ "type": "Feature", "properties": { "fid": 20, "full_id": "w324567729", "osm_id": "324567729", "osm_type": "way", "name": null, "place": null, "wetland": "reedbed", "landuse": "grass", "wikipedia": null, "wikidata": null, "water": null, "type": null, "source:alt_name:pl": null, "part_of": null, "natural": "wetland", "name:sk": null, "name:pl": null, "name:en": null, "name:de": null, "alt_name:pl": null, "alt_name:de": null, "wojewodztwo": null, "powiat": null, "gmina": null, "obreb": null, "arkusz": null, "nr_dzialki": null, "teryt": null, "pow_m2": null, "layer": "zalew_maska", "path": "C:/RDOS_Monitoring_Lokalny/zalew_maska.gpkg" }, "geometry": { "type": "MultiPolygon", "coordinates": [ [ [ [ 14.3341754, 53.7291598 ], [ 14.3343256, 53.7291945 ], [ 14.3344253, 53.7292251 ], [ 14.3345213, 53.729236 ], [ 14.3346764, 53.7292163 ], [ 14.3347281, 53.7291486 ], [ 14.3346395, 53.7291115 ], [ 14.3345804, 53.7290372 ], [ 14.3346025, 53.7289913 ], [ 14.3347871, 53.7289891 ], [ 14.334909, 53.729011 ], [ 14.3350161, 53.7289651 ], [ 14.3351158, 53.7288777 ], [ 14.3351342, 53.7288056 ], [ 14.3351638, 53.7287205 ], [ 14.3351121, 53.7286593 ], [ 14.3350087, 53.7286112 ], [ 14.3349053, 53.7285282 ], [ 14.3348758, 53.728502 ], [ 14.3347465, 53.728443 ], [ 14.3346616, 53.7283644 ], [ 14.3346395, 53.7282989 ], [ 14.3346062, 53.7282137 ], [ 14.3345435, 53.7281001 ], [ 14.3345139, 53.7280345 ], [ 14.3345471, 53.7279887 ], [ 14.334621, 53.727969 ], [ 14.334765, 53.7279493 ], [ 14.3348979, 53.7279559 ], [ 14.3350013, 53.7279428 ], [ 14.3350752, 53.7279384 ], [ 14.3351675, 53.7279406 ], [ 14.3352413, 53.7279319 ], [ 14.3353558, 53.7278642 ], [ 14.3355035, 53.7277921 ], [ 14.3355625, 53.7277375 ], [ 14.3355588, 53.7276675 ], [ 14.3354961, 53.7276457 ], [ 14.3353964, 53.7276086 ], [ 14.3353595, 53.7275496 ], [ 14.3354296, 53.7274491 ], [ 14.3355588, 53.7273967 ], [ 14.335677, 53.7273726 ], [ 14.3358358, 53.7273705 ], [ 14.3359465, 53.7273595 ], [ 14.3361164, 53.7273311 ], [ 14.3361275, 53.7272481 ], [ 14.3361792, 53.7272066 ], [ 14.3363527, 53.7272394 ], [ 14.3364893, 53.7272525 ], [ 14.3365041, 53.7271782 ], [ 14.3364413, 53.727128 ], [ 14.3363342, 53.7270537 ], [ 14.3362936, 53.7270406 ], [ 14.3362604, 53.7268921 ], [ 14.3362789, 53.7268331 ], [ 14.3363342, 53.7267741 ], [ 14.3363675, 53.7267544 ], [ 14.3365041, 53.7266845 ], [ 14.3365484, 53.7266867 ], [ 14.336685, 53.7267173 ], [ 14.3367995, 53.7267151 ], [ 14.3368438, 53.726643 ], [ 14.3367847, 53.7265622 ], [ 14.3367146, 53.7265119 ], [ 14.3366112, 53.7264792 ], [ 14.3365225, 53.7264377 ], [ 14.3364598, 53.7263197 ], [ 14.3364155, 53.7262367 ], [ 14.3363749, 53.7261537 ], [ 14.3362824, 53.7260747 ], [ 14.3362523, 53.726002 ], [ 14.3363725, 53.7259745 ], [ 14.3364846, 53.725968 ], [ 14.3365966, 53.7259955 ], [ 14.336643, 53.725981 ], [ 14.3367223, 53.725884 ], [ 14.3367523, 53.7258048 ], [ 14.3367605, 53.7257482 ], [ 14.3366786, 53.7257013 ], [ 14.3365693, 53.7256867 ], [ 14.33649, 53.7256576 ], [ 14.3364217, 53.725614 ], [ 14.3364381, 53.7255477 ], [ 14.3365037, 53.7255299 ], [ 14.3366266, 53.7255234 ], [ 14.336695, 53.7254911 ], [ 14.3366622, 53.7253925 ], [ 14.3367168, 53.7253133 ], [ 14.3368507, 53.7252826 ], [ 14.3370365, 53.7252696 ], [ 14.3371294, 53.7252615 ], [ 14.3372524, 53.7251953 ], [ 14.3373016, 53.7251468 ], [ 14.3374163, 53.7250675 ], [ 14.3374218, 53.7249899 ], [ 14.3373945, 53.7249042 ], [ 14.3373426, 53.7248056 ], [ 14.337277, 53.7247555 ], [ 14.3371513, 53.724728 ], [ 14.337042, 53.724707 ], [ 14.3369764, 53.7246698 ], [ 14.3369819, 53.7245728 ], [ 14.3370037, 53.7244677 ], [ 14.3370092, 53.7243626 ], [ 14.3370283, 53.7242818 ], [ 14.3369928, 53.7241751 ], [ 14.3369764, 53.724104 ], [ 14.3371513, 53.7239876 ], [ 14.3373644, 53.7238388 ], [ 14.337471, 53.7237725 ], [ 14.3375229, 53.7237095 ], [ 14.3375639, 53.7236141 ], [ 14.3377442, 53.7235429 ], [ 14.3378918, 53.7234298 ], [ 14.3380448, 53.7233877 ], [ 14.3380503, 53.7232778 ], [ 14.3381896, 53.7232616 ], [ 14.3384219, 53.7232762 ], [ 14.338523, 53.7232519 ], [ 14.3384328, 53.7231565 ], [ 14.3383181, 53.723066 ], [ 14.338217, 53.7230078 ], [ 14.3383017, 53.7229237 ], [ 14.3382361, 53.7228316 ], [ 14.3383645, 53.7228105 ], [ 14.3385285, 53.7228316 ], [ 14.3386296, 53.7227394 ], [ 14.3386678, 53.7226521 ], [ 14.3386432, 53.7225712 ], [ 14.3385558, 53.7224678 ], [ 14.338482, 53.7224193 ], [ 14.3385312, 53.7223691 ], [ 14.3386952, 53.722353 ], [ 14.3388509, 53.7223675 ], [ 14.3389985, 53.7223691 ], [ 14.3390886, 53.7223433 ], [ 14.3391706, 53.7222899 ], [ 14.3392417, 53.7222333 ], [ 14.3393045, 53.7221703 ], [ 14.3393455, 53.7220894 ], [ 14.3392772, 53.7220167 ], [ 14.3391897, 53.721952 ], [ 14.3390968, 53.7219245 ], [ 14.3389793, 53.7219003 ], [ 14.3389466, 53.7218679 ], [ 14.3389684, 53.7218113 ], [ 14.3390203, 53.721758 ], [ 14.3391406, 53.7217531 ], [ 14.3392772, 53.7217596 ], [ 14.3395368, 53.7218081 ], [ 14.3396652, 53.7218097 ], [ 14.3398292, 53.7217839 ], [ 14.3399111, 53.7217127 ], [ 14.3399712, 53.7216335 ], [ 14.3400068, 53.7215203 ], [ 14.3400286, 53.7214459 ], [ 14.3400751, 53.7213619 ], [ 14.3400969, 53.7212923 ], [ 14.3401133, 53.7212099 ], [ 14.3400915, 53.7211403 ], [ 14.3400177, 53.7210999 ], [ 14.3399084, 53.7210385 ], [ 14.3398264, 53.7209722 ], [ 14.3397554, 53.7209253 ], [ 14.3397526, 53.7208089 ], [ 14.3397499, 53.7207474 ], [ 14.3397417, 53.7206682 ], [ 14.3397991, 53.7206294 ], [ 14.3399303, 53.7206116 ], [ 14.3400696, 53.7205971 ], [ 14.3402062, 53.7205647 ], [ 14.3402882, 53.7205162 ], [ 14.3404166, 53.7204807 ], [ 14.3405505, 53.7204386 ], [ 14.3406352, 53.7203804 ], [ 14.340485, 53.7203594 ], [ 14.3404194, 53.7203076 ], [ 14.3404084, 53.7202656 ], [ 14.3405177, 53.7202559 ], [ 14.3405806, 53.7202236 ], [ 14.3405833, 53.7201848 ], [ 14.3406954, 53.7201848 ], [ 14.3407281, 53.7201573 ], [ 14.3407609, 53.720015 ], [ 14.3407801, 53.7199535 ], [ 14.3407855, 53.7198986 ], [ 14.3407418, 53.7198064 ], [ 14.3406653, 53.7197126 ], [ 14.3406052, 53.7196609 ], [ 14.3405341, 53.7196011 ], [ 14.3406571, 53.7195428 ], [ 14.3407527, 53.719483 ], [ 14.3408511, 53.7194183 ], [ 14.3408894, 53.7194103 ], [ 14.3410287, 53.7193553 ], [ 14.3411189, 53.7192712 ], [ 14.3410533, 53.7191742 ], [ 14.3409577, 53.7190998 ], [ 14.3409959, 53.7190885 ], [ 14.3411599, 53.7191079 ], [ 14.3412637, 53.7190836 ], [ 14.341291, 53.7190076 ], [ 14.3413621, 53.7189236 ], [ 14.3414222, 53.7188265 ], [ 14.3413812, 53.7187263 ], [ 14.3413102, 53.7186244 ], [ 14.3412255, 53.7185193 ], [ 14.3410069, 53.7185128 ], [ 14.3408839, 53.7186277 ], [ 14.340862, 53.7186697 ], [ 14.3409276, 53.7187861 ], [ 14.3409167, 53.7188459 ], [ 14.3408866, 53.718875 ], [ 14.3407119, 53.7190246 ], [ 14.3406365, 53.719099 ], [ 14.3406442, 53.7191538 ], [ 14.3406288, 53.7192236 ], [ 14.3405998, 53.7192567 ], [ 14.3405669, 53.7192888 ], [ 14.340509, 53.7193196 ], [ 14.3404607, 53.7193574 ], [ 14.3404162, 53.7193894 ], [ 14.3403699, 53.7194225 ], [ 14.3403022, 53.7194968 ], [ 14.3402578, 53.7195494 ], [ 14.3402327, 53.7195769 ], [ 14.3402018, 53.7196043 ], [ 14.3401824, 53.7196638 ], [ 14.3401786, 53.7197209 ], [ 14.340194, 53.7197678 ], [ 14.3402037, 53.7198261 ], [ 14.3401902, 53.7198902 ], [ 14.340167, 53.7199496 ], [ 14.3401303, 53.7200045 ], [ 14.3400955, 53.7200525 ], [ 14.3400839, 53.7200948 ], [ 14.3400762, 53.7201531 ], [ 14.3400549, 53.7202263 ], [ 14.3400337, 53.7202469 ], [ 14.3399873, 53.72028 ], [ 14.3399235, 53.7203372 ], [ 14.3398578, 53.7203886 ], [ 14.3398173, 53.7204138 ], [ 14.3397651, 53.7204424 ], [ 14.3397168, 53.7204664 ], [ 14.339655, 53.720495 ], [ 14.3395931, 53.7205224 ], [ 14.3395332, 53.7205487 ], [ 14.3394617, 53.7205784 ], [ 14.3394289, 53.7205853 ], [ 14.3393729, 53.720607 ], [ 14.3393632, 53.7206516 ], [ 14.3393555, 53.7207236 ], [ 14.3393555, 53.7208025 ], [ 14.3393555, 53.7208768 ], [ 14.3393613, 53.720982 ], [ 14.3393922, 53.7210529 ], [ 14.3393864, 53.7211124 ], [ 14.3393709, 53.7211787 ], [ 14.3393439, 53.7212416 ], [ 14.3393033, 53.7212896 ], [ 14.3392511, 53.7213547 ], [ 14.339197, 53.7214142 ], [ 14.3391429, 53.7214714 ], [ 14.3390985, 53.7215034 ], [ 14.3390135, 53.7215537 ], [ 14.3389227, 53.7215903 ], [ 14.3388145, 53.7216348 ], [ 14.3387352, 53.7216771 ], [ 14.3386599, 53.7217423 ], [ 14.3386, 53.7218018 ], [ 14.3385478, 53.7218989 ], [ 14.3385188, 53.721963 ], [ 14.3384802, 53.722019 ], [ 14.3384261, 53.7220762 ], [ 14.3383449, 53.7221367 ], [ 14.3382619, 53.7221848 ], [ 14.3381595, 53.7222225 ], [ 14.3380455, 53.7222751 ], [ 14.3379701, 53.7223025 ], [ 14.3379044, 53.7223574 ], [ 14.3378793, 53.7224168 ], [ 14.337802, 53.7225186 ], [ 14.337744, 53.7225918 ], [ 14.3377035, 53.7226695 ], [ 14.3376629, 53.7227621 ], [ 14.3376262, 53.7228501 ], [ 14.337659, 53.7230354 ], [ 14.3377048, 53.7232111 ], [ 14.3376738, 53.7233255 ], [ 14.3375656, 53.7233666 ], [ 14.3374613, 53.7233986 ], [ 14.3372642, 53.723481 ], [ 14.3371676, 53.7236204 ], [ 14.3371135, 53.7237347 ], [ 14.3370401, 53.7238171 ], [ 14.3368894, 53.7239062 ], [ 14.3367812, 53.7239748 ], [ 14.3366807, 53.7240434 ], [ 14.3366034, 53.7241372 ], [ 14.3365648, 53.7242355 ], [ 14.3365223, 53.7243772 ], [ 14.3364643, 53.724519 ], [ 14.3364141, 53.7246242 ], [ 14.3363909, 53.7246813 ], [ 14.3364759, 53.7247865 ], [ 14.3364914, 53.7248917 ], [ 14.3365029, 53.7249854 ], [ 14.3365068, 53.725086 ], [ 14.3364798, 53.7251981 ], [ 14.3364102, 53.7252461 ], [ 14.3362247, 53.7252872 ], [ 14.3361165, 53.7253124 ], [ 14.3360585, 53.7253581 ], [ 14.3360276, 53.7253855 ], [ 14.335904, 53.7255433 ], [ 14.3358769, 53.725637 ], [ 14.3358615, 53.7257285 ], [ 14.3358344, 53.725852 ], [ 14.3358035, 53.7259023 ], [ 14.3357726, 53.726012 ], [ 14.3357996, 53.7260806 ], [ 14.3358344, 53.7261926 ], [ 14.3358885, 53.7262635 ], [ 14.335931, 53.7263275 ], [ 14.3359697, 53.7263778 ], [ 14.336016, 53.726435 ], [ 14.3360585, 53.7264807 ], [ 14.3361436, 53.7265676 ], [ 14.336273, 53.7266636 ], [ 14.3362305, 53.7267173 ], [ 14.3361919, 53.7267631 ], [ 14.3361571, 53.7268134 ], [ 14.3361262, 53.7268648 ], [ 14.3361146, 53.7269014 ], [ 14.3360779, 53.7269334 ], [ 14.336045, 53.7269482 ], [ 14.3359813, 53.7269528 ], [ 14.3359117, 53.7269517 ], [ 14.3358613, 53.7269497 ], [ 14.3358, 53.7269445 ], [ 14.3357544, 53.7269407 ], [ 14.3356634, 53.7269317 ], [ 14.3355562, 53.7269642 ], [ 14.3354866, 53.7269928 ], [ 14.3354171, 53.727042 ], [ 14.3353552, 53.7270854 ], [ 14.3352992, 53.7271277 ], [ 14.3352528, 53.7271574 ], [ 14.33522, 53.7271883 ], [ 14.3351562, 53.7272603 ], [ 14.3350673, 53.7272992 ], [ 14.3349746, 53.7273392 ], [ 14.3349186, 53.7273895 ], [ 14.3348703, 53.7274569 ], [ 14.33482, 53.7275301 ], [ 14.3347833, 53.7275918 ], [ 14.3346557, 53.7277207 ], [ 14.3346003, 53.7278102 ], [ 14.3345486, 53.7278517 ], [ 14.3344083, 53.7279413 ], [ 14.3343455, 53.7280156 ], [ 14.3342938, 53.7281401 ], [ 14.3342643, 53.7282209 ], [ 14.3342608, 53.7282613 ], [ 14.3342701, 53.7283576 ], [ 14.3343035, 53.7284321 ], [ 14.3343859, 53.7286049 ], [ 14.3344246, 53.7286683 ], [ 14.3344449, 53.7287404 ], [ 14.334432, 53.7288048 ], [ 14.3344006, 53.7288714 ], [ 14.3343212, 53.7289752 ], [ 14.3342714, 53.7290516 ], [ 14.3342326, 53.7290931 ], [ 14.3341902, 53.7291456 ], [ 14.3341754, 53.7291598 ] ] ] ] } },
{ "type": "Feature", "properties": { "fid": 21, "full_id": "w324573337", "osm_id": "324573337", "osm_type": "way", "name": null, "place": null, "wetland": "reedbed", "landuse": "grass", "wikipedia": null, "wikidata": null, "water": null, "type": null, "source:alt_name:pl": null, "part_of": null, "natural": "wetland", "name:sk": null, "name:pl": null, "name:en": null, "name:de": null, "alt_name:pl": null, "alt_name:de": null, "wojewodztwo": null, "powiat": null, "gmina": null, "obreb": null, "arkusz": null, "nr_dzialki": null, "teryt": null, "pow_m2": null, "layer": "zalew_maska", "path": "C:/RDOS_Monitoring_Lokalny/zalew_maska.gpkg" }, "geometry": { "type": "MultiPolygon", "coordinates": [ [ [ [ 14.3476146, 53.7123523 ], [ 14.3476834, 53.712389 ], [ 14.3477315, 53.7123949 ], [ 14.3479314, 53.712368 ], [ 14.3480377, 53.712383 ], [ 14.3481668, 53.712338 ], [ 14.3482655, 53.7122602 ], [ 14.348349, 53.7122002 ], [ 14.3484148, 53.7121313 ], [ 14.3485008, 53.7120654 ], [ 14.3486122, 53.7120205 ], [ 14.3486957, 53.7119471 ], [ 14.3487261, 53.7118602 ], [ 14.348802, 53.7117824 ], [ 14.3488906, 53.711709 ], [ 14.3489893, 53.7116251 ], [ 14.3490829, 53.7115517 ], [ 14.3491993, 53.7114753 ], [ 14.3493208, 53.7114004 ], [ 14.3493765, 53.7113705 ], [ 14.3494979, 53.7113465 ], [ 14.3496245, 53.7112971 ], [ 14.3497232, 53.7112012 ], [ 14.3500775, 53.7109616 ], [ 14.3501357, 53.7108777 ], [ 14.3501407, 53.7108193 ], [ 14.350285, 53.7107534 ], [ 14.3504267, 53.7106786 ], [ 14.350576, 53.7106381 ], [ 14.3507683, 53.7105782 ], [ 14.3509101, 53.7105243 ], [ 14.3510341, 53.710391 ], [ 14.3510999, 53.7102861 ], [ 14.3511631, 53.7101798 ], [ 14.3510923, 53.7101184 ], [ 14.3511125, 53.7100405 ], [ 14.3511707, 53.71 ], [ 14.3513631, 53.7099626 ], [ 14.3514592, 53.7099251 ], [ 14.3515529, 53.7098622 ], [ 14.3515832, 53.7097844 ], [ 14.3516212, 53.7097304 ], [ 14.3517047, 53.709687 ], [ 14.3517882, 53.709675 ], [ 14.3518819, 53.7095956 ], [ 14.3518692, 53.7095147 ], [ 14.3518312, 53.7094833 ], [ 14.3518186, 53.7094593 ], [ 14.3518186, 53.7094129 ], [ 14.351773, 53.709359 ], [ 14.3517427, 53.7093485 ], [ 14.351773, 53.7093185 ], [ 14.3518186, 53.7093065 ], [ 14.3518515, 53.709311 ], [ 14.3519451, 53.7093694 ], [ 14.3519957, 53.7093395 ], [ 14.3520413, 53.709302 ], [ 14.3521122, 53.7092781 ], [ 14.3521881, 53.7092811 ], [ 14.3522817, 53.709314 ], [ 14.3523526, 53.709326 ], [ 14.3524487, 53.7092706 ], [ 14.3525247, 53.7091897 ], [ 14.3525879, 53.7090863 ], [ 14.3527043, 53.709001 ], [ 14.3528537, 53.7089365 ], [ 14.3529397, 53.7088527 ], [ 14.3530409, 53.7087763 ], [ 14.3531346, 53.7086804 ], [ 14.3532004, 53.7085756 ], [ 14.3532358, 53.7084557 ], [ 14.3531877, 53.7083883 ], [ 14.3530915, 53.7083374 ], [ 14.3529878, 53.7083748 ], [ 14.3528233, 53.7084273 ], [ 14.3527296, 53.7084872 ], [ 14.352674, 53.7085366 ], [ 14.3526132, 53.708601 ], [ 14.3525525, 53.7086714 ], [ 14.3524918, 53.7087463 ], [ 14.3524386, 53.7088077 ], [ 14.3523374, 53.7088931 ], [ 14.3522767, 53.7089201 ], [ 14.3521805, 53.70898 ], [ 14.3520944, 53.7090384 ], [ 14.3520388, 53.7090714 ], [ 14.3519527, 53.7091163 ], [ 14.351854, 53.7091672 ], [ 14.3518161, 53.7092211 ], [ 14.3517857, 53.7092601 ], [ 14.3517895, 53.7093002 ], [ 14.3517553, 53.7093155 ], [ 14.3517231, 53.7093473 ], [ 14.351636, 53.7093568 ], [ 14.3515537, 53.7094087 ], [ 14.3514714, 53.7094648 ], [ 14.351398, 53.7095231 ], [ 14.3513515, 53.7095782 ], [ 14.3513247, 53.709646 ], [ 14.351305, 53.709718 ], [ 14.3512835, 53.7097508 ], [ 14.3512549, 53.7097985 ], [ 14.3512066, 53.7098483 ], [ 14.3511207, 53.7098959 ], [ 14.3510723, 53.7099277 ], [ 14.3510312, 53.709952 ], [ 14.3509363, 53.7100442 ], [ 14.3508916, 53.7101003 ], [ 14.3508504, 53.710131 ], [ 14.3507771, 53.7101914 ], [ 14.3507395, 53.7102115 ], [ 14.3506894, 53.7102423 ], [ 14.3506482, 53.710273 ], [ 14.3505963, 53.7103312 ], [ 14.3505462, 53.7103715 ], [ 14.3504854, 53.710416 ], [ 14.3504049, 53.710452 ], [ 14.3503512, 53.710471 ], [ 14.3502599, 53.7104964 ], [ 14.3501776, 53.7105367 ], [ 14.3501096, 53.7105791 ], [ 14.350047, 53.7106225 ], [ 14.3499969, 53.7106543 ], [ 14.3499503, 53.7106892 ], [ 14.3498161, 53.7107823 ], [ 14.3497302, 53.7108384 ], [ 14.3496372, 53.7109062 ], [ 14.349562, 53.7109772 ], [ 14.3494886, 53.7110418 ], [ 14.3494081, 53.7111053 ], [ 14.3492775, 53.7111996 ], [ 14.349197, 53.711243 ], [ 14.3490842, 53.711296 ], [ 14.3489912, 53.7113616 ], [ 14.3489071, 53.711421 ], [ 14.3488265, 53.7114771 ], [ 14.3487299, 53.7115248 ], [ 14.3486494, 53.7115798 ], [ 14.3485706, 53.711636 ], [ 14.3484865, 53.7117101 ], [ 14.348415, 53.7117758 ], [ 14.3483398, 53.7118361 ], [ 14.3482271, 53.7119272 ], [ 14.3481555, 53.7119791 ], [ 14.348066, 53.7120448 ], [ 14.3479837, 53.7120988 ], [ 14.3478173, 53.7122005 ], [ 14.3476795, 53.7122587 ], [ 14.3476133, 53.7123095 ], [ 14.3476146, 53.7123523 ] ] ] ] } },
{ "type": "Feature", "properties": { "fid": 22, "full_id": "w324573339", "osm_id": "324573339", "osm_type": "way", "name": null, "place": null, "wetland": "reedbed", "landuse": "grass", "wikipedia": null, "wikidata": null, "water": null, "type": null, "source:alt_name:pl": null, "part_of": null, "natural": "wetland", "name:sk": null, "name:pl": null, "name:en": null, "name:de": null, "alt_name:pl": null, "alt_name:de": null, "wojewodztwo": null, "powiat": null, "gmina": null, "obreb": null, "arkusz": null, "nr_dzialki": null, "teryt": null, "pow_m2": null, "layer": "zalew_maska", "path": "C:/RDOS_Monitoring_Lokalny/zalew_maska.gpkg" }, "geometry": { "type": "MultiPolygon", "coordinates": [ [ [ [ 14.3532423, 53.7082364 ], [ 14.3533747, 53.7082915 ], [ 14.3534749, 53.7083127 ], [ 14.3536181, 53.7082576 ], [ 14.3537075, 53.7082195 ], [ 14.3538328, 53.7081983 ], [ 14.3539115, 53.7081623 ], [ 14.3540404, 53.7080648 ], [ 14.35418, 53.7080543 ], [ 14.3542408, 53.7080606 ], [ 14.354316, 53.7079653 ], [ 14.3542408, 53.7079081 ], [ 14.3540798, 53.7078128 ], [ 14.3539795, 53.7078022 ], [ 14.3538435, 53.7079028 ], [ 14.3537451, 53.7079505 ], [ 14.3536789, 53.7079812 ], [ 14.3535053, 53.708067 ], [ 14.3533998, 53.708103 ], [ 14.353321, 53.7081401 ], [ 14.3533009, 53.7081592 ], [ 14.3533033, 53.7081759 ], [ 14.3532906, 53.7082089 ], [ 14.3532691, 53.708229 ], [ 14.3532423, 53.7082364 ] ] ] ] } },
{ "type": "Feature", "properties": { "fid": 23, "full_id": "w324573340", "osm_id": "324573340", "osm_type": "way", "name": null, "place": null, "wetland": "reedbed", "landuse": "grass", "wikipedia": null, "wikidata": null, "water": null, "type": null, "source:alt_name:pl": null, "part_of": null, "natural": "wetland", "name:sk": null, "name:pl": null, "name:en": null, "name:de": null, "alt_name:pl": null, "alt_name:de": null, "wojewodztwo": null, "powiat": null, "gmina": null, "obreb": null, "arkusz": null, "nr_dzialki": null, "teryt": null, "pow_m2": null, "layer": "zalew_maska", "path": "C:/RDOS_Monitoring_Lokalny/zalew_maska.gpkg" }, "geometry": { "type": "MultiPolygon", "coordinates": [ [ [ [ 14.3461971, 53.71337 ], [ 14.3462329, 53.7133933 ], [ 14.346555, 53.7134124 ], [ 14.346734, 53.7133637 ], [ 14.3468592, 53.7133192 ], [ 14.3469523, 53.7133256 ], [ 14.3471598, 53.7132557 ], [ 14.3472959, 53.7132069 ], [ 14.3473817, 53.7131455 ], [ 14.3474462, 53.7130608 ], [ 14.3474963, 53.7129401 ], [ 14.347507, 53.7128341 ], [ 14.3475142, 53.7127388 ], [ 14.3475679, 53.7125164 ], [ 14.3475356, 53.7124783 ], [ 14.3474704, 53.7124826 ], [ 14.3473363, 53.71258 ], [ 14.3472477, 53.7126399 ], [ 14.3472249, 53.7127193 ], [ 14.3470605, 53.7128047 ], [ 14.3470174, 53.7128766 ], [ 14.346896, 53.7129754 ], [ 14.3468453, 53.7130173 ], [ 14.3467745, 53.7130728 ], [ 14.3467163, 53.7130997 ], [ 14.3466075, 53.7131432 ], [ 14.3465391, 53.7131761 ], [ 14.3464531, 53.7132135 ], [ 14.3463114, 53.713275 ], [ 14.3462203, 53.7133109 ], [ 14.346162, 53.7133468 ], [ 14.3461971, 53.71337 ] ] ] ] } },
{ "type": "Feature", "properties": { "fid": 24, "full_id": "w324573341", "osm_id": "324573341", "osm_type": "way", "name": null, "place": null, "wetland": "reedbed", "landuse": "grass", "wikipedia": null, "wikidata": null, "water": null, "type": null, "source:alt_name:pl": null, "part_of": null, "natural": "wetland", "name:sk": null, "name:pl": null, "name:en": null, "name:de": null, "alt_name:pl": null, "alt_name:de": null, "wojewodztwo": null, "powiat": null, "gmina": null, "obreb": null, "arkusz": null, "nr_dzialki": null, "teryt": null, "pow_m2": null, "layer": "zalew_maska", "path": "C:/RDOS_Monitoring_Lokalny/zalew_maska.gpkg" }, "geometry": { "type": "MultiPolygon", "coordinates": [ [ [ [ 14.3541226, 53.7077806 ], [ 14.3542365, 53.707836 ], [ 14.3543023, 53.7078735 ], [ 14.3543428, 53.707857 ], [ 14.3544516, 53.7078345 ], [ 14.3545427, 53.7078151 ], [ 14.3545934, 53.7077716 ], [ 14.3546743, 53.7077237 ], [ 14.3547477, 53.7076848 ], [ 14.3548287, 53.7076368 ], [ 14.354892, 53.7075829 ], [ 14.3549122, 53.7075185 ], [ 14.3548945, 53.7074436 ], [ 14.3548844, 53.7073897 ], [ 14.3548616, 53.7073552 ], [ 14.3548515, 53.7073297 ], [ 14.3548135, 53.7072563 ], [ 14.3547806, 53.7072369 ], [ 14.3547503, 53.7072144 ], [ 14.3547275, 53.7072069 ], [ 14.3546996, 53.7072039 ], [ 14.3546364, 53.7072114 ], [ 14.3546111, 53.7072144 ], [ 14.3545706, 53.7072459 ], [ 14.3545453, 53.7072728 ], [ 14.3545124, 53.7073223 ], [ 14.3544997, 53.7073387 ], [ 14.3545022, 53.7073852 ], [ 14.3545048, 53.7074151 ], [ 14.3545022, 53.7074511 ], [ 14.3544795, 53.7075709 ], [ 14.3544466, 53.7076069 ], [ 14.3544061, 53.7076188 ], [ 14.3543782, 53.7076293 ], [ 14.3543302, 53.7076518 ], [ 14.3542441, 53.7076907 ], [ 14.354191, 53.7077132 ], [ 14.3541069, 53.7077203 ], [ 14.3541069, 53.7077616 ], [ 14.3541226, 53.7077806 ] ] ] ] } },
{ "type": "Feature", "properties": { "fid": 25, "full_id": "w324573342", "osm_id": "324573342", "osm_type": "way", "name": null, "place": null, "wetland": "reedbed", "landuse": "grass", "wikipedia": null, "wikidata": null, "water": null, "type": null, "source:alt_name:pl": null, "part_of": null, "natural": "wetland", "name:sk": null, "name:pl": null, "name:en": null, "name:de": null, "alt_name:pl": null, "alt_name:de": null, "wojewodztwo": null, "powiat": null, "gmina": null, "obreb": null, "arkusz": null, "nr_dzialki": null, "teryt": null, "pow_m2": null, "layer": "zalew_maska", "path": "C:/RDOS_Monitoring_Lokalny/zalew_maska.gpkg" }, "geometry": { "type": "MultiPolygon", "coordinates": [ [ [ [ 14.3435743, 53.7157511 ], [ 14.3436667, 53.715805 ], [ 14.3438616, 53.7158349 ], [ 14.3439729, 53.7158394 ], [ 14.3441703, 53.715793 ], [ 14.3442538, 53.7156971 ], [ 14.3443196, 53.7156013 ], [ 14.3442665, 53.7155384 ], [ 14.3443044, 53.715477 ], [ 14.3444715, 53.7155249 ], [ 14.3445702, 53.7154665 ], [ 14.3446486, 53.7154036 ], [ 14.3447043, 53.7153242 ], [ 14.344803, 53.7152284 ], [ 14.3448637, 53.7151849 ], [ 14.344889, 53.7151161 ], [ 14.3449169, 53.7150531 ], [ 14.3449548, 53.7149887 ], [ 14.3450232, 53.7149408 ], [ 14.3450282, 53.7148689 ], [ 14.3450004, 53.714803 ], [ 14.3449725, 53.7147102 ], [ 14.3450712, 53.7146383 ], [ 14.3451674, 53.7146023 ], [ 14.3452433, 53.7145889 ], [ 14.3452661, 53.7144735 ], [ 14.3452889, 53.7144136 ], [ 14.3454686, 53.7143373 ], [ 14.3455824, 53.7143193 ], [ 14.345666, 53.7143358 ], [ 14.3457697, 53.7143552 ], [ 14.3458026, 53.7143642 ], [ 14.3459064, 53.7143492 ], [ 14.3459747, 53.7143163 ], [ 14.3462227, 53.714177 ], [ 14.3462986, 53.7141201 ], [ 14.3463543, 53.7140587 ], [ 14.3463923, 53.7139703 ], [ 14.3464252, 53.7139029 ], [ 14.3464074, 53.713831 ], [ 14.3463442, 53.7137636 ], [ 14.3462683, 53.7137097 ], [ 14.3462075, 53.7136753 ], [ 14.3461923, 53.7136573 ], [ 14.3460911, 53.7135659 ], [ 14.346, 53.7135465 ], [ 14.3458937, 53.7136348 ], [ 14.3458558, 53.7136723 ], [ 14.3458583, 53.7137337 ], [ 14.3458482, 53.7137726 ], [ 14.3458051, 53.7139194 ], [ 14.3457419, 53.7140003 ], [ 14.3455824, 53.7141021 ], [ 14.3454736, 53.7142099 ], [ 14.3452597, 53.7142318 ], [ 14.3451674, 53.7142309 ], [ 14.3450734, 53.7142664 ], [ 14.3450156, 53.7143163 ], [ 14.3450346, 53.7143398 ], [ 14.345068, 53.7143799 ], [ 14.3450712, 53.7144226 ], [ 14.3450181, 53.7145305 ], [ 14.3449346, 53.7145679 ], [ 14.3446056, 53.714833 ], [ 14.3444386, 53.7150741 ], [ 14.3443879, 53.7151385 ], [ 14.3442538, 53.7152269 ], [ 14.3441905, 53.7153033 ], [ 14.3441576, 53.7153497 ], [ 14.3439704, 53.7155399 ], [ 14.3437932, 53.7156178 ], [ 14.3435743, 53.7157511 ] ] ] ] } },
{ "type": "Feature", "properties": { "fid": 26, "full_id": "w324573343", "osm_id": "324573343", "osm_type": "way", "name": null, "place": null, "wetland": "reedbed", "landuse": "grass", "wikipedia": null, "wikidata": null, "water": null, "type": null, "source:alt_name:pl": null, "part_of": null, "natural": "wetland", "name:sk": null, "name:pl": null, "name:en": null, "name:de": null, "alt_name:pl": null, "alt_name:de": null, "wojewodztwo": null, "powiat": null, "gmina": null, "obreb": null, "arkusz": null, "nr_dzialki": null, "teryt": null, "pow_m2": null, "layer": "zalew_maska", "path": "C:/RDOS_Monitoring_Lokalny/zalew_maska.gpkg" }, "geometry": { "type": "MultiPolygon", "coordinates": [ [ [ [ 14.3413811, 53.7182125 ], [ 14.3413636, 53.7182637 ], [ 14.3413965, 53.7182907 ], [ 14.3414344, 53.7183087 ], [ 14.3414699, 53.7183266 ], [ 14.3415205, 53.7183341 ], [ 14.3415989, 53.7183566 ], [ 14.3417002, 53.7183491 ], [ 14.341766, 53.7183566 ], [ 14.341852, 53.7183551 ], [ 14.3420114, 53.7183311 ], [ 14.3421228, 53.7183296 ], [ 14.3421607, 53.7183341 ], [ 14.3423278, 53.7182967 ], [ 14.3424113, 53.7182607 ], [ 14.3424973, 53.7182113 ], [ 14.3425378, 53.7181859 ], [ 14.342591, 53.718078 ], [ 14.3425707, 53.7179912 ], [ 14.3425935, 53.7179373 ], [ 14.3425682, 53.7178564 ], [ 14.3426011, 53.7177665 ], [ 14.3426795, 53.7176917 ], [ 14.3427403, 53.7176288 ], [ 14.3427782, 53.7175689 ], [ 14.3427985, 53.7174925 ], [ 14.3427656, 53.7174221 ], [ 14.3427377, 53.7173532 ], [ 14.3427555, 53.7173158 ], [ 14.3427605, 53.7172723 ], [ 14.342758, 53.71719 ], [ 14.342839, 53.7171211 ], [ 14.3429275, 53.7170881 ], [ 14.343044, 53.7170297 ], [ 14.3431427, 53.7169773 ], [ 14.343211, 53.7169294 ], [ 14.3433122, 53.7168889 ], [ 14.3433704, 53.7168755 ], [ 14.3434362, 53.716826 ], [ 14.3435197, 53.7167407 ], [ 14.343583, 53.7166868 ], [ 14.3436539, 53.7166763 ], [ 14.3437273, 53.7166793 ], [ 14.3437677, 53.7166928 ], [ 14.3438563, 53.7167197 ], [ 14.34395, 53.7167047 ], [ 14.3440385, 53.7166688 ], [ 14.3440689, 53.7166119 ], [ 14.3439904, 53.716534 ], [ 14.343955, 53.7164981 ], [ 14.3439803, 53.7164052 ], [ 14.3439221, 53.7163363 ], [ 14.3439019, 53.7163243 ], [ 14.3438892, 53.7162794 ], [ 14.3439196, 53.7162599 ], [ 14.343874, 53.7161985 ], [ 14.3437728, 53.7161716 ], [ 14.3436842, 53.7161551 ], [ 14.3436134, 53.7161431 ], [ 14.3435678, 53.7161281 ], [ 14.3435374, 53.7160742 ], [ 14.3435172, 53.7160353 ], [ 14.3434451, 53.7159237 ], [ 14.3433696, 53.715882 ], [ 14.3433159, 53.7159922 ], [ 14.3433016, 53.7160917 ], [ 14.3432909, 53.7161426 ], [ 14.3432443, 53.7162421 ], [ 14.3432121, 53.7163374 ], [ 14.3432551, 53.7164433 ], [ 14.3432587, 53.7164857 ], [ 14.3431262, 53.7165916 ], [ 14.343026, 53.716672 ], [ 14.3427683, 53.7168245 ], [ 14.3427146, 53.7169431 ], [ 14.3425679, 53.7170289 ], [ 14.342448, 53.7170946 ], [ 14.3423657, 53.7171814 ], [ 14.3422458, 53.7173032 ], [ 14.3422422, 53.7173921 ], [ 14.3422011, 53.7174642 ], [ 14.342117, 53.7175584 ], [ 14.3420364, 53.7176622 ], [ 14.3419756, 53.7177437 ], [ 14.3418951, 53.7178464 ], [ 14.3418575, 53.7178962 ], [ 14.341811, 53.7179597 ], [ 14.3417591, 53.7180169 ], [ 14.3416481, 53.71809 ], [ 14.3415014, 53.7181387 ], [ 14.3413811, 53.7182125 ] ] ] ] } },
{ "type": "Feature", "properties": { "fid": 27, "full_id": "w324577473", "osm_id": "324577473", "osm_type": "way", "name": null, "place": null, "wetland": "reedbed", "landuse": "grass", "wikipedia": null, "wikidata": null, "water": null, "type": null, "source:alt_name:pl": null, "part_of": null, "natural": "wetland", "name:sk": null, "name:pl": null, "name:en": null, "name:de": null, "alt_name:pl": null, "alt_name:de": null, "wojewodztwo": null, "powiat": null, "gmina": null, "obreb": null, "arkusz": null, "nr_dzialki": null, "teryt": null, "pow_m2": null, "layer": "zalew_maska", "path": "C:/RDOS_Monitoring_Lokalny/zalew_maska.gpkg" }, "geometry": { "type": "MultiPolygon", "coordinates": [ [ [ [ 14.3562183, 53.7061853 ], [ 14.3564081, 53.7061853 ], [ 14.3564916, 53.7062378 ], [ 14.3565852, 53.7062887 ], [ 14.3567067, 53.7063127 ], [ 14.3567978, 53.7062962 ], [ 14.356937, 53.7062722 ], [ 14.3570812, 53.7062452 ], [ 14.357271, 53.7061659 ], [ 14.3573672, 53.7061179 ], [ 14.3574229, 53.7060595 ], [ 14.3574558, 53.7059202 ], [ 14.3574406, 53.7058573 ], [ 14.3574381, 53.7058243 ], [ 14.3575064, 53.7057194 ], [ 14.3574507, 53.705658 ], [ 14.3574305, 53.7056356 ], [ 14.3573723, 53.7056011 ], [ 14.357228, 53.705673 ], [ 14.3571915, 53.7057135 ], [ 14.3569724, 53.7058648 ], [ 14.3569345, 53.7059427 ], [ 14.3568712, 53.7059966 ], [ 14.3567244, 53.706058 ], [ 14.3566282, 53.7060865 ], [ 14.3565346, 53.7061164 ], [ 14.3564157, 53.7061329 ], [ 14.3562183, 53.7061853 ] ] ] ] } },
{ "type": "Feature", "properties": { "fid": 28, "full_id": "w324577478", "osm_id": "324577478", "osm_type": "way", "name": null, "place": null, "wetland": "reedbed", "landuse": "grass", "wikipedia": null, "wikidata": null, "water": null, "type": null, "source:alt_name:pl": null, "part_of": null, "natural": "wetland", "name:sk": null, "name:pl": null, "name:en": null, "name:de": null, "alt_name:pl": null, "alt_name:de": null, "wojewodztwo": null, "powiat": null, "gmina": null, "obreb": null, "arkusz": null, "nr_dzialki": null, "teryt": null, "pow_m2": null, "layer": "zalew_maska", "path": "C:/RDOS_Monitoring_Lokalny/zalew_maska.gpkg" }, "geometry": { "type": "MultiPolygon", "coordinates": [ [ [ [ 14.3579153, 53.7053797 ], [ 14.3579938, 53.7054363 ], [ 14.3580141, 53.7054482 ], [ 14.3581634, 53.7054962 ], [ 14.358257, 53.7055157 ], [ 14.3583709, 53.7055291 ], [ 14.3584392, 53.7055171 ], [ 14.3585278, 53.7054707 ], [ 14.358629, 53.7053868 ], [ 14.3587176, 53.7052984 ], [ 14.3587682, 53.705225 ], [ 14.358791, 53.7051756 ], [ 14.3588973, 53.7051337 ], [ 14.3590238, 53.7050887 ], [ 14.35912, 53.7050093 ], [ 14.3592465, 53.7049194 ], [ 14.3593275, 53.704843 ], [ 14.3594287, 53.7047517 ], [ 14.359487, 53.7046857 ], [ 14.3594515, 53.7046438 ], [ 14.3594212, 53.7045794 ], [ 14.3593402, 53.7045599 ], [ 14.3592592, 53.7045884 ], [ 14.3592136, 53.7046004 ], [ 14.3591478, 53.7046063 ], [ 14.3590491, 53.7047187 ], [ 14.3589277, 53.7048131 ], [ 14.3588366, 53.7048535 ], [ 14.3587151, 53.7049134 ], [ 14.3585885, 53.7049749 ], [ 14.3585202, 53.7050093 ], [ 14.3584468, 53.7050647 ], [ 14.3584063, 53.7050887 ], [ 14.3583102, 53.7052175 ], [ 14.3582241, 53.70527 ], [ 14.3579153, 53.7053797 ] ] ] ] } },
{ "type": "Feature", "properties": { "fid": 29, "full_id": "w324577482", "osm_id": "324577482", "osm_type": "way", "name": null, "place": null, "wetland": "reedbed", "landuse": "grass", "wikipedia": null, "wikidata": null, "water": null, "type": null, "source:alt_name:pl": null, "part_of": null, "natural": "wetland", "name:sk": null, "name:pl": null, "name:en": null, "name:de": null, "alt_name:pl": null, "alt_name:de": null, "wojewodztwo": null, "powiat": null, "gmina": null, "obreb": null, "arkusz": null, "nr_dzialki": null, "teryt": null, "pow_m2": null, "layer": "zalew_maska", "path": "C:/RDOS_Monitoring_Lokalny/zalew_maska.gpkg" }, "geometry": { "type": "MultiPolygon", "coordinates": [ [ [ [ 14.3645469, 53.7013188 ], [ 14.3646467, 53.7013806 ], [ 14.364801, 53.7013886 ], [ 14.3649779, 53.7013698 ], [ 14.3651185, 53.7013215 ], [ 14.365173, 53.701249 ], [ 14.3651911, 53.7012006 ], [ 14.365232, 53.7009965 ], [ 14.3652819, 53.7009321 ], [ 14.365486, 53.7008757 ], [ 14.3658535, 53.7008327 ], [ 14.3660077, 53.7007468 ], [ 14.3661756, 53.7006554 ], [ 14.3663525, 53.7005507 ], [ 14.3663707, 53.7004352 ], [ 14.3664296, 53.7003761 ], [ 14.3667018, 53.7002929 ], [ 14.3667926, 53.7003117 ], [ 14.3668606, 53.7003493 ], [ 14.3669922, 53.7002982 ], [ 14.3671827, 53.7002579 ], [ 14.3672644, 53.7001532 ], [ 14.3673551, 53.7000162 ], [ 14.3673461, 53.6999383 ], [ 14.3673597, 53.6998417 ], [ 14.3675366, 53.6997611 ], [ 14.36765, 53.6996939 ], [ 14.3677135, 53.6996134 ], [ 14.3677453, 53.6995382 ], [ 14.3677317, 53.6994656 ], [ 14.3676999, 53.6993689 ], [ 14.3676591, 53.6993367 ], [ 14.3676863, 53.6992669 ], [ 14.3676521, 53.6992321 ], [ 14.3675896, 53.6992177 ], [ 14.3675321, 53.6992212 ], [ 14.3674141, 53.6992991 ], [ 14.3673007, 53.699326 ], [ 14.3670927, 53.6993174 ], [ 14.3670194, 53.6995006 ], [ 14.3669604, 53.6996375 ], [ 14.3669015, 53.69971 ], [ 14.366788, 53.6997933 ], [ 14.3666656, 53.6999061 ], [ 14.3665703, 53.6999813 ], [ 14.3664478, 53.7000404 ], [ 14.3661075, 53.7001317 ], [ 14.3659714, 53.7002284 ], [ 14.3658671, 53.7003412 ], [ 14.3657582, 53.7004084 ], [ 14.3652683, 53.7007387 ], [ 14.3649552, 53.7009025 ], [ 14.3647964, 53.7010717 ], [ 14.3646059, 53.7012329 ], [ 14.3645454, 53.7012706 ], [ 14.3645197, 53.7012866 ], [ 14.3645469, 53.7013188 ] ] ] ] } },
{ "type": "Feature", "properties": { "fid": 30, "full_id": "w324577488", "osm_id": "324577488", "osm_type": "way", "name": null, "place": null, "wetland": "reedbed", "landuse": "grass", "wikipedia": null, "wikidata": null, "water": null, "type": null, "source:alt_name:pl": null, "part_of": null, "natural": "wetland", "name:sk": null, "name:pl": null, "name:en": null, "name:de": null, "alt_name:pl": null, "alt_name:de": null, "wojewodztwo": null, "powiat": null, "gmina": null, "obreb": null, "arkusz": null, "nr_dzialki": null, "teryt": null, "pow_m2": null, "layer": "zalew_maska", "path": "C:/RDOS_Monitoring_Lokalny/zalew_maska.gpkg" }, "geometry": { "type": "MultiPolygon", "coordinates": [ [ [ [ 14.3597595, 53.7043193 ], [ 14.3597139, 53.7043567 ], [ 14.3598025, 53.7044032 ], [ 14.3599645, 53.7043822 ], [ 14.3600758, 53.7043418 ], [ 14.3601517, 53.7043313 ], [ 14.3601998, 53.7043687 ], [ 14.3602681, 53.7043897 ], [ 14.3603997, 53.7043403 ], [ 14.3605718, 53.7043058 ], [ 14.3606857, 53.7042489 ], [ 14.3607793, 53.7042069 ], [ 14.3608679, 53.704159 ], [ 14.360954, 53.7041111 ], [ 14.36104, 53.7040392 ], [ 14.3611109, 53.7039852 ], [ 14.3611463, 53.7039373 ], [ 14.3610932, 53.7039508 ], [ 14.3609236, 53.7040197 ], [ 14.3609388, 53.7039837 ], [ 14.3610451, 53.7039133 ], [ 14.3611868, 53.7038384 ], [ 14.3612804, 53.7037635 ], [ 14.3613943, 53.7036796 ], [ 14.3614652, 53.7036062 ], [ 14.3613943, 53.7035508 ], [ 14.3614196, 53.7035178 ], [ 14.3614829, 53.7034729 ], [ 14.3617031, 53.7034429 ], [ 14.3618245, 53.703416 ], [ 14.3619384, 53.703359 ], [ 14.3619991, 53.7033051 ], [ 14.3621535, 53.7032766 ], [ 14.3623256, 53.7032437 ], [ 14.3624344, 53.7032182 ], [ 14.3625787, 53.7031253 ], [ 14.3626141, 53.7030954 ], [ 14.3627893, 53.7029518 ], [ 14.3628619, 53.7029008 ], [ 14.3629572, 53.7028417 ], [ 14.3630388, 53.702788 ], [ 14.3631522, 53.7027208 ], [ 14.3632702, 53.702643 ], [ 14.3633156, 53.7025946 ], [ 14.3633564, 53.7025194 ], [ 14.3634607, 53.7024469 ], [ 14.3636876, 53.7024039 ], [ 14.3637556, 53.7023287 ], [ 14.3638237, 53.7022347 ], [ 14.3638872, 53.7021112 ], [ 14.3640142, 53.7020226 ], [ 14.3640369, 53.7019715 ], [ 14.3639779, 53.7019259 ], [ 14.3640777, 53.7018587 ], [ 14.3641866, 53.7018534 ], [ 14.3642637, 53.7017782 ], [ 14.3643363, 53.7017486 ], [ 14.3643998, 53.7016734 ], [ 14.3644452, 53.7015821 ], [ 14.3644497, 53.701523 ], [ 14.3644225, 53.7014451 ], [ 14.3643681, 53.7013646 ], [ 14.3643008, 53.7013856 ], [ 14.3642138, 53.7014129 ], [ 14.3640255, 53.7015687 ], [ 14.3634471, 53.7019568 ], [ 14.3628936, 53.7023328 ], [ 14.3626419, 53.7024872 ], [ 14.3625466, 53.7025678 ], [ 14.3622721, 53.7027907 ], [ 14.3620294, 53.7029907 ], [ 14.3616733, 53.7032083 ], [ 14.3614805, 53.7033224 ], [ 14.3609247, 53.7036621 ], [ 14.360623, 53.7039441 ], [ 14.3603916, 53.7040596 ], [ 14.3599765, 53.7042368 ], [ 14.35989, 53.7042816 ], [ 14.3598677, 53.7042932 ], [ 14.3597595, 53.7043193 ] ] ] ] } },
{ "type": "Feature", "properties": { "fid": 31, "full_id": "w324720438", "osm_id": "324720438", "osm_type": "way", "name": null, "place": null, "wetland": "reedbed", "landuse": "grass", "wikipedia": null, "wikidata": null, "water": null, "type": null, "source:alt_name:pl": null, "part_of": null, "natural": "wetland", "name:sk": null, "name:pl": null, "name:en": null, "name:de": null, "alt_name:pl": null, "alt_name:de": null, "wojewodztwo": null, "powiat": null, "gmina": null, "obreb": null, "arkusz": null, "nr_dzialki": null, "teryt": null, "pow_m2": null, "layer": "zalew_maska", "path": "C:/RDOS_Monitoring_Lokalny/zalew_maska.gpkg" }, "geometry": { "type": "MultiPolygon", "coordinates": [ [ [ [ 14.5321357, 53.6771605 ], [ 14.5319304, 53.6771728 ], [ 14.5318208, 53.6771674 ], [ 14.5317511, 53.6772054 ], [ 14.5318208, 53.677245 ], [ 14.5319156, 53.6772384 ], [ 14.5320021, 53.6772731 ], [ 14.5321053, 53.6772583 ], [ 14.532175, 53.677212 ], [ 14.5321917, 53.6771575 ], [ 14.5321357, 53.6771605 ] ] ] ] } },
{ "type": "Feature", "properties": { "fid": 32, "full_id": "w324720439", "osm_id": "324720439", "osm_type": "way", "name": null, "place": null, "wetland": "reedbed", "landuse": "grass", "wikipedia": null, "wikidata": null, "water": null, "type": null, "source:alt_name:pl": null, "part_of": null, "natural": "wetland", "name:sk": null, "name:pl": null, "name:en": null, "name:de": null, "alt_name:pl": null, "alt_name:de": null, "wojewodztwo": null, "powiat": null, "gmina": null, "obreb": null, "arkusz": null, "nr_dzialki": null, "teryt": null, "pow_m2": null, "layer": "zalew_maska", "path": "C:/RDOS_Monitoring_Lokalny/zalew_maska.gpkg" }, "geometry": { "type": "MultiPolygon", "coordinates": [ [ [ [ 14.5357769, 53.6738869 ], [ 14.5359153, 53.6738058 ], [ 14.5359487, 53.6737133 ], [ 14.5359125, 53.6735976 ], [ 14.5358846, 53.6735084 ], [ 14.5358037, 53.673401 ], [ 14.535734, 53.6733167 ], [ 14.5356196, 53.6732523 ], [ 14.5354885, 53.673325 ], [ 14.5354858, 53.6733597 ], [ 14.5355834, 53.6733994 ], [ 14.5355957, 53.6734608 ], [ 14.5356641, 53.6736436 ], [ 14.5357589, 53.6737493 ], [ 14.5357371, 53.6738686 ], [ 14.5357769, 53.6738869 ] ] ] ] } },
{ "type": "Feature", "properties": { "fid": 33, "full_id": "w324720440", "osm_id": "324720440", "osm_type": "way", "name": null, "place": null, "wetland": "reedbed", "landuse": "grass", "wikipedia": null, "wikidata": null, "water": null, "type": null, "source:alt_name:pl": null, "part_of": null, "natural": "wetland", "name:sk": null, "name:pl": null, "name:en": null, "name:de": null, "alt_name:pl": null, "alt_name:de": null, "wojewodztwo": null, "powiat": null, "gmina": null, "obreb": null, "arkusz": null, "nr_dzialki": null, "teryt": null, "pow_m2": null, "layer": "zalew_maska", "path": "C:/RDOS_Monitoring_Lokalny/zalew_maska.gpkg" }, "geometry": { "type": "MultiPolygon", "coordinates": [ [ [ [ 14.5334544, 53.6772148 ], [ 14.5333991, 53.6772596 ], [ 14.5332346, 53.6772897 ], [ 14.5330362, 53.6772759 ], [ 14.5329132, 53.6772382 ], [ 14.5328924, 53.6772561 ], [ 14.5328994, 53.6773321 ], [ 14.5329022, 53.6773858 ], [ 14.5330165, 53.6774065 ], [ 14.5331769, 53.6774106 ], [ 14.5332857, 53.6774032 ], [ 14.5333512, 53.6774081 ], [ 14.5335269, 53.6773429 ], [ 14.5335562, 53.6772793 ], [ 14.5335004, 53.677238 ], [ 14.5334544, 53.6772148 ] ] ] ] } },
{ "type": "Feature", "properties": { "fid": 34, "full_id": "w324720441", "osm_id": "324720441", "osm_type": "way", "name": null, "place": null, "wetland": "reedbed", "landuse": "grass", "wikipedia": null, "wikidata": null, "water": null, "type": null, "source:alt_name:pl": null, "part_of": null, "natural": "wetland", "name:sk": null, "name:pl": null, "name:en": null, "name:de": null, "alt_name:pl": null, "alt_name:de": null, "wojewodztwo": null, "powiat": null, "gmina": null, "obreb": null, "arkusz": null, "nr_dzialki": null, "teryt": null, "pow_m2": null, "layer": "zalew_maska", "path": "C:/RDOS_Monitoring_Lokalny/zalew_maska.gpkg" }, "geometry": { "type": "MultiPolygon", "coordinates": [ [ [ [ 14.5348045, 53.6731063 ], [ 14.5348648, 53.6730322 ], [ 14.5348118, 53.6729033 ], [ 14.5346807, 53.6728769 ], [ 14.5345134, 53.6729083 ], [ 14.5344102, 53.6729397 ], [ 14.5343767, 53.672976 ], [ 14.5342958, 53.6729711 ], [ 14.5342707, 53.6728951 ], [ 14.5341536, 53.6728472 ], [ 14.5340755, 53.6728306 ], [ 14.5339918, 53.6727976 ], [ 14.5338691, 53.6727893 ], [ 14.5336237, 53.6728273 ], [ 14.5335121, 53.6728835 ], [ 14.533487, 53.6729364 ], [ 14.5335902, 53.6729628 ], [ 14.5335575, 53.6730422 ], [ 14.5338962, 53.6729855 ], [ 14.5345055, 53.6730307 ], [ 14.5348045, 53.6731063 ] ] ] ] } },
{ "type": "Feature", "properties": { "fid": 35, "full_id": "w324720442", "osm_id": "324720442", "osm_type": "way", "name": null, "place": null, "wetland": "reedbed", "landuse": "grass", "wikipedia": null, "wikidata": null, "water": null, "type": null, "source:alt_name:pl": null, "part_of": null, "natural": "wetland", "name:sk": null, "name:pl": null, "name:en": null, "name:de": null, "alt_name:pl": null, "alt_name:de": null, "wojewodztwo": null, "powiat": null, "gmina": null, "obreb": null, "arkusz": null, "nr_dzialki": null, "teryt": null, "pow_m2": null, "layer": "zalew_maska", "path": "C:/RDOS_Monitoring_Lokalny/zalew_maska.gpkg" }, "geometry": { "type": "MultiPolygon", "coordinates": [ [ [ [ 14.5354455, 53.6766237 ], [ 14.5353608, 53.6767365 ], [ 14.5353555, 53.6767436 ], [ 14.5349762, 53.6768982 ], [ 14.5347898, 53.6769264 ], [ 14.5346438, 53.6769918 ], [ 14.5343677, 53.6771016 ], [ 14.5341741, 53.677141 ], [ 14.5338155, 53.677153 ], [ 14.5337571, 53.6771936 ], [ 14.533732, 53.6772581 ], [ 14.5338408, 53.6772647 ], [ 14.5339775, 53.6772581 ], [ 14.5340751, 53.6772961 ], [ 14.5339747, 53.6773258 ], [ 14.5338436, 53.6773671 ], [ 14.5339496, 53.6773737 ], [ 14.5342229, 53.677344 ], [ 14.534711, 53.6771804 ], [ 14.5351405, 53.6770383 ], [ 14.5352855, 53.6769392 ], [ 14.5353441, 53.6768005 ], [ 14.5354055, 53.676741 ], [ 14.5355087, 53.6766716 ], [ 14.5354613, 53.6766501 ], [ 14.5354455, 53.6766237 ] ] ] ] } },
{ "type": "Feature", "properties": { "fid": 36, "full_id": "w324720443", "osm_id": "324720443", "osm_type": "way", "name": null, "place": null, "wetland": "reedbed", "landuse": "grass", "wikipedia": null, "wikidata": null, "water": null, "type": null, "source:alt_name:pl": null, "part_of": null, "natural": "wetland", "name:sk": null, "name:pl": null, "name:en": null, "name:de": null, "alt_name:pl": null, "alt_name:de": null, "wojewodztwo": null, "powiat": null, "gmina": null, "obreb": null, "arkusz": null, "nr_dzialki": null, "teryt": null, "pow_m2": null, "layer": "zalew_maska", "path": "C:/RDOS_Monitoring_Lokalny/zalew_maska.gpkg" }, "geometry": { "type": "MultiPolygon", "coordinates": [ [ [ [ 14.5409159, 53.6785772 ], [ 14.5409401, 53.6786964 ], [ 14.5409482, 53.6787537 ], [ 14.5408998, 53.6788396 ], [ 14.5407146, 53.6787728 ], [ 14.5406018, 53.6787442 ], [ 14.5403683, 53.6787728 ], [ 14.5401347, 53.6788014 ], [ 14.5399414, 53.6789779 ], [ 14.5399897, 53.6790733 ], [ 14.5398931, 53.6791926 ], [ 14.5397239, 53.6792737 ], [ 14.5396676, 53.6791926 ], [ 14.5397803, 53.6790638 ], [ 14.5397803, 53.678935 ], [ 14.5396353, 53.6789541 ], [ 14.5395306, 53.6791067 ], [ 14.5393937, 53.6792594 ], [ 14.5392971, 53.6793691 ], [ 14.5392407, 53.6794931 ], [ 14.5392488, 53.6795694 ], [ 14.5394098, 53.6795837 ], [ 14.5395306, 53.6795408 ], [ 14.5395709, 53.6796601 ], [ 14.539587, 53.6797412 ], [ 14.5397239, 53.6797125 ], [ 14.53974, 53.6796171 ], [ 14.5397562, 53.6794931 ], [ 14.539885, 53.6794025 ], [ 14.5400058, 53.6792737 ], [ 14.5400864, 53.6792069 ], [ 14.5402475, 53.6791258 ], [ 14.5403522, 53.6791115 ], [ 14.5405132, 53.6791449 ], [ 14.5406904, 53.6791496 ], [ 14.5408676, 53.6791926 ], [ 14.5409643, 53.6790972 ], [ 14.5409643, 53.6789731 ], [ 14.5410931, 53.6789302 ], [ 14.5411092, 53.6788109 ], [ 14.5411012, 53.6786297 ], [ 14.5409159, 53.6785772 ] ] ] ] } },
{ "type": "Feature", "properties": { "fid": 37, "full_id": "w324720444", "osm_id": "324720444", "osm_type": "way", "name": null, "place": null, "wetland": "reedbed", "landuse": "grass", "wikipedia": null, "wikidata": null, "water": null, "type": null, "source:alt_name:pl": null, "part_of": null, "natural": "wetland", "name:sk": null, "name:pl": null, "name:en": null, "name:de": null, "alt_name:pl": null, "alt_name:de": null, "wojewodztwo": null, "powiat": null, "gmina": null, "obreb": null, "arkusz": null, "nr_dzialki": null, "teryt": null, "pow_m2": null, "layer": "zalew_maska", "path": "C:/RDOS_Monitoring_Lokalny/zalew_maska.gpkg" }, "geometry": { "type": "MultiPolygon", "coordinates": [ [ [ [ 14.5326822, 53.6706588 ], [ 14.5327049, 53.6706877 ], [ 14.5327229, 53.6707503 ], [ 14.5326377, 53.6708258 ], [ 14.5326037, 53.6709074 ], [ 14.532612, 53.6710967 ], [ 14.5326287, 53.671252 ], [ 14.5325395, 53.6713016 ], [ 14.5325191, 53.6713409 ], [ 14.5326121, 53.6713587 ], [ 14.5326228, 53.6714262 ], [ 14.5325536, 53.6714642 ], [ 14.5326399, 53.6714734 ], [ 14.5326678, 53.6714866 ], [ 14.5325897, 53.6715164 ], [ 14.5325618, 53.6715792 ], [ 14.5326304, 53.6717041 ], [ 14.5326176, 53.6717973 ], [ 14.5325562, 53.6718534 ], [ 14.5324558, 53.67187 ], [ 14.5323513, 53.6717845 ], [ 14.5322215, 53.671784 ], [ 14.5322413, 53.6720538 ], [ 14.5324783, 53.6720636 ], [ 14.5325145, 53.6721875 ], [ 14.5325731, 53.6722817 ], [ 14.5328882, 53.6722354 ], [ 14.5328994, 53.6721561 ], [ 14.5329663, 53.6720751 ], [ 14.5329886, 53.671971 ], [ 14.5330472, 53.671857 ], [ 14.5331365, 53.6717579 ], [ 14.5331727, 53.6716786 ], [ 14.533195, 53.6716026 ], [ 14.5332676, 53.6714902 ], [ 14.5332229, 53.6713779 ], [ 14.5332927, 53.6712804 ], [ 14.5333456, 53.6711928 ], [ 14.5333373, 53.6710854 ], [ 14.533209, 53.6710276 ], [ 14.533142, 53.6709185 ], [ 14.5331142, 53.6708491 ], [ 14.5331393, 53.670788 ], [ 14.5330835, 53.6707517 ], [ 14.5331225, 53.6707087 ], [ 14.5329329, 53.670603 ], [ 14.5328353, 53.6706046 ], [ 14.5326822, 53.6706588 ] ] ] ] } },
{ "type": "Feature", "properties": { "fid": 38, "full_id": "w324720445", "osm_id": "324720445", "osm_type": "way", "name": null, "place": null, "wetland": "reedbed", "landuse": "grass", "wikipedia": null, "wikidata": null, "water": null, "type": null, "source:alt_name:pl": null, "part_of": null, "natural": "wetland", "name:sk": null, "name:pl": null, "name:en": null, "name:de": null, "alt_name:pl": null, "alt_name:de": null, "wojewodztwo": null, "powiat": null, "gmina": null, "obreb": null, "arkusz": null, "nr_dzialki": null, "teryt": null, "pow_m2": null, "layer": "zalew_maska", "path": "C:/RDOS_Monitoring_Lokalny/zalew_maska.gpkg" }, "geometry": { "type": "MultiPolygon", "coordinates": [ [ [ [ 14.5351669, 53.6764155 ], [ 14.5352688, 53.6763705 ], [ 14.5353051, 53.6762978 ], [ 14.5353162, 53.6762102 ], [ 14.5353218, 53.6761375 ], [ 14.5352911, 53.6760334 ], [ 14.5353413, 53.6759756 ], [ 14.5353971, 53.6758815 ], [ 14.5354864, 53.6757708 ], [ 14.5355449, 53.6756832 ], [ 14.5355924, 53.6756171 ], [ 14.5356286, 53.6755692 ], [ 14.5355924, 53.6755296 ], [ 14.5356286, 53.6754602 ], [ 14.5356844, 53.6753743 ], [ 14.5357485, 53.675295 ], [ 14.5358099, 53.6752157 ], [ 14.5358238, 53.6750868 ], [ 14.5358573, 53.674953 ], [ 14.5361055, 53.6748059 ], [ 14.5361669, 53.6747382 ], [ 14.5361697, 53.6746275 ], [ 14.5360777, 53.6745647 ], [ 14.5360302, 53.6745069 ], [ 14.5360442, 53.6744325 ], [ 14.5361557, 53.6744111 ], [ 14.5362255, 53.6743565 ], [ 14.5362868, 53.6742673 ], [ 14.5362059, 53.6742178 ], [ 14.5361167, 53.6741979 ], [ 14.5361446, 53.6741219 ], [ 14.5362617, 53.6740988 ], [ 14.5363119, 53.6740377 ], [ 14.5362924, 53.6739567 ], [ 14.5362004, 53.6738559 ], [ 14.5360972, 53.6738807 ], [ 14.5359618, 53.6740174 ], [ 14.5359773, 53.6741064 ], [ 14.5360654, 53.6742102 ], [ 14.5359547, 53.6742606 ], [ 14.5359424, 53.6743177 ], [ 14.5358672, 53.6746023 ], [ 14.535701, 53.6748742 ], [ 14.5355414, 53.6749743 ], [ 14.5356564, 53.6750361 ], [ 14.5356396, 53.675198 ], [ 14.5354277, 53.675383 ], [ 14.5354593, 53.6755965 ], [ 14.5350372, 53.6763346 ], [ 14.5351669, 53.6764155 ] ] ] ] } },
{ "type": "Feature", "properties": { "fid": 39, "full_id": "w324720446", "osm_id": "324720446", "osm_type": "way", "name": null, "place": null, "wetland": "reedbed", "landuse": "grass", "wikipedia": null, "wikidata": null, "water": null, "type": null, "source:alt_name:pl": null, "part_of": null, "natural": "wetland", "name:sk": null, "name:pl": null, "name:en": null, "name:de": null, "alt_name:pl": null, "alt_name:de": null, "wojewodztwo": null, "powiat": null, "gmina": null, "obreb": null, "arkusz": null, "nr_dzialki": null, "teryt": null, "pow_m2": null, "layer": "zalew_maska", "path": "C:/RDOS_Monitoring_Lokalny/zalew_maska.gpkg" }, "geometry": { "type": "MultiPolygon", "coordinates": [ [ [ [ 14.5314242, 53.6773646 ], [ 14.5314242, 53.6774026 ], [ 14.5314772, 53.6774439 ], [ 14.5315386, 53.6774224 ], [ 14.5315358, 53.6773811 ], [ 14.5314242, 53.6773646 ] ] ] ] } },
{ "type": "Feature", "properties": { "fid": 40, "full_id": "w324720447", "osm_id": "324720447", "osm_type": "way", "name": null, "place": null, "wetland": "reedbed", "landuse": "grass", "wikipedia": null, "wikidata": null, "water": null, "type": null, "source:alt_name:pl": null, "part_of": null, "natural": "wetland", "name:sk": null, "name:pl": null, "name:en": null, "name:de": null, "alt_name:pl": null, "alt_name:de": null, "wojewodztwo": null, "powiat": null, "gmina": null, "obreb": null, "arkusz": null, "nr_dzialki": null, "teryt": null, "pow_m2": null, "layer": "zalew_maska", "path": "C:/RDOS_Monitoring_Lokalny/zalew_maska.gpkg" }, "geometry": { "type": "MultiPolygon", "coordinates": [ [ [ [ 14.5411737, 53.6781049 ], [ 14.5410448, 53.6781144 ], [ 14.5410206, 53.6782242 ], [ 14.5411334, 53.6782957 ], [ 14.5412542, 53.6782337 ], [ 14.5411737, 53.6781049 ] ] ] ] } },
{ "type": "Feature", "properties": { "fid": 41, "full_id": "w324720448", "osm_id": "324720448", "osm_type": "way", "name": null, "place": null, "wetland": "reedbed", "landuse": "grass", "wikipedia": null, "wikidata": null, "water": null, "type": null, "source:alt_name:pl": null, "part_of": null, "natural": "wetland", "name:sk": null, "name:pl": null, "name:en": null, "name:de": null, "alt_name:pl": null, "alt_name:de": null, "wojewodztwo": null, "powiat": null, "gmina": null, "obreb": null, "arkusz": null, "nr_dzialki": null, "teryt": null, "pow_m2": null, "layer": "zalew_maska", "path": "C:/RDOS_Monitoring_Lokalny/zalew_maska.gpkg" }, "geometry": { "type": "MultiPolygon", "coordinates": [ [ [ [ 14.5352164, 53.6733433 ], [ 14.5353365, 53.6732973 ], [ 14.5354397, 53.6732659 ], [ 14.5354341, 53.6731965 ], [ 14.5354034, 53.6731453 ], [ 14.5353198, 53.6731367 ], [ 14.5352026, 53.6731668 ], [ 14.5351385, 53.6732081 ], [ 14.5352305, 53.6732659 ], [ 14.5352164, 53.6733433 ] ] ] ] } },
{ "type": "Feature", "properties": { "fid": 42, "full_id": "w324720449", "osm_id": "324720449", "osm_type": "way", "name": null, "place": null, "wetland": "reedbed", "landuse": "grass", "wikipedia": null, "wikidata": null, "water": null, "type": null, "source:alt_name:pl": null, "part_of": null, "natural": "wetland", "name:sk": null, "name:pl": null, "name:en": null, "name:de": null, "alt_name:pl": null, "alt_name:de": null, "wojewodztwo": null, "powiat": null, "gmina": null, "obreb": null, "arkusz": null, "nr_dzialki": null, "teryt": null, "pow_m2": null, "layer": "zalew_maska", "path": "C:/RDOS_Monitoring_Lokalny/zalew_maska.gpkg" }, "geometry": { "type": "MultiPolygon", "coordinates": [ [ [ [ 14.5278549, 53.6751745 ], [ 14.5277023, 53.6752365 ], [ 14.5276772, 53.6752745 ], [ 14.5277888, 53.6752861 ], [ 14.5278139, 53.6753522 ], [ 14.527878, 53.6754232 ], [ 14.5280063, 53.6754298 ], [ 14.5280119, 53.6753753 ], [ 14.5279693, 53.6753194 ], [ 14.5278549, 53.6751745 ] ] ] ] } },
{ "type": "Feature", "properties": { "fid": 43, "full_id": "w324777459", "osm_id": "324777459", "osm_type": "way", "name": null, "place": null, "wetland": "reedbed", "landuse": "grass", "wikipedia": null, "wikidata": null, "water": null, "type": null, "source:alt_name:pl": null, "part_of": null, "natural": "wetland", "name:sk": null, "name:pl": null, "name:en": null, "name:de": null, "alt_name:pl": null, "alt_name:de": null, "wojewodztwo": null, "powiat": null, "gmina": null, "obreb": null, "arkusz": null, "nr_dzialki": null, "teryt": null, "pow_m2": null, "layer": "zalew_maska", "path": "C:/RDOS_Monitoring_Lokalny/zalew_maska.gpkg" }, "geometry": { "type": "MultiPolygon", "coordinates": [ [ [ [ 14.4021902, 53.6812208 ], [ 14.4021505, 53.6812607 ], [ 14.4021951, 53.6813166 ], [ 14.4022621, 53.6813694 ], [ 14.4023663, 53.6813709 ], [ 14.4024605, 53.6813239 ], [ 14.4024878, 53.6812769 ], [ 14.4024109, 53.6812299 ], [ 14.4023377, 53.6812007 ], [ 14.402303, 53.6812213 ], [ 14.4021902, 53.6812208 ] ] ] ] } },
{ "type": "Feature", "properties": { "fid": 44, "full_id": "w324777461", "osm_id": "324777461", "osm_type": "way", "name": null, "place": null, "wetland": "reedbed", "landuse": "grass", "wikipedia": null, "wikidata": null, "water": null, "type": null, "source:alt_name:pl": null, "part_of": null, "natural": "wetland", "name:sk": null, "name:pl": null, "name:en": null, "name:de": null, "alt_name:pl": null, "alt_name:de": null, "wojewodztwo": null, "powiat": null, "gmina": null, "obreb": null, "arkusz": null, "nr_dzialki": null, "teryt": null, "pow_m2": null, "layer": "zalew_maska", "path": "C:/RDOS_Monitoring_Lokalny/zalew_maska.gpkg" }, "geometry": { "type": "MultiPolygon", "coordinates": [ [ [ [ 14.4027444, 53.6811161 ], [ 14.4028299, 53.6811439 ], [ 14.4027902, 53.6812247 ], [ 14.402877, 53.6813113 ], [ 14.4029514, 53.6813187 ], [ 14.4031027, 53.6812937 ], [ 14.4031449, 53.6813334 ], [ 14.4031548, 53.6814009 ], [ 14.4032739, 53.6814524 ], [ 14.4034996, 53.6815038 ], [ 14.4035591, 53.6815846 ], [ 14.4039609, 53.6815713 ], [ 14.4040229, 53.6815067 ], [ 14.4040725, 53.6814156 ], [ 14.4040253, 53.6813319 ], [ 14.4041146, 53.681254 ], [ 14.4042089, 53.6812408 ], [ 14.4044569, 53.6811791 ], [ 14.4045908, 53.6811571 ], [ 14.4047297, 53.6811057 ], [ 14.4048363, 53.6810763 ], [ 14.4049534, 53.6809681 ], [ 14.4050119, 53.6808642 ], [ 14.4050704, 53.6807537 ], [ 14.4051618, 53.6807039 ], [ 14.4051764, 53.6806108 ], [ 14.4052715, 53.6805415 ], [ 14.4052971, 53.6804766 ], [ 14.4054433, 53.6804224 ], [ 14.4055164, 53.680273 ], [ 14.4056883, 53.6802362 ], [ 14.4058272, 53.6801842 ], [ 14.4059625, 53.6801582 ], [ 14.4061599, 53.6801972 ], [ 14.4063683, 53.680169 ], [ 14.4065365, 53.6801214 ], [ 14.4065475, 53.6800391 ], [ 14.4066096, 53.6799417 ], [ 14.4066828, 53.6799525 ], [ 14.4067815, 53.680011 ], [ 14.4069497, 53.6800196 ], [ 14.4071179, 53.6799525 ], [ 14.4073189, 53.6798745 ], [ 14.4073884, 53.6798421 ], [ 14.4074396, 53.6797316 ], [ 14.407425, 53.6796212 ], [ 14.4075018, 53.679541 ], [ 14.4076553, 53.6795064 ], [ 14.4077504, 53.6794869 ], [ 14.4078491, 53.6794349 ], [ 14.4079405, 53.6794306 ], [ 14.4081452, 53.6794739 ], [ 14.408339, 53.6794133 ], [ 14.4084889, 53.6793678 ], [ 14.4085803, 53.6793548 ], [ 14.4085511, 53.6792595 ], [ 14.40869, 53.6792487 ], [ 14.4088326, 53.6792573 ], [ 14.4089752, 53.6791989 ], [ 14.4092055, 53.6790884 ], [ 14.4093883, 53.6789953 ], [ 14.4095712, 53.6789087 ], [ 14.4096918, 53.6787788 ], [ 14.409754, 53.6786965 ], [ 14.4098307, 53.6786358 ], [ 14.4099075, 53.6786705 ], [ 14.4100099, 53.678625 ], [ 14.4101525, 53.6786142 ], [ 14.4102, 53.6785947 ], [ 14.4101561, 53.6785514 ], [ 14.4101817, 53.6785016 ], [ 14.410222, 53.6784193 ], [ 14.4100867, 53.6784452 ], [ 14.4099989, 53.6784474 ], [ 14.4098819, 53.6784864 ], [ 14.4098125, 53.6784864 ], [ 14.4095565, 53.6785557 ], [ 14.4093847, 53.6786315 ], [ 14.4090995, 53.6787517 ], [ 14.4089167, 53.6788502 ], [ 14.4087741, 53.6789368 ], [ 14.4086461, 53.6789942 ], [ 14.4085785, 53.6789812 ], [ 14.408456, 53.6789401 ], [ 14.4083463, 53.6789076 ], [ 14.408233, 53.6789293 ], [ 14.4080831, 53.679017 ], [ 14.4080374, 53.6791133 ], [ 14.4080319, 53.6791328 ], [ 14.4077138, 53.6791967 ], [ 14.4074231, 53.6793494 ], [ 14.4072019, 53.679475 ], [ 14.4070045, 53.6795432 ], [ 14.4068107, 53.6795865 ], [ 14.4061983, 53.6797598 ], [ 14.4054451, 53.6799579 ], [ 14.4050101, 53.6801279 ], [ 14.4047706, 53.6802535 ], [ 14.4044708, 53.6805296 ], [ 14.4044159, 53.6806368 ], [ 14.4043392, 53.6807505 ], [ 14.4042935, 53.6807938 ], [ 14.4040869, 53.6807927 ], [ 14.4037779, 53.6808804 ], [ 14.4036591, 53.6809508 ], [ 14.4035366, 53.6810385 ], [ 14.4033118, 53.6810602 ], [ 14.4032423, 53.6810277 ], [ 14.4031139, 53.6810368 ], [ 14.4030891, 53.68105 ], [ 14.4029651, 53.6810662 ], [ 14.4028212, 53.6810824 ], [ 14.4027444, 53.6811161 ] ] ] ] } },
{ "type": "Feature", "properties": { "fid": 45, "full_id": "w324777468", "osm_id": "324777468", "osm_type": "way", "name": null, "place": null, "wetland": "reedbed", "landuse": "grass", "wikipedia": null, "wikidata": null, "water": null, "type": null, "source:alt_name:pl": null, "part_of": null, "natural": "wetland", "name:sk": null, "name:pl": null, "name:en": null, "name:de": null, "alt_name:pl": null, "alt_name:de": null, "wojewodztwo": null, "powiat": null, "gmina": null, "obreb": null, "arkusz": null, "nr_dzialki": null, "teryt": null, "pow_m2": null, "layer": "zalew_maska", "path": "C:/RDOS_Monitoring_Lokalny/zalew_maska.gpkg" }, "geometry": { "type": "MultiPolygon", "coordinates": [ [ [ [ 14.3936011, 53.6851164 ], [ 14.3936359, 53.6852104 ], [ 14.393802, 53.6853279 ], [ 14.3938789, 53.6853778 ], [ 14.394241, 53.6853954 ], [ 14.3943353, 53.6854483 ], [ 14.3945733, 53.6854204 ], [ 14.3949181, 53.6851869 ], [ 14.3949875, 53.685134 ], [ 14.3950098, 53.6850253 ], [ 14.3950173, 53.6849269 ], [ 14.3950272, 53.6848167 ], [ 14.3950272, 53.6846067 ], [ 14.3949751, 53.6845054 ], [ 14.3950272, 53.6844011 ], [ 14.3951636, 53.6843996 ], [ 14.3952355, 53.6843864 ], [ 14.3953347, 53.6843291 ], [ 14.3953918, 53.6842542 ], [ 14.3953918, 53.6841675 ], [ 14.3955208, 53.6840779 ], [ 14.3956795, 53.68405 ], [ 14.3957936, 53.6840353 ], [ 14.3958804, 53.6839839 ], [ 14.3963789, 53.6839002 ], [ 14.396555, 53.6837959 ], [ 14.3966715, 53.6838341 ], [ 14.396741, 53.6838796 ], [ 14.3969344, 53.6839501 ], [ 14.3972023, 53.6838576 ], [ 14.3972841, 53.683884 ], [ 14.3974354, 53.6839692 ], [ 14.3975123, 53.6840016 ], [ 14.3980183, 53.683746 ], [ 14.398492, 53.6836182 ], [ 14.398797, 53.6835242 ], [ 14.3989285, 53.6834346 ], [ 14.3988913, 53.6833288 ], [ 14.3987673, 53.6832759 ], [ 14.3986184, 53.6832275 ], [ 14.3986432, 53.683154 ], [ 14.3987722, 53.6830615 ], [ 14.3989508, 53.682941 ], [ 14.3991318, 53.6828911 ], [ 14.3992236, 53.6828412 ], [ 14.3992236, 53.6829454 ], [ 14.3993402, 53.682991 ], [ 14.3997618, 53.6828926 ], [ 14.3998263, 53.6826061 ], [ 14.3998213, 53.6824637 ], [ 14.4001784, 53.6823241 ], [ 14.4003446, 53.6822624 ], [ 14.4005405, 53.6822228 ], [ 14.4005753, 53.6823432 ], [ 14.4006869, 53.6824049 ], [ 14.4008431, 53.6823946 ], [ 14.4009771, 53.6823491 ], [ 14.4012325, 53.6822977 ], [ 14.4013416, 53.6822536 ], [ 14.4016368, 53.6821067 ], [ 14.401793, 53.6820964 ], [ 14.4020733, 53.6819863 ], [ 14.4023486, 53.6817762 ], [ 14.4024279, 53.6817101 ], [ 14.4024007, 53.6816102 ], [ 14.4022791, 53.6815515 ], [ 14.4022568, 53.6814795 ], [ 14.4021874, 53.6813958 ], [ 14.4021254, 53.6813297 ], [ 14.4020485, 53.6812959 ], [ 14.4018749, 53.6814927 ], [ 14.4015946, 53.6816396 ], [ 14.4012945, 53.6816881 ], [ 14.4011482, 53.681741 ], [ 14.4009845, 53.6819011 ], [ 14.4007018, 53.6820259 ], [ 14.4005108, 53.6820906 ], [ 14.4003669, 53.6821816 ], [ 14.4002057, 53.6822037 ], [ 14.400042, 53.6821699 ], [ 14.3998808, 53.6821831 ], [ 14.3997568, 53.6822272 ], [ 14.3996006, 53.6823461 ], [ 14.3994543, 53.6824357 ], [ 14.3992732, 53.682496 ], [ 14.3990475, 53.6825283 ], [ 14.3989012, 53.682637 ], [ 14.3988045, 53.6826781 ], [ 14.3985936, 53.6827736 ], [ 14.3983655, 53.6829028 ], [ 14.3981398, 53.6830248 ], [ 14.3980108, 53.683132 ], [ 14.3977628, 53.6832613 ], [ 14.3975346, 53.6833406 ], [ 14.3972817, 53.6834052 ], [ 14.3971353, 53.683464 ], [ 14.3967683, 53.6835771 ], [ 14.3966244, 53.683605 ], [ 14.3962375, 53.6836667 ], [ 14.3961011, 53.6837019 ], [ 14.3959473, 53.6837871 ], [ 14.395677, 53.6837886 ], [ 14.3955555, 53.6837651 ], [ 14.3952951, 53.6838268 ], [ 14.3950991, 53.6839443 ], [ 14.3949131, 53.684003 ], [ 14.3946403, 53.6842233 ], [ 14.3943948, 53.6845289 ], [ 14.394184, 53.6846816 ], [ 14.3939533, 53.6848623 ], [ 14.3937946, 53.6849372 ], [ 14.3936135, 53.684968 ], [ 14.3936532, 53.6850327 ], [ 14.3936011, 53.6851164 ] ] ] ] } },
{ "type": "Feature", "properties": { "fid": 46, "full_id": "w324777474", "osm_id": "324777474", "osm_type": "way", "name": null, "place": null, "wetland": "reedbed", "landuse": "grass", "wikipedia": null, "wikidata": null, "water": null, "type": null, "source:alt_name:pl": null, "part_of": null, "natural": "wetland", "name:sk": null, "name:pl": null, "name:en": null, "name:de": null, "alt_name:pl": null, "alt_name:de": null, "wojewodztwo": null, "powiat": null, "gmina": null, "obreb": null, "arkusz": null, "nr_dzialki": null, "teryt": null, "pow_m2": null, "layer": "zalew_maska", "path": "C:/RDOS_Monitoring_Lokalny/zalew_maska.gpkg" }, "geometry": { "type": "MultiPolygon", "coordinates": [ [ [ [ 14.3824805, 53.6920552 ], [ 14.3824126, 53.6921088 ], [ 14.3824723, 53.6921429 ], [ 14.3825381, 53.6921332 ], [ 14.3826431, 53.6920844 ], [ 14.3826904, 53.6920613 ], [ 14.3827604, 53.6920381 ], [ 14.3828427, 53.6920016 ], [ 14.3829373, 53.6919699 ], [ 14.3829559, 53.6919236 ], [ 14.3829044, 53.6918809 ], [ 14.3828482, 53.6918703 ], [ 14.3827642, 53.6918566 ], [ 14.3827138, 53.6918653 ], [ 14.3826255, 53.691986 ], [ 14.3825499, 53.6920283 ], [ 14.3824805, 53.6920552 ] ] ] ] } },
{ "type": "Feature", "properties": { "fid": 47, "full_id": "w324777477", "osm_id": "324777477", "osm_type": "way", "name": null, "place": null, "wetland": "reedbed", "landuse": "grass", "wikipedia": null, "wikidata": null, "water": null, "type": null, "source:alt_name:pl": null, "part_of": null, "natural": "wetland", "name:sk": null, "name:pl": null, "name:en": null, "name:de": null, "alt_name:pl": null, "alt_name:de": null, "wojewodztwo": null, "powiat": null, "gmina": null, "obreb": null, "arkusz": null, "nr_dzialki": null, "teryt": null, "pow_m2": null, "layer": "zalew_maska", "path": "C:/RDOS_Monitoring_Lokalny/zalew_maska.gpkg" }, "geometry": { "type": "MultiPolygon", "coordinates": [ [ [ [ 14.3829549, 53.6917841 ], [ 14.3831209, 53.6917978 ], [ 14.3832385, 53.6917853 ], [ 14.3833415, 53.6917704 ], [ 14.3834213, 53.691743 ], [ 14.3834423, 53.6916783 ], [ 14.3834444, 53.6916199 ], [ 14.3834717, 53.6915738 ], [ 14.3835075, 53.6915937 ], [ 14.3835285, 53.6916572 ], [ 14.3835243, 53.6917331 ], [ 14.3835369, 53.6917604 ], [ 14.3837596, 53.691799 ], [ 14.3840138, 53.6917754 ], [ 14.3841335, 53.6917107 ], [ 14.3842428, 53.6916323 ], [ 14.3842869, 53.6915639 ], [ 14.3842617, 53.6914967 ], [ 14.3841882, 53.6914308 ], [ 14.384144, 53.6913574 ], [ 14.3841966, 53.6913288 ], [ 14.3843373, 53.6913225 ], [ 14.3844508, 53.6913039 ], [ 14.3847924, 53.6910817 ], [ 14.3850232, 53.6909823 ], [ 14.3851676, 53.6908443 ], [ 14.3853378, 53.690745 ], [ 14.3855289, 53.6906967 ], [ 14.3856641, 53.6906235 ], [ 14.3856291, 53.6905269 ], [ 14.3855778, 53.6903903 ], [ 14.3856617, 53.6902951 ], [ 14.3857573, 53.6902578 ], [ 14.3858319, 53.690233 ], [ 14.3858505, 53.6901654 ], [ 14.3858295, 53.6900646 ], [ 14.3859414, 53.690146 ], [ 14.3860416, 53.6901102 ], [ 14.3861115, 53.6902882 ], [ 14.3862584, 53.6903806 ], [ 14.3864774, 53.6903724 ], [ 14.3866266, 53.6903337 ], [ 14.3867454, 53.6902357 ], [ 14.3868037, 53.6901447 ], [ 14.3868177, 53.6900839 ], [ 14.3867315, 53.6900135 ], [ 14.3866359, 53.6899156 ], [ 14.3865893, 53.6898659 ], [ 14.3866009, 53.6897762 ], [ 14.3865543, 53.6897086 ], [ 14.3864355, 53.6896934 ], [ 14.386298, 53.6896727 ], [ 14.386242, 53.6895774 ], [ 14.3862281, 53.6894753 ], [ 14.3862187, 53.6893939 ], [ 14.3864192, 53.6893898 ], [ 14.3865287, 53.6894201 ], [ 14.3867012, 53.6895153 ], [ 14.3868154, 53.6894588 ], [ 14.3868713, 53.6894091 ], [ 14.386855, 53.6892876 ], [ 14.3868713, 53.6892531 ], [ 14.3870204, 53.6892863 ], [ 14.3870927, 53.6893166 ], [ 14.3871626, 53.6893829 ], [ 14.3871253, 53.689445 ], [ 14.3870391, 53.6894546 ], [ 14.3868899, 53.6895692 ], [ 14.3869319, 53.6896423 ], [ 14.3869645, 53.6897306 ], [ 14.3870111, 53.6897679 ], [ 14.3872535, 53.6896961 ], [ 14.3875378, 53.6895788 ], [ 14.3875844, 53.6894698 ], [ 14.3875332, 53.689209 ], [ 14.3875495, 53.6890406 ], [ 14.3875961, 53.6889813 ], [ 14.3875192, 53.6888281 ], [ 14.3874912, 53.6887991 ], [ 14.3875192, 53.6887108 ], [ 14.3876404, 53.6886003 ], [ 14.3877383, 53.6885369 ], [ 14.3878455, 53.6885286 ], [ 14.3879643, 53.6885479 ], [ 14.3881018, 53.6886003 ], [ 14.3882277, 53.6886445 ], [ 14.3887101, 53.6885024 ], [ 14.3888826, 53.6883726 ], [ 14.3891692, 53.6882967 ], [ 14.3892228, 53.6881974 ], [ 14.3890644, 53.6879738 ], [ 14.3889012, 53.6878689 ], [ 14.3889245, 53.6877957 ], [ 14.3890154, 53.6877102 ], [ 14.3889618, 53.6874811 ], [ 14.3889921, 53.6874052 ], [ 14.3892042, 53.6872216 ], [ 14.3892764, 53.6871498 ], [ 14.3893114, 53.6870836 ], [ 14.3892531, 53.6869925 ], [ 14.3892275, 53.6869414 ], [ 14.3892648, 53.6869097 ], [ 14.389365, 53.686947 ], [ 14.3895025, 53.6869801 ], [ 14.3895887, 53.6869359 ], [ 14.389668, 53.6868586 ], [ 14.3897729, 53.686831 ], [ 14.3899034, 53.6867703 ], [ 14.3899849, 53.6867275 ], [ 14.3900758, 53.6867758 ], [ 14.3901877, 53.6867385 ], [ 14.3902832, 53.6866792 ], [ 14.3903671, 53.6866461 ], [ 14.3904487, 53.6865729 ], [ 14.3904813, 53.6864984 ], [ 14.3905046, 53.6864611 ], [ 14.3906375, 53.6865232 ], [ 14.3908682, 53.6865039 ], [ 14.3911199, 53.686446 ], [ 14.3912551, 53.6864391 ], [ 14.3914625, 53.6864763 ], [ 14.3915674, 53.6864749 ], [ 14.3916839, 53.6864004 ], [ 14.3917538, 53.6862997 ], [ 14.3918354, 53.6862237 ], [ 14.3919613, 53.6861396 ], [ 14.3920032, 53.6860209 ], [ 14.3919962, 53.685967 ], [ 14.3917923, 53.6858702 ], [ 14.3915747, 53.6858256 ], [ 14.3913804, 53.6859694 ], [ 14.3912503, 53.6861003 ], [ 14.3911091, 53.6861362 ], [ 14.3909191, 53.6861735 ], [ 14.3907058, 53.6862573 ], [ 14.3904677, 53.6863072 ], [ 14.3901205, 53.6864526 ], [ 14.389875, 53.686576 ], [ 14.3896344, 53.6866861 ], [ 14.3894658, 53.686742 ], [ 14.389307, 53.6868051 ], [ 14.3892029, 53.6868697 ], [ 14.3889325, 53.6870034 ], [ 14.3887316, 53.6871033 ], [ 14.388563, 53.6872663 ], [ 14.3885431, 53.6873353 ], [ 14.3885431, 53.6874396 ], [ 14.3883274, 53.6877436 ], [ 14.3882186, 53.687883 ], [ 14.3879432, 53.6880627 ], [ 14.3877696, 53.6882123 ], [ 14.3876556, 53.6882642 ], [ 14.3875241, 53.6883151 ], [ 14.3872961, 53.6884096 ], [ 14.3872102, 53.6884875 ], [ 14.3870962, 53.6886713 ], [ 14.3870681, 53.6887201 ], [ 14.3869541, 53.6888458 ], [ 14.386763, 53.6889486 ], [ 14.3865613, 53.6890493 ], [ 14.386435, 53.689123 ], [ 14.3862702, 53.6892206 ], [ 14.3859527, 53.6893951 ], [ 14.3858616, 53.6895291 ], [ 14.3858598, 53.6895987 ], [ 14.3858598, 53.6896288 ], [ 14.3858212, 53.6896952 ], [ 14.3857528, 53.6897887 ], [ 14.385595, 53.6897825 ], [ 14.3854354, 53.6898292 ], [ 14.3853197, 53.6899081 ], [ 14.3852618, 53.6901086 ], [ 14.3847795, 53.6903754 ], [ 14.3846217, 53.6904731 ], [ 14.3844358, 53.6906164 ], [ 14.3843586, 53.6906932 ], [ 14.3842727, 53.6907981 ], [ 14.3840079, 53.6909653 ], [ 14.3838378, 53.691066 ], [ 14.3837606, 53.6911231 ], [ 14.3836712, 53.6912945 ], [ 14.3835922, 53.6913474 ], [ 14.3833625, 53.6913713 ], [ 14.3832082, 53.6913869 ], [ 14.3831328, 53.6914398 ], [ 14.3830574, 53.6915427 ], [ 14.3829802, 53.6916631 ], [ 14.3829153, 53.6917244 ], [ 14.3829549, 53.6917841 ] ] ] ] } },
{ "type": "Feature", "properties": { "fid": 48, "full_id": "w324777488", "osm_id": "324777488", "osm_type": "way", "name": null, "place": null, "wetland": "reedbed", "landuse": "grass", "wikipedia": null, "wikidata": null, "water": null, "type": null, "source:alt_name:pl": null, "part_of": null, "natural": "wetland", "name:sk": null, "name:pl": null, "name:en": null, "name:de": null, "alt_name:pl": null, "alt_name:de": null, "wojewodztwo": null, "powiat": null, "gmina": null, "obreb": null, "arkusz": null, "nr_dzialki": null, "teryt": null, "pow_m2": null, "layer": "zalew_maska", "path": "C:/RDOS_Monitoring_Lokalny/zalew_maska.gpkg" }, "geometry": { "type": "MultiPolygon", "coordinates": [ [ [ [ 14.3922549, 53.6857844 ], [ 14.3923467, 53.6858006 ], [ 14.3923417, 53.6859195 ], [ 14.3923591, 53.6859783 ], [ 14.3925575, 53.6859842 ], [ 14.392803, 53.6858858 ], [ 14.3929369, 53.6858285 ], [ 14.3930857, 53.6857506 ], [ 14.3931229, 53.6856566 ], [ 14.3931502, 53.6855891 ], [ 14.3931874, 53.6855259 ], [ 14.3931924, 53.6854833 ], [ 14.393113, 53.6854613 ], [ 14.3931676, 53.6853526 ], [ 14.3930609, 53.6853497 ], [ 14.3928898, 53.6852718 ], [ 14.3927509, 53.6853614 ], [ 14.3926939, 53.6854569 ], [ 14.3925972, 53.685523 ], [ 14.3924558, 53.6855876 ], [ 14.3922326, 53.6856522 ], [ 14.3922549, 53.6857844 ] ] ] ] } },
{ "type": "Feature", "properties": { "fid": 49, "full_id": "w324777490", "osm_id": "324777490", "osm_type": "way", "name": null, "place": null, "wetland": "reedbed", "landuse": "grass", "wikipedia": null, "wikidata": null, "water": null, "type": null, "source:alt_name:pl": null, "part_of": null, "natural": "wetland", "name:sk": null, "name:pl": null, "name:en": null, "name:de": null, "alt_name:pl": null, "alt_name:de": null, "wojewodztwo": null, "powiat": null, "gmina": null, "obreb": null, "arkusz": null, "nr_dzialki": null, "teryt": null, "pow_m2": null, "layer": "zalew_maska", "path": "C:/RDOS_Monitoring_Lokalny/zalew_maska.gpkg" }, "geometry": { "type": "MultiPolygon", "coordinates": [ [ [ [ 14.3807753, 53.693035 ], [ 14.3808329, 53.6930813 ], [ 14.3809255, 53.6930654 ], [ 14.3810161, 53.6930203 ], [ 14.3810922, 53.693013 ], [ 14.3812445, 53.6929789 ], [ 14.3812486, 53.6928863 ], [ 14.3812898, 53.6928193 ], [ 14.3813597, 53.6927669 ], [ 14.3813762, 53.6927108 ], [ 14.3812918, 53.6926109 ], [ 14.3812321, 53.692539 ], [ 14.3812003, 53.6925253 ], [ 14.3811786, 53.6925159 ], [ 14.3810552, 53.6926073 ], [ 14.380979, 53.6927035 ], [ 14.3809708, 53.6927754 ], [ 14.3809646, 53.6928059 ], [ 14.3809461, 53.6928814 ], [ 14.3809152, 53.6929192 ], [ 14.3808638, 53.6929728 ], [ 14.3808288, 53.6930155 ], [ 14.3807753, 53.693035 ] ] ] ] } },
{ "type": "Feature", "properties": { "fid": 50, "full_id": "w324777494", "osm_id": "324777494", "osm_type": "way", "name": null, "place": null, "wetland": "reedbed", "landuse": "grass", "wikipedia": null, "wikidata": null, "water": null, "type": null, "source:alt_name:pl": null, "part_of": null, "natural": "wetland", "name:sk": null, "name:pl": null, "name:en": null, "name:de": null, "alt_name:pl": null, "alt_name:de": null, "wojewodztwo": null, "powiat": null, "gmina": null, "obreb": null, "arkusz": null, "nr_dzialki": null, "teryt": null, "pow_m2": null, "layer": "zalew_maska", "path": "C:/RDOS_Monitoring_Lokalny/zalew_maska.gpkg" }, "geometry": { "type": "MultiPolygon", "coordinates": [ [ [ [ 14.381603, 53.6923898 ], [ 14.3815289, 53.6924142 ], [ 14.3815186, 53.6924653 ], [ 14.3815515, 53.6925616 ], [ 14.3815762, 53.6925799 ], [ 14.3817079, 53.6925384 ], [ 14.3817449, 53.6925567 ], [ 14.3817984, 53.692575 ], [ 14.3818993, 53.6925275 ], [ 14.3820186, 53.692469 ], [ 14.3820886, 53.69238 ], [ 14.3821071, 53.6923252 ], [ 14.38221, 53.6923021 ], [ 14.3822779, 53.6922887 ], [ 14.3821853, 53.692257 ], [ 14.3821874, 53.692218 ], [ 14.3822388, 53.6921924 ], [ 14.3822861, 53.6921571 ], [ 14.3822841, 53.6920949 ], [ 14.382282, 53.6920352 ], [ 14.3821586, 53.6920584 ], [ 14.3819075, 53.6922168 ], [ 14.3817367, 53.6923045 ], [ 14.3816606, 53.6923593 ], [ 14.381603, 53.6923898 ] ] ] ] } },
{ "type": "Feature", "properties": { "fid": 51, "full_id": "w324777497", "osm_id": "324777497", "osm_type": "way", "name": null, "place": null, "wetland": "reedbed", "landuse": "grass", "wikipedia": null, "wikidata": null, "water": null, "type": null, "source:alt_name:pl": null, "part_of": null, "natural": "wetland", "name:sk": null, "name:pl": null, "name:en": null, "name:de": null, "alt_name:pl": null, "alt_name:de": null, "wojewodztwo": null, "powiat": null, "gmina": null, "obreb": null, "arkusz": null, "nr_dzialki": null, "teryt": null, "pow_m2": null, "layer": "zalew_maska", "path": "C:/RDOS_Monitoring_Lokalny/zalew_maska.gpkg" }, "geometry": { "type": "MultiPolygon", "coordinates": [ [ [ [ 14.3783114, 53.6945765 ], [ 14.3782455, 53.6946118 ], [ 14.3782342, 53.6946171 ], [ 14.3781756, 53.6946447 ], [ 14.3782229, 53.6946947 ], [ 14.378299, 53.6946812 ], [ 14.3783567, 53.6947336 ], [ 14.3784328, 53.6947653 ], [ 14.3784781, 53.6947154 ], [ 14.3785604, 53.6947105 ], [ 14.3785871, 53.6947592 ], [ 14.3786159, 53.6948116 ], [ 14.3787065, 53.694797 ], [ 14.3787086, 53.6947361 ], [ 14.3787332, 53.6947056 ], [ 14.3788279, 53.6946715 ], [ 14.3789164, 53.6946959 ], [ 14.3789514, 53.6947836 ], [ 14.3791592, 53.6947202 ], [ 14.3793033, 53.6946057 ], [ 14.3793876, 53.6945009 ], [ 14.3794679, 53.6944363 ], [ 14.3793959, 53.6943827 ], [ 14.3793465, 53.6943584 ], [ 14.3793773, 53.6943182 ], [ 14.3794473, 53.6942475 ], [ 14.3794288, 53.6941817 ], [ 14.379367, 53.6941488 ], [ 14.3794061, 53.6940806 ], [ 14.3794658, 53.6940209 ], [ 14.3795749, 53.6940172 ], [ 14.3796469, 53.6939843 ], [ 14.379723, 53.6939965 ], [ 14.3798218, 53.6939965 ], [ 14.3800564, 53.693921 ], [ 14.3803178, 53.6938259 ], [ 14.3803301, 53.6937504 ], [ 14.3804186, 53.6936882 ], [ 14.3804906, 53.6936444 ], [ 14.3805729, 53.693648 ], [ 14.3806449, 53.6935713 ], [ 14.3806882, 53.6934665 ], [ 14.3807396, 53.6934019 ], [ 14.3807952, 53.6933422 ], [ 14.380791, 53.6932825 ], [ 14.3807231, 53.6932508 ], [ 14.3806614, 53.693235 ], [ 14.3806285, 53.6931887 ], [ 14.38061, 53.6931631 ], [ 14.3805071, 53.6931667 ], [ 14.3803095, 53.693341 ], [ 14.3802478, 53.6933739 ], [ 14.3801305, 53.6934775 ], [ 14.3799926, 53.6935566 ], [ 14.3797395, 53.6936651 ], [ 14.379116, 53.6939843 ], [ 14.3789843, 53.6940964 ], [ 14.3789669, 53.6941256 ], [ 14.3790154, 53.6941362 ], [ 14.3790342, 53.69416 ], [ 14.3790275, 53.6941866 ], [ 14.3789884, 53.6942548 ], [ 14.3789431, 53.6942719 ], [ 14.3788176, 53.6942633 ], [ 14.3787127, 53.6943377 ], [ 14.378581, 53.6944437 ], [ 14.3784184, 53.6945363 ], [ 14.3783114, 53.6945765 ] ] ] ] } },
{ "type": "Feature", "properties": { "fid": 52, "full_id": "w324777502", "osm_id": "324777502", "osm_type": "way", "name": null, "place": null, "wetland": "reedbed", "landuse": "grass", "wikipedia": null, "wikidata": null, "water": null, "type": null, "source:alt_name:pl": null, "part_of": null, "natural": "wetland", "name:sk": null, "name:pl": null, "name:en": null, "name:de": null, "alt_name:pl": null, "alt_name:de": null, "wojewodztwo": null, "powiat": null, "gmina": null, "obreb": null, "arkusz": null, "nr_dzialki": null, "teryt": null, "pow_m2": null, "layer": "zalew_maska", "path": "C:/RDOS_Monitoring_Lokalny/zalew_maska.gpkg" }, "geometry": { "type": "MultiPolygon", "coordinates": [ [ [ [ 14.3673846, 53.6991497 ], [ 14.3674736, 53.6992058 ], [ 14.3676244, 53.6992012 ], [ 14.3676766, 53.6992252 ], [ 14.3677501, 53.6992149 ], [ 14.3679009, 53.6992229 ], [ 14.3679125, 53.6992493 ], [ 14.3680072, 53.6992584 ], [ 14.3681155, 53.6992286 ], [ 14.3681832, 53.6991771 ], [ 14.3682161, 53.6991874 ], [ 14.3682219, 53.6992561 ], [ 14.368334, 53.6992596 ], [ 14.3684268, 53.6992195 ], [ 14.3685177, 53.6992046 ], [ 14.3686008, 53.6992229 ], [ 14.368742, 53.6990993 ], [ 14.3688465, 53.699089 ], [ 14.3689278, 53.6990272 ], [ 14.3690438, 53.6989745 ], [ 14.3692062, 53.6989219 ], [ 14.3693725, 53.6989058 ], [ 14.3694576, 53.6989402 ], [ 14.3696703, 53.698899 ], [ 14.3699255, 53.6988326 ], [ 14.3702194, 53.6987387 ], [ 14.3703354, 53.6986471 ], [ 14.3704359, 53.6985716 ], [ 14.3704707, 53.6985349 ], [ 14.3702774, 53.6986242 ], [ 14.3703625, 53.6985326 ], [ 14.3704591, 53.6984594 ], [ 14.3705288, 53.6983541 ], [ 14.3706409, 53.6983426 ], [ 14.3707647, 53.6983495 ], [ 14.3708536, 53.6983655 ], [ 14.3709193, 53.6983449 ], [ 14.371016, 53.6983586 ], [ 14.3711591, 53.6983014 ], [ 14.3713099, 53.698235 ], [ 14.3713331, 53.6981526 ], [ 14.371337, 53.6980748 ], [ 14.3713409, 53.6979809 ], [ 14.3713447, 53.697903 ], [ 14.3712832, 53.6979352 ], [ 14.3712559, 53.6978972 ], [ 14.371286, 53.6978607 ], [ 14.3713215, 53.6978227 ], [ 14.3712805, 53.6978041 ], [ 14.3708908, 53.6979538 ], [ 14.3709264, 53.6980032 ], [ 14.3709127, 53.6980542 ], [ 14.3708457, 53.6980817 ], [ 14.37075, 53.6980939 ], [ 14.3704738, 53.6981497 ], [ 14.3701881, 53.6982218 ], [ 14.3700582, 53.6982776 ], [ 14.3700021, 53.6983221 ], [ 14.3699283, 53.6983882 ], [ 14.3698355, 53.6984237 ], [ 14.3697388, 53.6984535 ], [ 14.3696692, 53.6985382 ], [ 14.3695106, 53.6985966 ], [ 14.3693888, 53.6985966 ], [ 14.3692747, 53.6986046 ], [ 14.3682693, 53.698885 ], [ 14.3680063, 53.6989526 ], [ 14.3678188, 53.6989468 ], [ 14.3676409, 53.6990052 ], [ 14.3674765, 53.6990464 ], [ 14.3673818, 53.6990934 ], [ 14.3673528, 53.6991151 ], [ 14.3673846, 53.6991497 ] ] ] ] } },
{ "type": "Feature", "properties": { "fid": 53, "full_id": "w324777511", "osm_id": "324777511", "osm_type": "way", "name": null, "place": null, "wetland": "reedbed", "landuse": "grass", "wikipedia": null, "wikidata": null, "water": null, "type": null, "source:alt_name:pl": null, "part_of": null, "natural": "wetland", "name:sk": null, "name:pl": null, "name:en": null, "name:de": null, "alt_name:pl": null, "alt_name:de": null, "wojewodztwo": null, "powiat": null, "gmina": null, "obreb": null, "arkusz": null, "nr_dzialki": null, "teryt": null, "pow_m2": null, "layer": "zalew_maska", "path": "C:/RDOS_Monitoring_Lokalny/zalew_maska.gpkg" }, "geometry": { "type": "MultiPolygon", "coordinates": [ [ [ [ 14.3668925, 53.6991827 ], [ 14.3670511, 53.6992588 ], [ 14.3671413, 53.6992733 ], [ 14.3672151, 53.6992669 ], [ 14.3672343, 53.6992118 ], [ 14.3671741, 53.6991875 ], [ 14.3670948, 53.6991859 ], [ 14.367021, 53.6991681 ], [ 14.3669155, 53.6991545 ], [ 14.3668925, 53.6991827 ] ] ] ] } },
{ "type": "Feature", "properties": { "fid": 54, "full_id": "w324777514", "osm_id": "324777514", "osm_type": "way", "name": null, "place": null, "wetland": "reedbed", "landuse": "grass", "wikipedia": null, "wikidata": null, "water": null, "type": null, "source:alt_name:pl": null, "part_of": null, "natural": "wetland", "name:sk": null, "name:pl": null, "name:en": null, "name:de": null, "alt_name:pl": null, "alt_name:de": null, "wojewodztwo": null, "powiat": null, "gmina": null, "obreb": null, "arkusz": null, "nr_dzialki": null, "teryt": null, "pow_m2": null, "layer": "zalew_maska", "path": "C:/RDOS_Monitoring_Lokalny/zalew_maska.gpkg" }, "geometry": { "type": "MultiPolygon", "coordinates": [ [ [ [ 14.372482, 53.6973758 ], [ 14.3726775, 53.6974074 ], [ 14.3725808, 53.6974586 ], [ 14.3725643, 53.6975122 ], [ 14.3726549, 53.6975061 ], [ 14.3727578, 53.6974842 ], [ 14.3728257, 53.6975244 ], [ 14.3728895, 53.6975207 ], [ 14.373336, 53.6973624 ], [ 14.3737373, 53.6970992 ], [ 14.3737311, 53.6970541 ], [ 14.3740192, 53.6969384 ], [ 14.3742476, 53.696925 ], [ 14.3748732, 53.6966533 ], [ 14.3748876, 53.6964791 ], [ 14.3749699, 53.6964632 ], [ 14.3750563, 53.6964571 ], [ 14.3753732, 53.6962817 ], [ 14.3754308, 53.6962378 ], [ 14.3756305, 53.6962439 ], [ 14.3760173, 53.6959625 ], [ 14.3759823, 53.6959028 ], [ 14.3760585, 53.6958735 ], [ 14.3762272, 53.6958492 ], [ 14.3762787, 53.6957797 ], [ 14.3763548, 53.6957383 ], [ 14.3764803, 53.6957554 ], [ 14.3766285, 53.6957395 ], [ 14.3766655, 53.6958224 ], [ 14.3767828, 53.6958382 ], [ 14.3769536, 53.6957907 ], [ 14.3770771, 53.695742 ], [ 14.3771697, 53.6956786 ], [ 14.3773076, 53.6956457 ], [ 14.3773858, 53.6957005 ], [ 14.3774887, 53.6958443 ], [ 14.3776204, 53.6958406 ], [ 14.3777109, 53.6957846 ], [ 14.3777685, 53.6958187 ], [ 14.3777994, 53.6958516 ], [ 14.3780792, 53.6957176 ], [ 14.3781616, 53.695469 ], [ 14.3781677, 53.6953435 ], [ 14.3781698, 53.695307 ], [ 14.37825, 53.6952351 ], [ 14.3784188, 53.6952546 ], [ 14.378532, 53.6951986 ], [ 14.378604, 53.6951669 ], [ 14.3788036, 53.6951535 ], [ 14.3789353, 53.6950584 ], [ 14.3789394, 53.6949927 ], [ 14.3787851, 53.6949622 ], [ 14.3786842, 53.6949939 ], [ 14.3785999, 53.6950219 ], [ 14.3784805, 53.6950195 ], [ 14.3785134, 53.6949744 ], [ 14.378534, 53.6949269 ], [ 14.3785052, 53.6948915 ], [ 14.3784064, 53.6949098 ], [ 14.3784044, 53.6948745 ], [ 14.3784826, 53.6948416 ], [ 14.3784167, 53.6947953 ], [ 14.3783303, 53.6947697 ], [ 14.3782171, 53.6947563 ], [ 14.3781554, 53.6947709 ], [ 14.3780237, 53.6948343 ], [ 14.3778014, 53.6950231 ], [ 14.3776162, 53.6952449 ], [ 14.3775998, 53.6952887 ], [ 14.3776656, 53.6953411 ], [ 14.3776697, 53.6954325 ], [ 14.3776162, 53.6954837 ], [ 14.3774539, 53.6954393 ], [ 14.3773096, 53.6954264 ], [ 14.3770154, 53.6954593 ], [ 14.3767108, 53.6955689 ], [ 14.3765688, 53.6955848 ], [ 14.3763733, 53.6955982 ], [ 14.3761037, 53.6956725 ], [ 14.3759041, 53.6957749 ], [ 14.3757663, 53.6958638 ], [ 14.3755481, 53.6959674 ], [ 14.3752889, 53.6960356 ], [ 14.3749576, 53.6961928 ], [ 14.3746468, 53.6963938 ], [ 14.374404, 53.6965375 ], [ 14.374085, 53.696646 ], [ 14.373904, 53.6966569 ], [ 14.3735521, 53.6967605 ], [ 14.3732722, 53.6968982 ], [ 14.3731961, 53.6969664 ], [ 14.3731693, 53.6970919 ], [ 14.3729512, 53.6972149 ], [ 14.3728318, 53.6972685 ], [ 14.3726631, 53.6973124 ], [ 14.372517, 53.69731 ], [ 14.372482, 53.6973758 ] ] ] ] } },
{ "type": "Feature", "properties": { "fid": 55, "full_id": "w324799131", "osm_id": "324799131", "osm_type": "way", "name": null, "place": null, "wetland": null, "landuse": null, "wikipedia": null, "wikidata": null, "water": null, "type": null, "source:alt_name:pl": null, "part_of": null, "natural": "wetland", "name:sk": null, "name:pl": null, "name:en": null, "name:de": null, "alt_name:pl": null, "alt_name:de": null, "wojewodztwo": null, "powiat": null, "gmina": null, "obreb": null, "arkusz": null, "nr_dzialki": null, "teryt": null, "pow_m2": null, "layer": "zalew_maska", "path": "C:/RDOS_Monitoring_Lokalny/zalew_maska.gpkg" }, "geometry": { "type": "MultiPolygon", "coordinates": [ [ [ [ 14.2732796, 53.7392321 ], [ 14.2732714, 53.7393268 ], [ 14.2733166, 53.7393801 ], [ 14.2734355, 53.7394553 ], [ 14.2735258, 53.7394844 ], [ 14.2736283, 53.7394383 ], [ 14.2736611, 53.7393656 ], [ 14.2736611, 53.7392758 ], [ 14.2734929, 53.739254 ], [ 14.2734355, 53.7392103 ], [ 14.2734847, 53.7391763 ], [ 14.2734027, 53.7391739 ], [ 14.2733207, 53.7392079 ], [ 14.2732796, 53.7392321 ] ] ] ] } },
{ "type": "Feature", "properties": { "fid": 56, "full_id": "w324872506", "osm_id": "324872506", "osm_type": "way", "name": null, "place": null, "wetland": "reedbed", "landuse": "grass", "wikipedia": null, "wikidata": null, "water": null, "type": null, "source:alt_name:pl": null, "part_of": null, "natural": "wetland", "name:sk": null, "name:pl": null, "name:en": null, "name:de": null, "alt_name:pl": null, "alt_name:de": null, "wojewodztwo": null, "powiat": null, "gmina": null, "obreb": null, "arkusz": null, "nr_dzialki": null, "teryt": null, "pow_m2": null, "layer": "zalew_maska", "path": "C:/RDOS_Monitoring_Lokalny/zalew_maska.gpkg" }, "geometry": { "type": "MultiPolygon", "coordinates": [ [ [ [ 14.423162, 53.6767803 ], [ 14.4231496, 53.6769071 ], [ 14.4232056, 53.6769678 ], [ 14.4233733, 53.6769881 ], [ 14.4235504, 53.6769807 ], [ 14.4238176, 53.6769641 ], [ 14.4239822, 53.6769329 ], [ 14.4239667, 53.6768795 ], [ 14.4239998, 53.6767674 ], [ 14.4236959, 53.6768389 ], [ 14.423162, 53.6767803 ] ] ] ] } },
{ "type": "Feature", "properties": { "fid": 57, "full_id": "w324872507", "osm_id": "324872507", "osm_type": "way", "name": null, "place": null, "wetland": "reedbed", "landuse": "grass", "wikipedia": null, "wikidata": null, "water": null, "type": null, "source:alt_name:pl": null, "part_of": null, "natural": "wetland", "name:sk": null, "name:pl": null, "name:en": null, "name:de": null, "alt_name:pl": null, "alt_name:de": null, "wojewodztwo": null, "powiat": null, "gmina": null, "obreb": null, "arkusz": null, "nr_dzialki": null, "teryt": null, "pow_m2": null, "layer": "zalew_maska", "path": "C:/RDOS_Monitoring_Lokalny/zalew_maska.gpkg" }, "geometry": { "type": "MultiPolygon", "coordinates": [ [ [ [ 14.4129296, 53.6778858 ], [ 14.4128867, 53.6780198 ], [ 14.4129395, 53.6781321 ], [ 14.4131911, 53.6781449 ], [ 14.4133962, 53.6780805 ], [ 14.4135049, 53.6780235 ], [ 14.4136167, 53.6779296 ], [ 14.4136323, 53.67788 ], [ 14.4135919, 53.6778156 ], [ 14.4135207, 53.6777692 ], [ 14.4129296, 53.6778858 ] ] ] ] } },
{ "type": "Feature", "properties": { "fid": 58, "full_id": "w324872508", "osm_id": "324872508", "osm_type": "way", "name": null, "place": null, "wetland": "reedbed", "landuse": "grass", "wikipedia": null, "wikidata": null, "water": null, "type": null, "source:alt_name:pl": null, "part_of": null, "natural": "wetland", "name:sk": null, "name:pl": null, "name:en": null, "name:de": null, "alt_name:pl": null, "alt_name:de": null, "wojewodztwo": null, "powiat": null, "gmina": null, "obreb": null, "arkusz": null, "nr_dzialki": null, "teryt": null, "pow_m2": null, "layer": "zalew_maska", "path": "C:/RDOS_Monitoring_Lokalny/zalew_maska.gpkg" }, "geometry": { "type": "MultiPolygon", "coordinates": [ [ [ [ 14.4312156, 53.6764936 ], [ 14.4312249, 53.6766482 ], [ 14.4313896, 53.6767807 ], [ 14.43175, 53.6767862 ], [ 14.4320606, 53.6767549 ], [ 14.4324831, 53.6766703 ], [ 14.4325204, 53.6765728 ], [ 14.432769, 53.6765194 ], [ 14.432946, 53.6764973 ], [ 14.4329367, 53.6764329 ], [ 14.4326944, 53.6764071 ], [ 14.4324334, 53.6763188 ], [ 14.4319705, 53.6763188 ], [ 14.4316599, 53.6763795 ], [ 14.4314393, 53.6764274 ], [ 14.4313181, 53.6764053 ], [ 14.4312156, 53.6764936 ] ] ] ] } },
{ "type": "Feature", "properties": { "fid": 59, "full_id": "w324872509", "osm_id": "324872509", "osm_type": "way", "name": null, "place": null, "wetland": "reedbed", "landuse": "grass", "wikipedia": null, "wikidata": null, "water": null, "type": null, "source:alt_name:pl": null, "part_of": null, "natural": "wetland", "name:sk": null, "name:pl": null, "name:en": null, "name:de": null, "alt_name:pl": null, "alt_name:de": null, "wojewodztwo": null, "powiat": null, "gmina": null, "obreb": null, "arkusz": null, "nr_dzialki": null, "teryt": null, "pow_m2": null, "layer": "zalew_maska", "path": "C:/RDOS_Monitoring_Lokalny/zalew_maska.gpkg" }, "geometry": { "type": "MultiPolygon", "coordinates": [ [ [ [ 14.4185892, 53.6771421 ], [ 14.4185646, 53.6772521 ], [ 14.4178761, 53.6771688 ], [ 14.4178136, 53.6772947 ], [ 14.4178074, 53.6773683 ], [ 14.4179037, 53.6774051 ], [ 14.4180497, 53.6774327 ], [ 14.4181056, 53.6775082 ], [ 14.4181616, 53.6775707 ], [ 14.4182517, 53.6775928 ], [ 14.4184381, 53.6775836 ], [ 14.4185623, 53.6775542 ], [ 14.418612, 53.6775321 ], [ 14.4186897, 53.6774198 ], [ 14.41882, 53.6773838 ], [ 14.4190454, 53.6773901 ], [ 14.4192091, 53.677386 ], [ 14.4193399, 53.6773644 ], [ 14.4194657, 53.6772818 ], [ 14.4195278, 53.6772316 ], [ 14.4196828, 53.6771397 ], [ 14.4197336, 53.6770508 ], [ 14.4197113, 53.676977 ], [ 14.4196415, 53.6769104 ], [ 14.4192711, 53.6769606 ], [ 14.4185892, 53.6771421 ] ] ] ] } },
{ "type": "Feature", "properties": { "fid": 60, "full_id": "w324872510", "osm_id": "324872510", "osm_type": "way", "name": null, "place": null, "wetland": "reedbed", "landuse": "grass", "wikipedia": null, "wikidata": null, "water": null, "type": null, "source:alt_name:pl": null, "part_of": null, "natural": "wetland", "name:sk": null, "name:pl": null, "name:en": null, "name:de": null, "alt_name:pl": null, "alt_name:de": null, "wojewodztwo": null, "powiat": null, "gmina": null, "obreb": null, "arkusz": null, "nr_dzialki": null, "teryt": null, "pow_m2": null, "layer": "zalew_maska", "path": "C:/RDOS_Monitoring_Lokalny/zalew_maska.gpkg" }, "geometry": { "type": "MultiPolygon", "coordinates": [ [ [ [ 14.426951, 53.6767209 ], [ 14.426803, 53.6768054 ], [ 14.426862, 53.676868 ], [ 14.4271633, 53.676879 ], [ 14.4273963, 53.6769361 ], [ 14.4276759, 53.6769526 ], [ 14.4280301, 53.6769287 ], [ 14.4279897, 53.6768827 ], [ 14.427822, 53.676879 ], [ 14.4279897, 53.6768036 ], [ 14.4282382, 53.6767318 ], [ 14.4284495, 53.6766913 ], [ 14.4287446, 53.6767318 ], [ 14.4288472, 53.6767686 ], [ 14.4288316, 53.676844 ], [ 14.429046, 53.6768974 ], [ 14.4292728, 53.6769324 ], [ 14.4294685, 53.67689 ], [ 14.4296207, 53.6768772 ], [ 14.4298817, 53.67689 ], [ 14.4300122, 53.6768624 ], [ 14.4300557, 53.6767907 ], [ 14.4299718, 53.6766931 ], [ 14.4299842, 53.6766214 ], [ 14.4300526, 53.6765441 ], [ 14.4301302, 53.6764815 ], [ 14.42995, 53.6764153 ], [ 14.4295897, 53.6764705 ], [ 14.4293163, 53.6765146 ], [ 14.4291237, 53.6765386 ], [ 14.4288969, 53.676557 ], [ 14.4287229, 53.6765386 ], [ 14.4285116, 53.676533 ], [ 14.4282507, 53.6765367 ], [ 14.427794, 53.6766343 ], [ 14.4274875, 53.6766357 ], [ 14.426951, 53.6767209 ] ] ] ] } },
{ "type": "Feature", "properties": { "fid": 61, "full_id": "w324872511", "osm_id": "324872511", "osm_type": "way", "name": null, "place": null, "wetland": "reedbed", "landuse": "grass", "wikipedia": null, "wikidata": null, "water": null, "type": null, "source:alt_name:pl": null, "part_of": null, "natural": "wetland", "name:sk": null, "name:pl": null, "name:en": null, "name:de": null, "alt_name:pl": null, "alt_name:de": null, "wojewodztwo": null, "powiat": null, "gmina": null, "obreb": null, "arkusz": null, "nr_dzialki": null, "teryt": null, "pow_m2": null, "layer": "zalew_maska", "path": "C:/RDOS_Monitoring_Lokalny/zalew_maska.gpkg" }, "geometry": { "type": "MultiPolygon", "coordinates": [ [ [ [ 14.4173471, 53.6771963 ], [ 14.4171263, 53.6772558 ], [ 14.4169602, 53.6773807 ], [ 14.4167438, 53.6774468 ], [ 14.4164142, 53.6774547 ], [ 14.4160883, 53.6775167 ], [ 14.4153479, 53.677613 ], [ 14.415248, 53.6777078 ], [ 14.4150848, 53.6777468 ], [ 14.414569, 53.6777394 ], [ 14.4142456, 53.677713 ], [ 14.4139791, 53.6777264 ], [ 14.4138991, 53.6778313 ], [ 14.4140141, 53.6779564 ], [ 14.4141415, 53.6780134 ], [ 14.4146323, 53.6780392 ], [ 14.414971, 53.6780503 ], [ 14.4152381, 53.6780374 ], [ 14.4155395, 53.6779656 ], [ 14.4158874, 53.6778975 ], [ 14.4160894, 53.6778423 ], [ 14.4162633, 53.6778221 ], [ 14.4163348, 53.6777889 ], [ 14.4163503, 53.6777301 ], [ 14.4164653, 53.6777061 ], [ 14.4166051, 53.6777945 ], [ 14.4167107, 53.6778018 ], [ 14.416894, 53.6777853 ], [ 14.4170245, 53.6776749 ], [ 14.4170897, 53.6776436 ], [ 14.4171022, 53.6775957 ], [ 14.4171394, 53.6775332 ], [ 14.4171394, 53.6774908 ], [ 14.4173041, 53.677443 ], [ 14.4173911, 53.6774154 ], [ 14.4174066, 53.6773528 ], [ 14.4173818, 53.6772571 ], [ 14.4173471, 53.6771963 ] ] ] ] } },
{ "type": "Feature", "properties": { "fid": 62, "full_id": "w324872512", "osm_id": "324872512", "osm_type": "way", "name": null, "place": null, "wetland": "reedbed", "landuse": "grass", "wikipedia": null, "wikidata": null, "water": null, "type": null, "source:alt_name:pl": null, "part_of": null, "natural": "wetland", "name:sk": null, "name:pl": null, "name:en": null, "name:de": null, "alt_name:pl": null, "alt_name:de": null, "wojewodztwo": null, "powiat": null, "gmina": null, "obreb": null, "arkusz": null, "nr_dzialki": null, "teryt": null, "pow_m2": null, "layer": "zalew_maska", "path": "C:/RDOS_Monitoring_Lokalny/zalew_maska.gpkg" }, "geometry": { "type": "MultiPolygon", "coordinates": [ [ [ [ 14.4334843, 53.6765168 ], [ 14.4335371, 53.6766383 ], [ 14.4334937, 53.6767395 ], [ 14.4336272, 53.6768297 ], [ 14.4338012, 53.6769235 ], [ 14.433969, 53.6769934 ], [ 14.4342393, 53.6769622 ], [ 14.4345499, 53.6768885 ], [ 14.4346338, 53.6768499 ], [ 14.434929, 53.6768057 ], [ 14.4350905, 53.6767965 ], [ 14.435339, 53.6768039 ], [ 14.4355317, 53.6767965 ], [ 14.435861, 53.6767726 ], [ 14.4360443, 53.67678 ], [ 14.4362151, 53.6767284 ], [ 14.4364606, 53.6767211 ], [ 14.4366967, 53.6766788 ], [ 14.4369297, 53.676607 ], [ 14.4369421, 53.6764837 ], [ 14.4369421, 53.6764414 ], [ 14.4372838, 53.6764211 ], [ 14.4373832, 53.676377 ], [ 14.4374764, 53.6762941 ], [ 14.4375728, 53.6762095 ], [ 14.4378586, 53.6761911 ], [ 14.4380325, 53.6761672 ], [ 14.4381786, 53.6762279 ], [ 14.4382096, 53.6763512 ], [ 14.4382624, 53.6763678 ], [ 14.438396, 53.676399 ], [ 14.4386197, 53.6763273 ], [ 14.4388061, 53.676353 ], [ 14.4389646, 53.6762978 ], [ 14.4391168, 53.6762555 ], [ 14.439384, 53.676261 ], [ 14.4396946, 53.6762886 ], [ 14.4399991, 53.676296 ], [ 14.4402072, 53.6762849 ], [ 14.4402352, 53.6762408 ], [ 14.4402197, 53.6761635 ], [ 14.4401948, 53.6760862 ], [ 14.4398997, 53.6760402 ], [ 14.4395921, 53.6760107 ], [ 14.4394212, 53.6760034 ], [ 14.4391851, 53.6760126 ], [ 14.4389149, 53.6760199 ], [ 14.4387906, 53.6760273 ], [ 14.4385669, 53.6760531 ], [ 14.4383836, 53.6760678 ], [ 14.4382438, 53.6760402 ], [ 14.43793, 53.6760457 ], [ 14.4377312, 53.6760549 ], [ 14.4374889, 53.676066 ], [ 14.4372683, 53.676066 ], [ 14.4370539, 53.6760825 ], [ 14.4368365, 53.6761432 ], [ 14.4366532, 53.6762003 ], [ 14.4365662, 53.6762113 ], [ 14.4362524, 53.6762481 ], [ 14.4361002, 53.6762757 ], [ 14.4359355, 53.6763052 ], [ 14.4357647, 53.6763254 ], [ 14.4356373, 53.6763162 ], [ 14.4354882, 53.6762978 ], [ 14.4353701, 53.6762849 ], [ 14.4351185, 53.6763015 ], [ 14.4348855, 53.6763365 ], [ 14.4347208, 53.6763567 ], [ 14.4342362, 53.6764598 ], [ 14.4340342, 53.6765076 ], [ 14.4337639, 53.6764892 ], [ 14.433534, 53.67648 ], [ 14.4334843, 53.6765168 ] ] ] ] } },
{ "type": "Feature", "properties": { "fid": 63, "full_id": "w324872513", "osm_id": "324872513", "osm_type": "way", "name": null, "place": null, "wetland": "reedbed", "landuse": "grass", "wikipedia": null, "wikidata": null, "water": null, "type": null, "source:alt_name:pl": null, "part_of": null, "natural": "wetland", "name:sk": null, "name:pl": null, "name:en": null, "name:de": null, "alt_name:pl": null, "alt_name:de": null, "wojewodztwo": null, "powiat": null, "gmina": null, "obreb": null, "arkusz": null, "nr_dzialki": null, "teryt": null, "pow_m2": null, "layer": "zalew_maska", "path": "C:/RDOS_Monitoring_Lokalny/zalew_maska.gpkg" }, "geometry": { "type": "MultiPolygon", "coordinates": [ [ [ [ 14.4207143, 53.6767536 ], [ 14.420616, 53.6767394 ], [ 14.4204512, 53.6767482 ], [ 14.4204546, 53.6768815 ], [ 14.4205331, 53.6769294 ], [ 14.4206757, 53.6769575 ], [ 14.4208037, 53.6769676 ], [ 14.4209905, 53.6769247 ], [ 14.4210832, 53.6768486 ], [ 14.4210819, 53.6767689 ], [ 14.4209415, 53.6767179 ], [ 14.4207862, 53.6767639 ], [ 14.4207143, 53.6767536 ] ] ] ] } },
{ "type": "Feature", "properties": { "fid": 64, "full_id": "w324874097", "osm_id": "324874097", "osm_type": "way", "name": null, "place": null, "wetland": "reedbed", "landuse": "grass", "wikipedia": null, "wikidata": null, "water": null, "type": null, "source:alt_name:pl": null, "part_of": null, "natural": "wetland", "name:sk": null, "name:pl": null, "name:en": null, "name:de": null, "alt_name:pl": null, "alt_name:de": null, "wojewodztwo": null, "powiat": null, "gmina": null, "obreb": null, "arkusz": null, "nr_dzialki": null, "teryt": null, "pow_m2": null, "layer": "zalew_maska", "path": "C:/RDOS_Monitoring_Lokalny/zalew_maska.gpkg" }, "geometry": { "type": "MultiPolygon", "coordinates": [ [ [ [ 14.441105, 53.6760685 ], [ 14.4410521, 53.6761432 ], [ 14.441004, 53.6762476 ], [ 14.4410329, 53.6763254 ], [ 14.4412155, 53.6763102 ], [ 14.4414814, 53.676333 ], [ 14.4417281, 53.6763368 ], [ 14.4420773, 53.6763424 ], [ 14.4423208, 53.6763235 ], [ 14.4426091, 53.6763197 ], [ 14.4427885, 53.6763671 ], [ 14.4430705, 53.6763368 ], [ 14.4431794, 53.6761887 ], [ 14.4433908, 53.6761375 ], [ 14.4434165, 53.6762362 ], [ 14.4433011, 53.6763026 ], [ 14.4433684, 53.6764184 ], [ 14.4435574, 53.6764677 ], [ 14.4437625, 53.6764051 ], [ 14.443817, 53.6763102 ], [ 14.4439451, 53.6762514 ], [ 14.4440508, 53.6761792 ], [ 14.444054, 53.6760825 ], [ 14.444038, 53.6759724 ], [ 14.4442847, 53.6759154 ], [ 14.444493, 53.6758661 ], [ 14.4446147, 53.6758813 ], [ 14.4447364, 53.6760084 ], [ 14.4448422, 53.6759287 ], [ 14.4449511, 53.6758965 ], [ 14.4451273, 53.6758718 ], [ 14.4453227, 53.6758737 ], [ 14.4453804, 53.6759136 ], [ 14.4453195, 53.6760141 ], [ 14.4453708, 53.6761147 ], [ 14.4454669, 53.6761754 ], [ 14.4456752, 53.6762286 ], [ 14.4458417, 53.6762362 ], [ 14.4461557, 53.6761982 ], [ 14.4462871, 53.6761887 ], [ 14.4464985, 53.6761584 ], [ 14.446742, 53.676109 ], [ 14.4467965, 53.6760388 ], [ 14.4467292, 53.6759933 ], [ 14.4466299, 53.6759022 ], [ 14.4466651, 53.6758282 ], [ 14.4467548, 53.6757446 ], [ 14.4467901, 53.6756744 ], [ 14.4469439, 53.6756232 ], [ 14.4470656, 53.6756346 ], [ 14.4470976, 53.6758092 ], [ 14.4472066, 53.6758965 ], [ 14.4474148, 53.6758927 ], [ 14.4475782, 53.6758965 ], [ 14.4476583, 53.6759173 ], [ 14.44778, 53.6760331 ], [ 14.4479114, 53.6760919 ], [ 14.4481036, 53.6760654 ], [ 14.4482446, 53.6760274 ], [ 14.4482446, 53.6759762 ], [ 14.44811, 53.6758623 ], [ 14.4483727, 53.6757352 ], [ 14.4484464, 53.6756934 ], [ 14.4485714, 53.6755682 ], [ 14.4485265, 53.6755055 ], [ 14.44844, 53.6754315 ], [ 14.4484657, 53.6753082 ], [ 14.448046, 53.6753974 ], [ 14.4473315, 53.675496 ], [ 14.4458653, 53.6754977 ], [ 14.4455438, 53.6755473 ], [ 14.4449183, 53.675654 ], [ 14.4444793, 53.6757055 ], [ 14.4442073, 53.6757348 ], [ 14.4439395, 53.6757822 ], [ 14.4436775, 53.6758583 ], [ 14.443488, 53.6759279 ], [ 14.4432339, 53.6759553 ], [ 14.4429904, 53.6760103 ], [ 14.4425611, 53.6760312 ], [ 14.442308, 53.6760312 ], [ 14.4418562, 53.6760255 ], [ 14.4414365, 53.6760236 ], [ 14.4411795, 53.6760096 ], [ 14.441105, 53.6760685 ] ] ] ] } },
{ "type": "Feature", "properties": { "fid": 65, "full_id": "w324986276", "osm_id": "324986276", "osm_type": "way", "name": null, "place": null, "wetland": "reedbed", "landuse": "grass", "wikipedia": null, "wikidata": null, "water": null, "type": null, "source:alt_name:pl": null, "part_of": null, "natural": "wetland", "name:sk": null, "name:pl": null, "name:en": null, "name:de": null, "alt_name:pl": null, "alt_name:de": null, "wojewodztwo": null, "powiat": null, "gmina": null, "obreb": null, "arkusz": null, "nr_dzialki": null, "teryt": null, "pow_m2": null, "layer": "zalew_maska", "path": "C:/RDOS_Monitoring_Lokalny/zalew_maska.gpkg" }, "geometry": { "type": "MultiPolygon", "coordinates": [ [ [ [ 14.451977, 53.6751006 ], [ 14.4521135, 53.6752404 ], [ 14.4521535, 53.6753145 ], [ 14.4521335, 53.6753678 ], [ 14.4519936, 53.675421 ], [ 14.4519286, 53.675424 ], [ 14.4518986, 53.6754891 ], [ 14.4520936, 53.6755069 ], [ 14.4524884, 53.6754447 ], [ 14.4526184, 53.675427 ], [ 14.4527983, 53.6754329 ], [ 14.4530032, 53.675353 ], [ 14.4533656, 53.6752937 ], [ 14.4533955, 53.6752094 ], [ 14.4534655, 53.6751072 ], [ 14.453578, 53.6750732 ], [ 14.4536879, 53.6750998 ], [ 14.4537429, 53.6751901 ], [ 14.4538054, 53.675273 ], [ 14.4539903, 53.675313 ], [ 14.4541103, 53.6753159 ], [ 14.4543477, 53.6753041 ], [ 14.4545126, 53.6753115 ], [ 14.4545576, 53.6753988 ], [ 14.4545801, 53.675538 ], [ 14.4546401, 53.6756031 ], [ 14.4548475, 53.6755957 ], [ 14.4549624, 53.6755113 ], [ 14.4549524, 53.6754166 ], [ 14.4549499, 53.6753396 ], [ 14.4550249, 53.6752493 ], [ 14.4553573, 53.6752523 ], [ 14.4557646, 53.6752553 ], [ 14.456192, 53.6752701 ], [ 14.4566043, 53.6752538 ], [ 14.4568842, 53.6751931 ], [ 14.4570166, 53.6752153 ], [ 14.4570241, 53.6753219 ], [ 14.4572465, 53.6753411 ], [ 14.4574765, 53.6752715 ], [ 14.4576614, 53.6751576 ], [ 14.4577139, 53.6750554 ], [ 14.4576514, 53.6749429 ], [ 14.4575439, 53.6748955 ], [ 14.4575939, 53.6748585 ], [ 14.4578363, 53.674826 ], [ 14.4581687, 53.6747667 ], [ 14.4581712, 53.6748718 ], [ 14.4582711, 53.6749163 ], [ 14.4582387, 53.675048 ], [ 14.4583911, 53.6750939 ], [ 14.458556, 53.6750376 ], [ 14.4587285, 53.6749695 ], [ 14.458741, 53.6748792 ], [ 14.4588384, 53.6747904 ], [ 14.4590658, 53.6747653 ], [ 14.4591283, 53.6747653 ], [ 14.4594457, 53.6747667 ], [ 14.4595357, 53.6747963 ], [ 14.4596531, 53.6748911 ], [ 14.4598305, 53.6749562 ], [ 14.4601354, 53.6750362 ], [ 14.4603728, 53.6750347 ], [ 14.4606052, 53.6749695 ], [ 14.4609401, 53.6749133 ], [ 14.4609801, 53.6748482 ], [ 14.4607652, 53.6747608 ], [ 14.4605852, 53.6747164 ], [ 14.4604253, 53.6746542 ], [ 14.4601904, 53.6745654 ], [ 14.4601679, 53.6744988 ], [ 14.4602729, 53.6744351 ], [ 14.4603328, 53.6743759 ], [ 14.4603428, 53.6742886 ], [ 14.4602104, 53.6742693 ], [ 14.4599805, 53.6744366 ], [ 14.459848, 53.6745077 ], [ 14.4594257, 53.6744929 ], [ 14.4590908, 53.6744929 ], [ 14.4585835, 53.6745521 ], [ 14.4584161, 53.6745625 ], [ 14.4579988, 53.6746157 ], [ 14.4577289, 53.6746838 ], [ 14.4575064, 53.6747179 ], [ 14.4572465, 53.6747105 ], [ 14.4564968, 53.674786 ], [ 14.4562644, 53.6749089 ], [ 14.4560945, 53.6749858 ], [ 14.4556672, 53.6749607 ], [ 14.4554123, 53.6750539 ], [ 14.4550474, 53.6750747 ], [ 14.45472, 53.6750125 ], [ 14.4541827, 53.6750066 ], [ 14.4538579, 53.675014 ], [ 14.4536155, 53.6750169 ], [ 14.4532056, 53.6750125 ], [ 14.4527408, 53.6750865 ], [ 14.4524759, 53.6750983 ], [ 14.452361, 53.6750983 ], [ 14.4521985, 53.6751427 ], [ 14.4520545, 53.6750473 ], [ 14.451977, 53.6751006 ] ] ] ] } },
{ "type": "Feature", "properties": { "fid": 66, "full_id": "w324986278", "osm_id": "324986278", "osm_type": "way", "name": null, "place": null, "wetland": "reedbed", "landuse": null, "wikipedia": null, "wikidata": null, "water": null, "type": null, "source:alt_name:pl": null, "part_of": null, "natural": "wetland", "name:sk": null, "name:pl": null, "name:en": null, "name:de": null, "alt_name:pl": null, "alt_name:de": null, "wojewodztwo": null, "powiat": null, "gmina": null, "obreb": null, "arkusz": null, "nr_dzialki": null, "teryt": null, "pow_m2": null, "layer": "zalew_maska", "path": "C:/RDOS_Monitoring_Lokalny/zalew_maska.gpkg" }, "geometry": { "type": "MultiPolygon", "coordinates": [ [ [ [ 14.4659343, 53.6737214 ], [ 14.4658006, 53.673772 ], [ 14.4659206, 53.6739052 ], [ 14.4661205, 53.6739985 ], [ 14.4669227, 53.6739082 ], [ 14.467495, 53.6737986 ], [ 14.4682547, 53.6737172 ], [ 14.468782, 53.6737142 ], [ 14.4691343, 53.6736091 ], [ 14.4697241, 53.6735973 ], [ 14.4700465, 53.6735129 ], [ 14.4703014, 53.6734744 ], [ 14.4707112, 53.6733693 ], [ 14.4709511, 53.6734951 ], [ 14.471271, 53.6734655 ], [ 14.4713385, 53.6733619 ], [ 14.4711536, 53.6733323 ], [ 14.4713685, 53.6732479 ], [ 14.4715909, 53.6732627 ], [ 14.4722456, 53.6731768 ], [ 14.4723881, 53.6732449 ], [ 14.4726205, 53.6731887 ], [ 14.4731203, 53.6730081 ], [ 14.4732652, 53.6728674 ], [ 14.4736126, 53.6727534 ], [ 14.4743898, 53.6729133 ], [ 14.4746922, 53.6728053 ], [ 14.4747472, 53.6727224 ], [ 14.4748171, 53.6727061 ], [ 14.4749571, 53.6727505 ], [ 14.4757992, 53.6725669 ], [ 14.4760691, 53.6725121 ], [ 14.4762366, 53.6723819 ], [ 14.476439, 53.6723374 ], [ 14.4767839, 53.6724129 ], [ 14.4770113, 53.6724189 ], [ 14.4774236, 53.6723093 ], [ 14.4779609, 53.6722738 ], [ 14.4780059, 53.6721154 ], [ 14.4780434, 53.672028 ], [ 14.4784057, 53.6719688 ], [ 14.4786731, 53.6719747 ], [ 14.4790305, 53.6719836 ], [ 14.4793179, 53.671843 ], [ 14.4794553, 53.6717512 ], [ 14.4795978, 53.6715839 ], [ 14.4796827, 53.6715424 ], [ 14.4798027, 53.6716283 ], [ 14.4797502, 53.6717778 ], [ 14.4802, 53.671763 ], [ 14.4813146, 53.6716446 ], [ 14.4817919, 53.6715913 ], [ 14.4819443, 53.6714803 ], [ 14.4822592, 53.6712064 ], [ 14.4825066, 53.6711324 ], [ 14.482939, 53.671082 ], [ 14.4831089, 53.670934 ], [ 14.4833263, 53.6707904 ], [ 14.4838161, 53.6706053 ], [ 14.4840385, 53.6705772 ], [ 14.4842884, 53.6706364 ], [ 14.4846608, 53.6705905 ], [ 14.4847657, 53.6703684 ], [ 14.4848307, 53.670327 ], [ 14.4850681, 53.6704173 ], [ 14.4852556, 53.6703566 ], [ 14.4854241, 53.670274 ], [ 14.4857441, 53.6700936 ], [ 14.4860744, 53.669953 ], [ 14.4862189, 53.6700324 ], [ 14.486255, 53.6701456 ], [ 14.486931, 53.6701211 ], [ 14.4870704, 53.6700049 ], [ 14.4871736, 53.669797 ], [ 14.4872252, 53.669635 ], [ 14.4872768, 53.6694607 ], [ 14.4873748, 53.6695066 ], [ 14.4874574, 53.6696166 ], [ 14.4877, 53.6696197 ], [ 14.4879941, 53.6696594 ], [ 14.4881592, 53.6695708 ], [ 14.4883708, 53.6694393 ], [ 14.4884482, 53.6693415 ], [ 14.4886134, 53.6692895 ], [ 14.4889127, 53.6691366 ], [ 14.4892068, 53.6691336 ], [ 14.48947, 53.6691489 ], [ 14.4895732, 53.6693659 ], [ 14.4896919, 53.6693996 ], [ 14.4899655, 53.6693384 ], [ 14.4900945, 53.6692803 ], [ 14.4902132, 53.669314 ], [ 14.4904041, 53.6693507 ], [ 14.490595, 53.6692956 ], [ 14.4908015, 53.6690021 ], [ 14.4912092, 53.6687575 ], [ 14.4912453, 53.6685771 ], [ 14.4912814, 53.6685068 ], [ 14.4915652, 53.668357 ], [ 14.4919936, 53.6682561 ], [ 14.4922929, 53.6682133 ], [ 14.4927109, 53.6681827 ], [ 14.4929225, 53.6682378 ], [ 14.4932734, 53.6681797 ], [ 14.4935521, 53.668143 ], [ 14.4937637, 53.6681002 ], [ 14.4938824, 53.6679748 ], [ 14.4938747, 53.6678327 ], [ 14.493781, 53.6678491 ], [ 14.4937079, 53.6678253 ], [ 14.4934901, 53.6679422 ], [ 14.4931927, 53.6679357 ], [ 14.4930139, 53.6678309 ], [ 14.4926745, 53.6678146 ], [ 14.4923224, 53.6678622 ], [ 14.4920833, 53.6679271 ], [ 14.4918498, 53.6679768 ], [ 14.4915816, 53.6680741 ], [ 14.4913189, 53.6681627 ], [ 14.4908919, 53.6683832 ], [ 14.4905343, 53.6686967 ], [ 14.4903519, 53.6688502 ], [ 14.4901366, 53.6689864 ], [ 14.4899979, 53.6690232 ], [ 14.4898373, 53.668954 ], [ 14.4895563, 53.6688286 ], [ 14.4892754, 53.668807 ], [ 14.4889907, 53.6688027 ], [ 14.4886185, 53.6688913 ], [ 14.488312, 53.668967 ], [ 14.4880748, 53.6691118 ], [ 14.487958, 53.6691767 ], [ 14.4877136, 53.6692048 ], [ 14.4875129, 53.6692091 ], [ 14.4869545, 53.6693345 ], [ 14.4866371, 53.6694447 ], [ 14.4865094, 53.669555 ], [ 14.486305, 53.6695917 ], [ 14.4859729, 53.669622 ], [ 14.4855387, 53.6697301 ], [ 14.4851555, 53.6698944 ], [ 14.4848454, 53.669983 ], [ 14.4844732, 53.670076 ], [ 14.4836631, 53.6702533 ], [ 14.4833967, 53.6703073 ], [ 14.4829843, 53.6706532 ], [ 14.4828278, 53.6706573 ], [ 14.4825428, 53.670664 ], [ 14.4821888, 53.6708651 ], [ 14.4818166, 53.670958 ], [ 14.4814006, 53.671105 ], [ 14.4806744, 53.671118 ], [ 14.4804336, 53.6711937 ], [ 14.4795688, 53.6713255 ], [ 14.4791455, 53.6714704 ], [ 14.4787952, 53.671505 ], [ 14.4783536, 53.6716801 ], [ 14.4775435, 53.6718703 ], [ 14.4773027, 53.6719481 ], [ 14.4766787, 53.6720216 ], [ 14.4762153, 53.6719892 ], [ 14.4758394, 53.6720713 ], [ 14.4755694, 53.6721859 ], [ 14.475292, 53.6723264 ], [ 14.4749527, 53.6724086 ], [ 14.4744491, 53.6724756 ], [ 14.473982, 53.6725556 ], [ 14.4737412, 53.6725361 ], [ 14.4735259, 53.6725383 ], [ 14.4732522, 53.6726377 ], [ 14.4717196, 53.6729036 ], [ 14.4709387, 53.6729576 ], [ 14.4706467, 53.6730938 ], [ 14.4704424, 53.6731046 ], [ 14.4699753, 53.6731284 ], [ 14.4691761, 53.6733208 ], [ 14.467899, 53.6734678 ], [ 14.4672093, 53.6735716 ], [ 14.4666035, 53.6736343 ], [ 14.4663481, 53.6736732 ], [ 14.4660467, 53.6737229 ], [ 14.4659343, 53.6737214 ] ] ] ] } },
{ "type": "Feature", "properties": { "fid": 67, "full_id": "w324986279", "osm_id": "324986279", "osm_type": "way", "name": null, "place": null, "wetland": "reedbed", "landuse": "grass", "wikipedia": null, "wikidata": null, "water": null, "type": null, "source:alt_name:pl": null, "part_of": null, "natural": "wetland", "name:sk": null, "name:pl": null, "name:en": null, "name:de": null, "alt_name:pl": null, "alt_name:de": null, "wojewodztwo": null, "powiat": null, "gmina": null, "obreb": null, "arkusz": null, "nr_dzialki": null, "teryt": null, "pow_m2": null, "layer": "zalew_maska", "path": "C:/RDOS_Monitoring_Lokalny/zalew_maska.gpkg" }, "geometry": { "type": "MultiPolygon", "coordinates": [ [ [ [ 14.4608043, 53.6742768 ], [ 14.4608717, 53.6743774 ], [ 14.4611091, 53.6744885 ], [ 14.4612666, 53.6745329 ], [ 14.4614265, 53.6744959 ], [ 14.461584, 53.6745151 ], [ 14.4617614, 53.6745876 ], [ 14.4623037, 53.6745344 ], [ 14.4627235, 53.6743893 ], [ 14.4630484, 53.674336 ], [ 14.4633708, 53.6743138 ], [ 14.4634707, 53.6742886 ], [ 14.4634082, 53.6742013 ], [ 14.4631583, 53.6741361 ], [ 14.4633283, 53.6740473 ], [ 14.4633508, 53.6739526 ], [ 14.4632494, 53.6739354 ], [ 14.4631758, 53.673923 ], [ 14.4631467, 53.6739287 ], [ 14.4629609, 53.6740355 ], [ 14.4626635, 53.6741125 ], [ 14.4625536, 53.6740976 ], [ 14.4622662, 53.6740843 ], [ 14.4620488, 53.6741613 ], [ 14.4618838, 53.6741835 ], [ 14.4616389, 53.6742472 ], [ 14.461464, 53.6742546 ], [ 14.4612316, 53.6742205 ], [ 14.4610152, 53.6741788 ], [ 14.4608992, 53.6741554 ], [ 14.4608043, 53.6742768 ] ] ] ] } },
{ "type": "Feature", "properties": { "fid": 68, "full_id": "w324986280", "osm_id": "324986280", "osm_type": "way", "name": null, "place": null, "wetland": "reedbed", "landuse": "grass", "wikipedia": null, "wikidata": null, "water": null, "type": null, "source:alt_name:pl": null, "part_of": null, "natural": "wetland", "name:sk": null, "name:pl": null, "name:en": null, "name:de": null, "alt_name:pl": null, "alt_name:de": null, "wojewodztwo": null, "powiat": null, "gmina": null, "obreb": null, "arkusz": null, "nr_dzialki": null, "teryt": null, "pow_m2": null, "layer": "zalew_maska", "path": "C:/RDOS_Monitoring_Lokalny/zalew_maska.gpkg" }, "geometry": { "type": "MultiPolygon", "coordinates": [ [ [ [ 14.450478, 53.6751559 ], [ 14.450627, 53.6752987 ], [ 14.450547, 53.6753386 ], [ 14.4502322, 53.6753993 ], [ 14.4501047, 53.6754526 ], [ 14.4500672, 53.6755 ], [ 14.4503846, 53.6755636 ], [ 14.450632, 53.6755873 ], [ 14.4508369, 53.6756229 ], [ 14.4507445, 53.6756983 ], [ 14.450622, 53.6757798 ], [ 14.450682, 53.675836 ], [ 14.4508869, 53.6758804 ], [ 14.4513867, 53.6758834 ], [ 14.4515142, 53.6758227 ], [ 14.4516366, 53.6757724 ], [ 14.4516941, 53.6757117 ], [ 14.4517341, 53.6755651 ], [ 14.4516891, 53.6754659 ], [ 14.4516041, 53.6754008 ], [ 14.4515442, 53.675386 ], [ 14.4514517, 53.6754112 ], [ 14.4513517, 53.6754467 ], [ 14.4512543, 53.6754319 ], [ 14.4512618, 53.675389 ], [ 14.4513567, 53.6753594 ], [ 14.4513517, 53.6753031 ], [ 14.4512818, 53.675238 ], [ 14.4511593, 53.675198 ], [ 14.4511218, 53.6751847 ], [ 14.4511078, 53.6750908 ], [ 14.4508379, 53.6750848 ], [ 14.450478, 53.6751559 ] ] ] ] } },
{ "type": "Feature", "properties": { "fid": 69, "full_id": "w328672312", "osm_id": "328672312", "osm_type": "way", "name": null, "place": null, "wetland": "reedbed", "landuse": null, "wikipedia": null, "wikidata": null, "water": null, "type": null, "source:alt_name:pl": null, "part_of": null, "natural": "wetland", "name:sk": null, "name:pl": null, "name:en": null, "name:de": null, "alt_name:pl": null, "alt_name:de": null, "wojewodztwo": null, "powiat": null, "gmina": null, "obreb": null, "arkusz": null, "nr_dzialki": null, "teryt": null, "pow_m2": null, "layer": "zalew_maska", "path": "C:/RDOS_Monitoring_Lokalny/zalew_maska.gpkg" }, "geometry": { "type": "MultiPolygon", "coordinates": [ [ [ [ 14.5061025, 53.6667088 ], [ 14.5062581, 53.666937 ], [ 14.5064841, 53.6669101 ], [ 14.5067032, 53.6668462 ], [ 14.5068393, 53.6667953 ], [ 14.5070431, 53.6667456 ], [ 14.507219, 53.6667076 ], [ 14.5072873, 53.6666423 ], [ 14.5072094, 53.6665 ], [ 14.5070884, 53.6665427 ], [ 14.5069827, 53.6665969 ], [ 14.5067654, 53.666653 ], [ 14.5066958, 53.6666629 ], [ 14.5066205, 53.6667042 ], [ 14.5065036, 53.6667355 ], [ 14.50642, 53.6667504 ], [ 14.5062919, 53.6667454 ], [ 14.5061025, 53.6667088 ] ] ] ] } },
{ "type": "Feature", "properties": { "fid": 70, "full_id": "w328672313", "osm_id": "328672313", "osm_type": "way", "name": null, "place": null, "wetland": "reedbed", "landuse": null, "wikipedia": null, "wikidata": null, "water": null, "type": null, "source:alt_name:pl": null, "part_of": null, "natural": "wetland", "name:sk": null, "name:pl": null, "name:en": null, "name:de": null, "alt_name:pl": null, "alt_name:de": null, "wojewodztwo": null, "powiat": null, "gmina": null, "obreb": null, "arkusz": null, "nr_dzialki": null, "teryt": null, "pow_m2": null, "layer": "zalew_maska", "path": "C:/RDOS_Monitoring_Lokalny/zalew_maska.gpkg" }, "geometry": { "type": "MultiPolygon", "coordinates": [ [ [ [ 14.4963282, 53.6680988 ], [ 14.4962794, 53.6681327 ], [ 14.4962385, 53.6681891 ], [ 14.4962286, 53.6682653 ], [ 14.4963112, 53.6683346 ], [ 14.4964935, 53.6683777 ], [ 14.4968162, 53.668377 ], [ 14.4969526, 53.6683756 ], [ 14.497037, 53.6683624 ], [ 14.4970941, 53.6683348 ], [ 14.4971506, 53.668315 ], [ 14.4971581, 53.668271 ], [ 14.4971365, 53.6682353 ], [ 14.4971366, 53.6681974 ], [ 14.4971422, 53.6681231 ], [ 14.4970642, 53.6680744 ], [ 14.4967423, 53.6681424 ], [ 14.4963282, 53.6680988 ] ] ] ] } },
{ "type": "Feature", "properties": { "fid": 71, "full_id": "w328672314", "osm_id": "328672314", "osm_type": "way", "name": null, "place": null, "wetland": "reedbed", "landuse": null, "wikipedia": null, "wikidata": null, "water": null, "type": null, "source:alt_name:pl": null, "part_of": null, "natural": "wetland", "name:sk": null, "name:pl": null, "name:en": null, "name:de": null, "alt_name:pl": null, "alt_name:de": null, "wojewodztwo": null, "powiat": null, "gmina": null, "obreb": null, "arkusz": null, "nr_dzialki": null, "teryt": null, "pow_m2": null, "layer": "zalew_maska", "path": "C:/RDOS_Monitoring_Lokalny/zalew_maska.gpkg" }, "geometry": { "type": "MultiPolygon", "coordinates": [ [ [ [ 14.4972458, 53.668086 ], [ 14.497228, 53.6681121 ], [ 14.4972307, 53.6681313 ], [ 14.4972592, 53.6681475 ], [ 14.4972623, 53.6682305 ], [ 14.4972378, 53.6682418 ], [ 14.4972818, 53.6682855 ], [ 14.4973341, 53.668308 ], [ 14.4974185, 53.6683171 ], [ 14.4975213, 53.6682977 ], [ 14.4975718, 53.6683101 ], [ 14.4977185, 53.6683265 ], [ 14.4979926, 53.6683186 ], [ 14.4982136, 53.6683241 ], [ 14.4983821, 53.6682952 ], [ 14.4985168, 53.668271 ], [ 14.4985842, 53.6682165 ], [ 14.4984979, 53.6680993 ], [ 14.4984168, 53.6680758 ], [ 14.4980878, 53.6681079 ], [ 14.4979695, 53.6681071 ], [ 14.4978525, 53.6681203 ], [ 14.4976993, 53.6681071 ], [ 14.4976324, 53.6680824 ], [ 14.4975377, 53.6680791 ], [ 14.4972458, 53.668086 ] ] ] ] } },
{ "type": "Feature", "properties": { "fid": 72, "full_id": "w328672315", "osm_id": "328672315", "osm_type": "way", "name": null, "place": null, "wetland": "reedbed", "landuse": null, "wikipedia": null, "wikidata": null, "water": null, "type": null, "source:alt_name:pl": null, "part_of": null, "natural": "wetland", "name:sk": null, "name:pl": null, "name:en": null, "name:de": null, "alt_name:pl": null, "alt_name:de": null, "wojewodztwo": null, "powiat": null, "gmina": null, "obreb": null, "arkusz": null, "nr_dzialki": null, "teryt": null, "pow_m2": null, "layer": "zalew_maska", "path": "C:/RDOS_Monitoring_Lokalny/zalew_maska.gpkg" }, "geometry": { "type": "MultiPolygon", "coordinates": [ [ [ [ 14.5073061, 53.6666335 ], [ 14.5074051, 53.6666278 ], [ 14.5076069, 53.6666069 ], [ 14.5077986, 53.6665818 ], [ 14.5079603, 53.6665547 ], [ 14.5080497, 53.6665353 ], [ 14.5081797, 53.6664873 ], [ 14.5082847, 53.6664786 ], [ 14.5084359, 53.6664631 ], [ 14.5085948, 53.6663868 ], [ 14.5087591, 53.6663207 ], [ 14.508851, 53.6662663 ], [ 14.5089318, 53.6661887 ], [ 14.5089875, 53.6661014 ], [ 14.50895, 53.6660095 ], [ 14.5088984, 53.6659428 ], [ 14.5087187, 53.6660336 ], [ 14.5086254, 53.6661012 ], [ 14.5085934, 53.666126 ], [ 14.5085056, 53.6661442 ], [ 14.5083658, 53.6661978 ], [ 14.508287, 53.6662667 ], [ 14.5081294, 53.6662982 ], [ 14.508027, 53.6663157 ], [ 14.5078891, 53.6663542 ], [ 14.5077375, 53.6664056 ], [ 14.5075622, 53.6664452 ], [ 14.5074302, 53.6664499 ], [ 14.5073238, 53.6664662 ], [ 14.5072282, 53.6664912 ], [ 14.5073061, 53.6666335 ] ] ] ] } },
{ "type": "Feature", "properties": { "fid": 73, "full_id": "w328672316", "osm_id": "328672316", "osm_type": "way", "name": null, "place": null, "wetland": "reedbed", "landuse": null, "wikipedia": null, "wikidata": null, "water": null, "type": null, "source:alt_name:pl": null, "part_of": null, "natural": "wetland", "name:sk": null, "name:pl": null, "name:en": null, "name:de": null, "alt_name:pl": null, "alt_name:de": null, "wojewodztwo": null, "powiat": null, "gmina": null, "obreb": null, "arkusz": null, "nr_dzialki": null, "teryt": null, "pow_m2": null, "layer": "zalew_maska", "path": "C:/RDOS_Monitoring_Lokalny/zalew_maska.gpkg" }, "geometry": { "type": "MultiPolygon", "coordinates": [ [ [ [ 14.5091544, 53.6659393 ], [ 14.5091559, 53.6660224 ], [ 14.509224, 53.6661255 ], [ 14.5093692, 53.6661444 ], [ 14.5095535, 53.6661509 ], [ 14.5098579, 53.6661634 ], [ 14.5101189, 53.666102 ], [ 14.5101904, 53.6660349 ], [ 14.5102692, 53.6659859 ], [ 14.5103558, 53.6659276 ], [ 14.5103696, 53.6658646 ], [ 14.5105095, 53.6659042 ], [ 14.5106198, 53.6658669 ], [ 14.5107084, 53.6658062 ], [ 14.5107774, 53.66577 ], [ 14.5108227, 53.6657187 ], [ 14.5108227, 53.6656662 ], [ 14.5108305, 53.6655938 ], [ 14.5107813, 53.6655471 ], [ 14.5107321, 53.6654981 ], [ 14.5107104, 53.6654456 ], [ 14.5107281, 53.6653838 ], [ 14.5108699, 53.6653674 ], [ 14.5109172, 53.6652612 ], [ 14.5109369, 53.6651865 ], [ 14.5109783, 53.6651258 ], [ 14.5109861, 53.665099 ], [ 14.5111597, 53.6649798 ], [ 14.5113464, 53.6648578 ], [ 14.5115105, 53.664751 ], [ 14.5116811, 53.6646384 ], [ 14.5118453, 53.664503 ], [ 14.5118582, 53.6644763 ], [ 14.5119097, 53.6643753 ], [ 14.5120062, 53.6644172 ], [ 14.51218, 53.6643486 ], [ 14.512209, 53.6642475 ], [ 14.512357, 53.6641197 ], [ 14.5124536, 53.6640778 ], [ 14.5125952, 53.6639691 ], [ 14.5127304, 53.6638966 ], [ 14.5128334, 53.6638127 ], [ 14.5128881, 53.6636906 ], [ 14.5128527, 53.6636143 ], [ 14.5128092, 53.6634198 ], [ 14.51279, 53.6634674 ], [ 14.5127721, 53.6635256 ], [ 14.5127401, 53.6636296 ], [ 14.5127233, 53.6636431 ], [ 14.5126982, 53.6636631 ], [ 14.5125598, 53.6637078 ], [ 14.5124858, 53.6637307 ], [ 14.5122669, 53.6638069 ], [ 14.5121961, 53.6638775 ], [ 14.512135, 53.6640263 ], [ 14.5119483, 53.6641598 ], [ 14.5117809, 53.6642494 ], [ 14.5116071, 53.6643428 ], [ 14.5114687, 53.6644687 ], [ 14.5113528, 53.6645278 ], [ 14.5112756, 53.6645831 ], [ 14.5112177, 53.6646728 ], [ 14.5111468, 53.6647014 ], [ 14.5110696, 53.66473 ], [ 14.5109087, 53.6648311 ], [ 14.5107831, 53.6649169 ], [ 14.5106834, 53.6650103 ], [ 14.5106533, 53.6650655 ], [ 14.5105667, 53.6652114 ], [ 14.5105482, 53.6653612 ], [ 14.5105321, 53.665428 ], [ 14.51049, 53.6655211 ], [ 14.5105196, 53.6656888 ], [ 14.5104444, 53.665755 ], [ 14.5102433, 53.6657745 ], [ 14.5101008, 53.665775 ], [ 14.5099656, 53.6657941 ], [ 14.5097242, 53.6658704 ], [ 14.5095922, 53.6658895 ], [ 14.509412, 53.6659066 ], [ 14.5093283, 53.6659047 ], [ 14.5091544, 53.6659393 ] ] ] ] } },
{ "type": "Feature", "properties": { "fid": 74, "full_id": "w328959542", "osm_id": "328959542", "osm_type": "way", "name": null, "place": null, "wetland": "reedbed", "landuse": "grass", "wikipedia": null, "wikidata": null, "water": null, "type": null, "source:alt_name:pl": null, "part_of": null, "natural": "wetland", "name:sk": null, "name:pl": null, "name:en": null, "name:de": null, "alt_name:pl": null, "alt_name:de": null, "wojewodztwo": null, "powiat": null, "gmina": null, "obreb": null, "arkusz": null, "nr_dzialki": null, "teryt": null, "pow_m2": null, "layer": "zalew_maska", "path": "C:/RDOS_Monitoring_Lokalny/zalew_maska.gpkg" }, "geometry": { "type": "MultiPolygon", "coordinates": [ [ [ [ 14.5306152, 53.6553458 ], [ 14.5300012, 53.6554309 ], [ 14.5298645, 53.6554703 ], [ 14.5294092, 53.6554796 ], [ 14.5293629, 53.6555123 ], [ 14.5292771, 53.6555731 ], [ 14.5291276, 53.655671 ], [ 14.5287757, 53.6558097 ], [ 14.5282832, 53.6559798 ], [ 14.5284262, 53.6560305 ], [ 14.5287806, 53.6560125 ], [ 14.5289527, 53.6559194 ], [ 14.5291401, 53.6558204 ], [ 14.5291654, 53.6557304 ], [ 14.5293477, 53.6556344 ], [ 14.5293983, 53.6556824 ], [ 14.5295553, 53.6556194 ], [ 14.5296515, 53.6555984 ], [ 14.5298034, 53.6557334 ], [ 14.5300363, 53.6557484 ], [ 14.530173, 53.6558114 ], [ 14.5303401, 53.6557394 ], [ 14.5306996, 53.6555534 ], [ 14.5307806, 53.6554003 ], [ 14.5310034, 53.6553133 ], [ 14.5310439, 53.6552203 ], [ 14.5308464, 53.6552713 ], [ 14.5306152, 53.6553458 ] ] ] ] } },
{ "type": "Feature", "properties": { "fid": 75, "full_id": "w328959544", "osm_id": "328959544", "osm_type": "way", "name": null, "place": null, "wetland": "reedbed", "landuse": "grass", "wikipedia": null, "wikidata": null, "water": null, "type": null, "source:alt_name:pl": null, "part_of": null, "natural": "wetland", "name:sk": null, "name:pl": null, "name:en": null, "name:de": null, "alt_name:pl": null, "alt_name:de": null, "wojewodztwo": null, "powiat": null, "gmina": null, "obreb": null, "arkusz": null, "nr_dzialki": null, "teryt": null, "pow_m2": null, "layer": "zalew_maska", "path": "C:/RDOS_Monitoring_Lokalny/zalew_maska.gpkg" }, "geometry": { "type": "MultiPolygon", "coordinates": [ [ [ [ 14.5310093, 53.6525472 ], [ 14.5310562, 53.6527184 ], [ 14.531125, 53.6528584 ], [ 14.5311824, 53.6530034 ], [ 14.5312803, 53.6531453 ], [ 14.5317907, 53.653577 ], [ 14.5319229, 53.6537446 ], [ 14.53199, 53.6538947 ], [ 14.5319631, 53.6540084 ], [ 14.531846, 53.6541565 ], [ 14.531686, 53.6542894 ], [ 14.5316395, 53.654379 ], [ 14.5315914, 53.6544146 ], [ 14.5312437, 53.6547055 ], [ 14.5310696, 53.6548891 ], [ 14.5307913, 53.6550342 ], [ 14.5306276, 53.6550887 ], [ 14.5306289, 53.6551308 ], [ 14.5309045, 53.6550954 ], [ 14.5309774, 53.6550129 ], [ 14.5311264, 53.6549815 ], [ 14.5311827, 53.6548539 ], [ 14.5312854, 53.6547342 ], [ 14.5317391, 53.6543711 ], [ 14.5318285, 53.6542553 ], [ 14.5319776, 53.65411 ], [ 14.5320637, 53.6539903 ], [ 14.5320438, 53.6538548 ], [ 14.5319445, 53.6536782 ], [ 14.5318352, 53.6535133 ], [ 14.5315768, 53.6533288 ], [ 14.5313317, 53.653103 ], [ 14.5312224, 53.6529735 ], [ 14.5311661, 53.6528184 ], [ 14.5310999, 53.6526143 ], [ 14.531133, 53.6524082 ], [ 14.531092, 53.6523743 ], [ 14.5310093, 53.6525472 ] ] ] ] } },
{ "type": "Feature", "properties": { "fid": 76, "full_id": "w328959546", "osm_id": "328959546", "osm_type": "way", "name": null, "place": null, "wetland": "reedbed", "landuse": "grass", "wikipedia": null, "wikidata": null, "water": null, "type": null, "source:alt_name:pl": null, "part_of": null, "natural": "wetland", "name:sk": null, "name:pl": null, "name:en": null, "name:de": null, "alt_name:pl": null, "alt_name:de": null, "wojewodztwo": null, "powiat": null, "gmina": null, "obreb": null, "arkusz": null, "nr_dzialki": null, "teryt": null, "pow_m2": null, "layer": "zalew_maska", "path": "C:/RDOS_Monitoring_Lokalny/zalew_maska.gpkg" }, "geometry": { "type": "MultiPolygon", "coordinates": [ [ [ [ 14.5405599, 53.6472653 ], [ 14.5401548, 53.6475003 ], [ 14.5400151, 53.6475844 ], [ 14.5397361, 53.6477473 ], [ 14.5390391, 53.6480584 ], [ 14.5384536, 53.6482898 ], [ 14.5380955, 53.6483652 ], [ 14.5377771, 53.6484655 ], [ 14.5374595, 53.6485472 ], [ 14.5368678, 53.6486812 ], [ 14.5364268, 53.6487357 ], [ 14.5360292, 53.6487048 ], [ 14.5358979, 53.6487594 ], [ 14.5354043, 53.6489678 ], [ 14.5352899, 53.6491127 ], [ 14.5351796, 53.6493668 ], [ 14.5349624, 53.6494869 ], [ 14.5346897, 53.649549 ], [ 14.5342465, 53.6496769 ], [ 14.5340185, 53.6498554 ], [ 14.5337177, 53.650082 ], [ 14.5333319, 53.6503022 ], [ 14.5329729, 53.6505571 ], [ 14.5326251, 53.6508515 ], [ 14.5322795, 53.6511016 ], [ 14.5319643, 53.65137 ], [ 14.5312955, 53.6516908 ], [ 14.5311056, 53.6518024 ], [ 14.5311073, 53.652074 ], [ 14.5310719, 53.6523647 ], [ 14.5312047, 53.6522523 ], [ 14.5312047, 53.6521267 ], [ 14.5312014, 53.6519697 ], [ 14.5311683, 53.6518205 ], [ 14.5320327, 53.6513847 ], [ 14.5324103, 53.651153 ], [ 14.5327382, 53.6508331 ], [ 14.5330495, 53.6505583 ], [ 14.5336589, 53.650199 ], [ 14.5337781, 53.6501813 ], [ 14.5340961, 53.6499576 ], [ 14.5341789, 53.6498496 ], [ 14.5341921, 53.6497809 ], [ 14.5342783, 53.6497024 ], [ 14.5344174, 53.6496945 ], [ 14.5347287, 53.6496219 ], [ 14.5350135, 53.6495453 ], [ 14.5352255, 53.649453 ], [ 14.53556, 53.6490349 ], [ 14.5356329, 53.6489642 ], [ 14.5359574, 53.6488621 ], [ 14.5361302, 53.6488178 ], [ 14.5362886, 53.6488288 ], [ 14.5369742, 53.6487385 ], [ 14.5374776, 53.6486305 ], [ 14.5377029, 53.6485873 ], [ 14.5378718, 53.6485579 ], [ 14.5379592, 53.6485098 ], [ 14.5383189, 53.6483537 ], [ 14.5385342, 53.64834 ], [ 14.5391171, 53.6480847 ], [ 14.5397, 53.6478315 ], [ 14.5400444, 53.647645 ], [ 14.5401504, 53.6475527 ], [ 14.5406041, 53.6472956 ], [ 14.5405599, 53.6472653 ] ] ] ] } },
{ "type": "Feature", "properties": { "fid": 77, "full_id": "w328962256", "osm_id": "328962256", "osm_type": "way", "name": null, "place": null, "wetland": "reedbed", "landuse": "grass", "wikipedia": null, "wikidata": null, "water": null, "type": null, "source:alt_name:pl": null, "part_of": null, "natural": "wetland", "name:sk": null, "name:pl": null, "name:en": null, "name:de": null, "alt_name:pl": null, "alt_name:de": null, "wojewodztwo": null, "powiat": null, "gmina": null, "obreb": null, "arkusz": null, "nr_dzialki": null, "teryt": null, "pow_m2": null, "layer": "zalew_maska", "path": "C:/RDOS_Monitoring_Lokalny/zalew_maska.gpkg" }, "geometry": { "type": "MultiPolygon", "coordinates": [ [ [ [ 14.5535713, 53.6285436 ], [ 14.5534681, 53.6287165 ], [ 14.5532122, 53.6290451 ], [ 14.5530236, 53.6293914 ], [ 14.5524158, 53.6307147 ], [ 14.5520984, 53.6311119 ], [ 14.5518399, 53.6314499 ], [ 14.5515817, 53.6319819 ], [ 14.5511241, 53.6326168 ], [ 14.5510624, 53.6329428 ], [ 14.5508161, 53.6333274 ], [ 14.5505571, 53.6335526 ], [ 14.5502242, 53.6341875 ], [ 14.5498731, 53.634998 ], [ 14.5486167, 53.6365733 ], [ 14.5487578, 53.6365761 ], [ 14.5492446, 53.6360871 ], [ 14.5495129, 53.6356178 ], [ 14.5499037, 53.6351052 ], [ 14.5502217, 53.6346359 ], [ 14.5503309, 53.6342156 ], [ 14.55048, 53.6338229 ], [ 14.5506886, 53.6335126 ], [ 14.5509602, 53.6332946 ], [ 14.5511093, 53.6330825 ], [ 14.5511921, 53.6327545 ], [ 14.5512848, 53.6325267 ], [ 14.5515862, 53.6322478 ], [ 14.5517319, 53.6320554 ], [ 14.5518228, 53.6319463 ], [ 14.5519219, 53.6317401 ], [ 14.5521469, 53.6313603 ], [ 14.5522916, 53.6311206 ], [ 14.5526655, 53.6304637 ], [ 14.5528845, 53.6300497 ], [ 14.5532688, 53.629333 ], [ 14.5533639, 53.6292383 ], [ 14.5535877, 53.6288564 ], [ 14.5537286, 53.6285811 ], [ 14.5535713, 53.6285436 ] ] ] ] } },
{ "type": "Feature", "properties": { "fid": 78, "full_id": "w328962257", "osm_id": "328962257", "osm_type": "way", "name": null, "place": null, "wetland": "reedbed", "landuse": "grass", "wikipedia": null, "wikidata": null, "water": null, "type": null, "source:alt_name:pl": null, "part_of": null, "natural": "wetland", "name:sk": null, "name:pl": null, "name:en": null, "name:de": null, "alt_name:pl": null, "alt_name:de": null, "wojewodztwo": null, "powiat": null, "gmina": null, "obreb": null, "arkusz": null, "nr_dzialki": null, "teryt": null, "pow_m2": null, "layer": "zalew_maska", "path": "C:/RDOS_Monitoring_Lokalny/zalew_maska.gpkg" }, "geometry": { "type": "MultiPolygon", "coordinates": [ [ [ [ 14.5576361, 53.6220974 ], [ 14.5577042, 53.6223185 ], [ 14.5575266, 53.622598 ], [ 14.5575316, 53.622743 ], [ 14.5573828, 53.6228333 ], [ 14.5573002, 53.6228031 ], [ 14.5572205, 53.6229255 ], [ 14.5571732, 53.6230719 ], [ 14.5570162, 53.6232732 ], [ 14.5568283, 53.6234198 ], [ 14.5565876, 53.6236811 ], [ 14.5565205, 53.6238754 ], [ 14.556406, 53.6240387 ], [ 14.5563268, 53.6242817 ], [ 14.5562568, 53.6244597 ], [ 14.556293, 53.6246171 ], [ 14.556121, 53.6247896 ], [ 14.5560695, 53.6249564 ], [ 14.5559761, 53.6251857 ], [ 14.5558012, 53.6256224 ], [ 14.555629, 53.6258627 ], [ 14.5553979, 53.6260255 ], [ 14.5552043, 53.6262237 ], [ 14.5549747, 53.6266266 ], [ 14.5549201, 53.6267618 ], [ 14.5547858, 53.6269146 ], [ 14.5546744, 53.6271405 ], [ 14.5543103, 53.6273465 ], [ 14.5544776, 53.6273737 ], [ 14.5547406, 53.627246 ], [ 14.5548602, 53.627005 ], [ 14.5549606, 53.6268292 ], [ 14.5550897, 53.6267611 ], [ 14.5552475, 53.6266448 ], [ 14.5552714, 53.6265371 ], [ 14.5552933, 53.6263309 ], [ 14.555317, 53.6263008 ], [ 14.5554658, 53.6261203 ], [ 14.5556619, 53.626006 ], [ 14.5557972, 53.6259057 ], [ 14.5558919, 53.6257694 ], [ 14.5559798, 53.6256109 ], [ 14.5559967, 53.6253964 ], [ 14.5560136, 53.625268 ], [ 14.5561691, 53.6250996 ], [ 14.5563754, 53.6250193 ], [ 14.5564363, 53.6248669 ], [ 14.5565073, 53.6245721 ], [ 14.5564092, 53.6244859 ], [ 14.5564701, 53.6242853 ], [ 14.5565715, 53.6239805 ], [ 14.5567541, 53.6237539 ], [ 14.5569536, 53.6235213 ], [ 14.5572579, 53.6232726 ], [ 14.5572985, 53.6231422 ], [ 14.5574, 53.6229718 ], [ 14.5575014, 53.6229136 ], [ 14.5576468, 53.6227271 ], [ 14.5577111, 53.6225787 ], [ 14.5578226, 53.6224724 ], [ 14.5577212, 53.6224363 ], [ 14.5578024, 53.622346 ], [ 14.5579951, 53.6222839 ], [ 14.5581304, 53.6222738 ], [ 14.5579748, 53.6221916 ], [ 14.5578159, 53.6221334 ], [ 14.5576361, 53.6220974 ] ] ] ] } },
{ "type": "Feature", "properties": { "fid": 79, "full_id": "w328964920", "osm_id": "328964920", "osm_type": "way", "name": null, "place": null, "wetland": "reedbed", "landuse": "grass", "wikipedia": null, "wikidata": null, "water": null, "type": null, "source:alt_name:pl": null, "part_of": null, "natural": "wetland", "name:sk": null, "name:pl": null, "name:en": null, "name:de": null, "alt_name:pl": null, "alt_name:de": null, "wojewodztwo": null, "powiat": null, "gmina": null, "obreb": null, "arkusz": null, "nr_dzialki": null, "teryt": null, "pow_m2": null, "layer": "zalew_maska", "path": "C:/RDOS_Monitoring_Lokalny/zalew_maska.gpkg" }, "geometry": { "type": "MultiPolygon", "coordinates": [ [ [ [ 14.5719615, 53.605973 ], [ 14.5718853, 53.6060807 ], [ 14.571773, 53.6061965 ], [ 14.5713583, 53.6066593 ], [ 14.571152, 53.6070109 ], [ 14.5702283, 53.6080196 ], [ 14.5694746, 53.609074 ], [ 14.5692624, 53.6092606 ], [ 14.569192, 53.6094914 ], [ 14.5691401, 53.6096788 ], [ 14.5690082, 53.6099228 ], [ 14.5687674, 53.6103261 ], [ 14.5675883, 53.6115148 ], [ 14.5676345, 53.6116218 ], [ 14.5675155, 53.6117164 ], [ 14.5670807, 53.6120845 ], [ 14.5666973, 53.612509 ], [ 14.5664837, 53.6127797 ], [ 14.5661806, 53.6130355 ], [ 14.5658973, 53.6132817 ], [ 14.5655575, 53.6134861 ], [ 14.5653744, 53.613786 ], [ 14.5650379, 53.6140274 ], [ 14.5642958, 53.6148141 ], [ 14.5638917, 53.6151117 ], [ 14.5634879, 53.6155321 ], [ 14.563303, 53.6156249 ], [ 14.5627563, 53.6159356 ], [ 14.5626179, 53.6160117 ], [ 14.5624406, 53.6161466 ], [ 14.5623427, 53.6162369 ], [ 14.5622336, 53.616376 ], [ 14.5622027, 53.6164722 ], [ 14.5622704, 53.6166443 ], [ 14.5622514, 53.616936 ], [ 14.5619933, 53.6173201 ], [ 14.561597, 53.6177943 ], [ 14.5614244, 53.6180865 ], [ 14.5612533, 53.6182516 ], [ 14.5610037, 53.6183599 ], [ 14.5609658, 53.6187299 ], [ 14.5607082, 53.6189518 ], [ 14.5605151, 53.6190727 ], [ 14.5603134, 53.6193562 ], [ 14.5600451, 53.6196071 ], [ 14.5598828, 53.619742 ], [ 14.5597413, 53.6199403 ], [ 14.5594957, 53.6201793 ], [ 14.5594564, 53.6204029 ], [ 14.5595329, 53.6207363 ], [ 14.5594093, 53.6209252 ], [ 14.5591146, 53.621251 ], [ 14.5587551, 53.6214721 ], [ 14.5584214, 53.6217861 ], [ 14.5582425, 53.6218532 ], [ 14.5580231, 53.6219476 ], [ 14.5582845, 53.6220327 ], [ 14.5585166, 53.6219319 ], [ 14.5585563, 53.6218614 ], [ 14.55846, 53.6218412 ], [ 14.558511, 53.6217841 ], [ 14.5587998, 53.6216599 ], [ 14.5591792, 53.6214247 ], [ 14.5594794, 53.621062 ], [ 14.5596945, 53.6207563 ], [ 14.5596379, 53.6205111 ], [ 14.5596096, 53.6203331 ], [ 14.5596436, 53.6202323 ], [ 14.5598588, 53.6201417 ], [ 14.5598758, 53.6200073 ], [ 14.559955, 53.6198427 ], [ 14.5599834, 53.6197655 ], [ 14.5602269, 53.6195841 ], [ 14.5605157, 53.6193926 ], [ 14.5607139, 53.6191004 ], [ 14.5609008, 53.6189022 ], [ 14.5610843, 53.6187555 ], [ 14.5611924, 53.6186178 ], [ 14.5612205, 53.6184111 ], [ 14.5613927, 53.6182354 ], [ 14.5616209, 53.6180596 ], [ 14.561689, 53.6179385 ], [ 14.561737, 53.6178007 ], [ 14.5618371, 53.6176677 ], [ 14.5620173, 53.6175228 ], [ 14.5621735, 53.6172782 ], [ 14.5623257, 53.6170644 ], [ 14.5624378, 53.6168007 ], [ 14.5623577, 53.6166534 ], [ 14.5623217, 53.6165014 ], [ 14.5624098, 53.6163447 ], [ 14.5625598, 53.616189 ], [ 14.562634, 53.6161119 ], [ 14.5628703, 53.6159789 ], [ 14.5630545, 53.6159432 ], [ 14.5632987, 53.6158173 ], [ 14.5636431, 53.6155513 ], [ 14.5640515, 53.6151665 ], [ 14.5642918, 53.6149741 ], [ 14.5645601, 53.6146795 ], [ 14.5648564, 53.6144634 ], [ 14.5649966, 53.6142662 ], [ 14.5654691, 53.613917 ], [ 14.5656773, 53.6137008 ], [ 14.5657093, 53.6135583 ], [ 14.5660057, 53.6134015 ], [ 14.5662059, 53.6132424 ], [ 14.5664621, 53.6130024 ], [ 14.5667304, 53.6127459 ], [ 14.5669226, 53.6124537 ], [ 14.5671469, 53.6121995 ], [ 14.5672991, 53.6120498 ], [ 14.5675193, 53.6118978 ], [ 14.5677315, 53.611722 ], [ 14.5677956, 53.6115795 ], [ 14.5677515, 53.6115106 ], [ 14.5679317, 53.6113823 ], [ 14.5681039, 53.6112659 ], [ 14.5684002, 53.6110307 ], [ 14.5685604, 53.6108026 ], [ 14.5687526, 53.6106269 ], [ 14.5689649, 53.6103608 ], [ 14.5691971, 53.6099118 ], [ 14.5694053, 53.6096029 ], [ 14.5695255, 53.609401 ], [ 14.5695495, 53.6091943 ], [ 14.5696696, 53.6089639 ], [ 14.5698418, 53.6086859 ], [ 14.570054, 53.6084436 ], [ 14.5701662, 53.60832 ], [ 14.5702743, 53.6081347 ], [ 14.5704705, 53.6078805 ], [ 14.5706427, 53.6076429 ], [ 14.5708709, 53.6074267 ], [ 14.5711352, 53.6071488 ], [ 14.5712714, 53.6069896 ], [ 14.5713915, 53.6068019 ], [ 14.5714515, 53.606657 ], [ 14.5717359, 53.6063196 ], [ 14.5719601, 53.6060939 ], [ 14.5719615, 53.605973 ] ] ] ] } },
{ "type": "Feature", "properties": { "fid": 80, "full_id": "w328964922", "osm_id": "328964922", "osm_type": "way", "name": null, "place": null, "wetland": "marsh", "landuse": null, "wikipedia": null, "wikidata": null, "water": null, "type": null, "source:alt_name:pl": null, "part_of": null, "natural": "wetland", "name:sk": null, "name:pl": null, "name:en": null, "name:de": null, "alt_name:pl": null, "alt_name:de": null, "wojewodztwo": null, "powiat": null, "gmina": null, "obreb": null, "arkusz": null, "nr_dzialki": null, "teryt": null, "pow_m2": null, "layer": "zalew_maska", "path": "C:/RDOS_Monitoring_Lokalny/zalew_maska.gpkg" }, "geometry": { "type": "MultiPolygon", "coordinates": [ [ [ [ 14.5721805, 53.6055861 ], [ 14.5721677, 53.6055086 ], [ 14.5721196, 53.6053893 ], [ 14.5721677, 53.6052431 ], [ 14.5721649, 53.6051642 ], [ 14.57223, 53.6050482 ], [ 14.5722895, 53.6048113 ], [ 14.5723348, 53.6043443 ], [ 14.5721734, 53.6038453 ], [ 14.5720573, 53.6037075 ], [ 14.5715335, 53.6032774 ], [ 14.5714145, 53.6031195 ], [ 14.5714825, 53.6029884 ], [ 14.5714882, 53.6028439 ], [ 14.571406, 53.6027347 ], [ 14.5713721, 53.602723 ], [ 14.5713098, 53.6026507 ], [ 14.5711144, 53.6025902 ], [ 14.5710068, 53.6024911 ], [ 14.5709304, 53.602224 ], [ 14.570701, 53.6018073 ], [ 14.5706359, 53.6014914 ], [ 14.5705821, 53.6014158 ], [ 14.5705168, 53.6013189 ], [ 14.5704988, 53.6012214 ], [ 14.5705669, 53.6011311 ], [ 14.570655, 53.6010634 ], [ 14.570655, 53.6010004 ], [ 14.5706009, 53.6009078 ], [ 14.5704668, 53.6008151 ], [ 14.5701244, 53.6007307 ], [ 14.5699142, 53.6006856 ], [ 14.5695198, 53.6005799 ], [ 14.5688771, 53.6004135 ], [ 14.5682103, 53.6002816 ], [ 14.5680747, 53.6002889 ], [ 14.5682628, 53.6003298 ], [ 14.5691115, 53.6005684 ], [ 14.5693286, 53.6006212 ], [ 14.569719, 53.6007435 ], [ 14.5702668, 53.6008583 ], [ 14.5704826, 53.600922 ], [ 14.5706268, 53.6010385 ], [ 14.570569, 53.6010843 ], [ 14.570398, 53.6012692 ], [ 14.5705216, 53.6014322 ], [ 14.5705972, 53.6018593 ], [ 14.5706652, 53.6020512 ], [ 14.570812, 53.6021919 ], [ 14.5708786, 53.6023681 ], [ 14.5709176, 53.6025501 ], [ 14.5709904, 53.6026933 ], [ 14.5713273, 53.6031929 ], [ 14.5720574, 53.6038154 ], [ 14.5721902, 53.604246 ], [ 14.5722237, 53.6045355 ], [ 14.5721795, 53.6048353 ], [ 14.5720971, 53.6050784 ], [ 14.572021, 53.6054412 ], [ 14.5720844, 53.6055893 ], [ 14.57215, 53.6055867 ], [ 14.5721805, 53.6055861 ] ] ] ] } },
{ "type": "Feature", "properties": { "fid": 81, "full_id": "w329037953", "osm_id": "329037953", "osm_type": "way", "name": null, "place": null, "wetland": "reedbed", "landuse": "grass", "wikipedia": null, "wikidata": null, "water": null, "type": null, "source:alt_name:pl": null, "part_of": null, "natural": "wetland", "name:sk": null, "name:pl": null, "name:en": null, "name:de": null, "alt_name:pl": null, "alt_name:de": null, "wojewodztwo": null, "powiat": null, "gmina": null, "obreb": null, "arkusz": null, "nr_dzialki": null, "teryt": null, "pow_m2": null, "layer": "zalew_maska", "path": "C:/RDOS_Monitoring_Lokalny/zalew_maska.gpkg" }, "geometry": { "type": "MultiPolygon", "coordinates": [ [ [ [ 14.5682453, 53.5999159 ], [ 14.5685195, 53.5998556 ], [ 14.5687202, 53.5998556 ], [ 14.5689479, 53.5998716 ], [ 14.569181, 53.599862 ], [ 14.5694467, 53.5998588 ], [ 14.5697721, 53.5998684 ], [ 14.5700974, 53.5998749 ], [ 14.5701841, 53.5998556 ], [ 14.5702655, 53.5997655 ], [ 14.5702872, 53.5996432 ], [ 14.5703005, 53.5995732 ], [ 14.5700161, 53.5991219 ], [ 14.5699528, 53.5990945 ], [ 14.5700522, 53.599262 ], [ 14.5702291, 53.599533 ], [ 14.5701142, 53.599602 ], [ 14.5699669, 53.5997247 ], [ 14.5697489, 53.5997969 ], [ 14.5694742, 53.5997919 ], [ 14.5690382, 53.5997431 ], [ 14.5687975, 53.5997767 ], [ 14.5685512, 53.599765 ], [ 14.5683034, 53.5998501 ], [ 14.5682453, 53.5999159 ] ] ] ] } },
{ "type": "Feature", "properties": { "fid": 82, "full_id": "w331133472", "osm_id": "331133472", "osm_type": "way", "name": null, "place": null, "wetland": "reedbed", "landuse": "grass", "wikipedia": null, "wikidata": null, "water": null, "type": null, "source:alt_name:pl": null, "part_of": null, "natural": "wetland", "name:sk": null, "name:pl": null, "name:en": null, "name:de": null, "alt_name:pl": null, "alt_name:de": null, "wojewodztwo": null, "powiat": null, "gmina": null, "obreb": null, "arkusz": null, "nr_dzialki": null, "teryt": null, "pow_m2": null, "layer": "zalew_maska", "path": "C:/RDOS_Monitoring_Lokalny/zalew_maska.gpkg" }, "geometry": { "type": "MultiPolygon", "coordinates": [ [ [ [ 14.5938596, 53.6178758 ], [ 14.5934569, 53.6178583 ], [ 14.5934263, 53.6179309 ], [ 14.5932786, 53.6179127 ], [ 14.5931411, 53.617955 ], [ 14.5931869, 53.6180004 ], [ 14.5932073, 53.6180698 ], [ 14.5931665, 53.6181121 ], [ 14.5931258, 53.6186107 ], [ 14.5931614, 53.6186983 ], [ 14.5930239, 53.6188615 ], [ 14.5931462, 53.6189189 ], [ 14.5929781, 53.6190125 ], [ 14.5931716, 53.6190004 ], [ 14.5933092, 53.6189672 ], [ 14.5933397, 53.6190216 ], [ 14.5933499, 53.6191243 ], [ 14.593411, 53.6192693 ], [ 14.5934772, 53.6191636 ], [ 14.5934925, 53.6190427 ], [ 14.5935537, 53.6189884 ], [ 14.5936046, 53.6189763 ], [ 14.5935435, 53.6191485 ], [ 14.5935486, 53.6192754 ], [ 14.5935638, 53.6195564 ], [ 14.5935689, 53.6197407 ], [ 14.5935537, 53.619792 ], [ 14.5934671, 53.6197467 ], [ 14.5934263, 53.6197165 ], [ 14.5934569, 53.6195836 ], [ 14.5934772, 53.6194627 ], [ 14.5934772, 53.6193721 ], [ 14.5934008, 53.619363 ], [ 14.5933652, 53.6194355 ], [ 14.5933041, 53.6196259 ], [ 14.5933652, 53.6196984 ], [ 14.5933601, 53.619783 ], [ 14.5933142, 53.6198736 ], [ 14.5932786, 53.6200005 ], [ 14.5933244, 53.620073 ], [ 14.5933754, 53.6200579 ], [ 14.5934467, 53.6199129 ], [ 14.5934823, 53.6198404 ], [ 14.5935435, 53.6198525 ], [ 14.5935435, 53.620064 ], [ 14.5935027, 53.6201667 ], [ 14.5934365, 53.6202543 ], [ 14.5933601, 53.620351 ], [ 14.5933754, 53.6203872 ], [ 14.5934365, 53.6203752 ], [ 14.5934212, 53.6204567 ], [ 14.5933601, 53.6204809 ], [ 14.5933092, 53.6205172 ], [ 14.5933041, 53.6205836 ], [ 14.593411, 53.6205594 ], [ 14.5932175, 53.620916 ], [ 14.5931716, 53.6210851 ], [ 14.5931309, 53.6209431 ], [ 14.5930799, 53.6208465 ], [ 14.593136, 53.6207377 ], [ 14.5931818, 53.6205715 ], [ 14.5933142, 53.6202785 ], [ 14.5932633, 53.6202543 ], [ 14.5929933, 53.6208012 ], [ 14.5929475, 53.6211426 ], [ 14.5930086, 53.621209 ], [ 14.5929424, 53.6212634 ], [ 14.5929475, 53.6214265 ], [ 14.5930137, 53.6215565 ], [ 14.5930799, 53.6215897 ], [ 14.5930952, 53.6214991 ], [ 14.5930596, 53.6214386 ], [ 14.5931563, 53.6214809 ], [ 14.5932022, 53.6215957 ], [ 14.5932531, 53.6216531 ], [ 14.5933193, 53.6218616 ], [ 14.593299, 53.6219583 ], [ 14.5932429, 53.6220127 ], [ 14.5931207, 53.6220096 ], [ 14.5930239, 53.6220489 ], [ 14.5929373, 53.6222876 ], [ 14.5928915, 53.6224447 ], [ 14.5929424, 53.62249 ], [ 14.5930239, 53.6223933 ], [ 14.5930596, 53.6223359 ], [ 14.5931156, 53.6223208 ], [ 14.5931156, 53.6224719 ], [ 14.5931716, 53.6226803 ], [ 14.5932124, 53.622774 ], [ 14.5930647, 53.6227982 ], [ 14.5930188, 53.6228888 ], [ 14.5931665, 53.6230972 ], [ 14.5932582, 53.6230821 ], [ 14.5932378, 53.6231698 ], [ 14.5933295, 53.6232392 ], [ 14.5933703, 53.6231365 ], [ 14.5934263, 53.6231244 ], [ 14.5935144, 53.6230508 ], [ 14.5932879, 53.6227503 ], [ 14.5932798, 53.6225441 ], [ 14.5934399, 53.6218128 ], [ 14.5932757, 53.6212307 ], [ 14.5933385, 53.6210605 ], [ 14.593449, 53.6207611 ], [ 14.5936403, 53.6200526 ], [ 14.593671, 53.6185976 ], [ 14.5938596, 53.6178758 ] ] ] ] } },
{ "type": "Feature", "properties": { "fid": 83, "full_id": "w331133475", "osm_id": "331133475", "osm_type": "way", "name": null, "place": null, "wetland": "reedbed", "landuse": null, "wikipedia": null, "wikidata": null, "water": null, "type": null, "source:alt_name:pl": null, "part_of": null, "natural": "wetland", "name:sk": null, "name:pl": null, "name:en": null, "name:de": null, "alt_name:pl": null, "alt_name:de": null, "wojewodztwo": null, "powiat": null, "gmina": null, "obreb": null, "arkusz": null, "nr_dzialki": null, "teryt": null, "pow_m2": null, "layer": "zalew_maska", "path": "C:/RDOS_Monitoring_Lokalny/zalew_maska.gpkg" }, "geometry": { "type": "MultiPolygon", "coordinates": [ [ [ [ 14.593189, 53.6106787 ], [ 14.5930266, 53.6107126 ], [ 14.5928992, 53.6108183 ], [ 14.5928075, 53.6109997 ], [ 14.5929349, 53.6110118 ], [ 14.5929094, 53.6110843 ], [ 14.5930266, 53.6111931 ], [ 14.5930062, 53.6112807 ], [ 14.5930979, 53.6112928 ], [ 14.5931437, 53.6112263 ], [ 14.593303, 53.6111796 ], [ 14.593189, 53.6106787 ] ] ] ] } },
{ "type": "Feature", "properties": { "fid": 84, "full_id": "w331133476", "osm_id": "331133476", "osm_type": "way", "name": null, "place": null, "wetland": "reedbed", "landuse": "grass", "wikipedia": null, "wikidata": null, "water": null, "type": null, "source:alt_name:pl": null, "part_of": null, "natural": "wetland", "name:sk": null, "name:pl": null, "name:en": null, "name:de": null, "alt_name:pl": null, "alt_name:de": null, "wojewodztwo": null, "powiat": null, "gmina": null, "obreb": null, "arkusz": null, "nr_dzialki": null, "teryt": null, "pow_m2": null, "layer": "zalew_maska", "path": "C:/RDOS_Monitoring_Lokalny/zalew_maska.gpkg" }, "geometry": { "type": "MultiPolygon", "coordinates": [ [ [ [ 14.5936834, 53.6152589 ], [ 14.5934976, 53.6152433 ], [ 14.5933548, 53.6152334 ], [ 14.5933006, 53.6152522 ], [ 14.5931971, 53.6152826 ], [ 14.5931563, 53.6153309 ], [ 14.593192, 53.6154487 ], [ 14.5932836, 53.6155122 ], [ 14.5933448, 53.6155243 ], [ 14.5933421, 53.6154487 ], [ 14.5934048, 53.6154118 ], [ 14.5934925, 53.6154185 ], [ 14.5935775, 53.6154733 ], [ 14.5936834, 53.6152589 ] ] ] ] } },
{ "type": "Feature", "properties": { "fid": 85, "full_id": "w331133477", "osm_id": "331133477", "osm_type": "way", "name": null, "place": null, "wetland": "reedbed", "landuse": "grass", "wikipedia": null, "wikidata": null, "water": null, "type": null, "source:alt_name:pl": null, "part_of": null, "natural": "wetland", "name:sk": null, "name:pl": null, "name:en": null, "name:de": null, "alt_name:pl": null, "alt_name:de": null, "wojewodztwo": null, "powiat": null, "gmina": null, "obreb": null, "arkusz": null, "nr_dzialki": null, "teryt": null, "pow_m2": null, "layer": "zalew_maska", "path": "C:/RDOS_Monitoring_Lokalny/zalew_maska.gpkg" }, "geometry": { "type": "MultiPolygon", "coordinates": [ [ [ [ 14.5933632, 53.6142943 ], [ 14.5933113, 53.613719 ], [ 14.5932502, 53.6136555 ], [ 14.5930821, 53.6136918 ], [ 14.5929395, 53.6137704 ], [ 14.5929191, 53.613864 ], [ 14.5929344, 53.6139819 ], [ 14.5929904, 53.6140574 ], [ 14.5929089, 53.6140937 ], [ 14.5928223, 53.6142055 ], [ 14.5928732, 53.6143052 ], [ 14.5929751, 53.6143656 ], [ 14.5930668, 53.6143264 ], [ 14.5932196, 53.6143082 ], [ 14.5933632, 53.6142943 ] ] ] ] } },
{ "type": "Feature", "properties": { "fid": 86, "full_id": "w331133478", "osm_id": "331133478", "osm_type": "way", "name": null, "place": null, "wetland": "reedbed", "landuse": null, "wikipedia": null, "wikidata": null, "water": null, "type": null, "source:alt_name:pl": null, "part_of": null, "natural": "wetland", "name:sk": null, "name:pl": null, "name:en": null, "name:de": null, "alt_name:pl": null, "alt_name:de": null, "wojewodztwo": null, "powiat": null, "gmina": null, "obreb": null, "arkusz": null, "nr_dzialki": null, "teryt": null, "pow_m2": null, "layer": "zalew_maska", "path": "C:/RDOS_Monitoring_Lokalny/zalew_maska.gpkg" }, "geometry": { "type": "MultiPolygon", "coordinates": [ [ [ [ 14.5932947, 53.6115242 ], [ 14.5932052, 53.6114844 ], [ 14.5931033, 53.6114482 ], [ 14.5930167, 53.6115267 ], [ 14.5930014, 53.6116265 ], [ 14.5928486, 53.6116839 ], [ 14.5928639, 53.6117957 ], [ 14.5928741, 53.6119226 ], [ 14.5928231, 53.6120586 ], [ 14.5927926, 53.6121643 ], [ 14.5928333, 53.6122852 ], [ 14.5929607, 53.6123789 ], [ 14.5928995, 53.612524 ], [ 14.5928893, 53.6126327 ], [ 14.5927875, 53.6126297 ], [ 14.5927467, 53.6127083 ], [ 14.5928435, 53.612805 ], [ 14.5928282, 53.6129107 ], [ 14.5928384, 53.6129772 ], [ 14.592981, 53.6130649 ], [ 14.5930829, 53.6131827 ], [ 14.5933455, 53.6133781 ], [ 14.5932883, 53.6116882 ], [ 14.5932947, 53.6115242 ] ] ] ] } },
{ "type": "Feature", "properties": { "fid": 87, "full_id": "w331133479", "osm_id": "331133479", "osm_type": "way", "name": null, "place": null, "wetland": "reedbed", "landuse": null, "wikipedia": null, "wikidata": null, "water": null, "type": null, "source:alt_name:pl": null, "part_of": null, "natural": "wetland", "name:sk": null, "name:pl": null, "name:en": null, "name:de": null, "alt_name:pl": null, "alt_name:de": null, "wojewodztwo": null, "powiat": null, "gmina": null, "obreb": null, "arkusz": null, "nr_dzialki": null, "teryt": null, "pow_m2": null, "layer": "zalew_maska", "path": "C:/RDOS_Monitoring_Lokalny/zalew_maska.gpkg" }, "geometry": { "type": "MultiPolygon", "coordinates": [ [ [ [ 14.593804, 53.6092616 ], [ 14.5936818, 53.6092042 ], [ 14.5935697, 53.609168 ], [ 14.5935049, 53.609176 ], [ 14.593448, 53.6091564 ], [ 14.5933617, 53.609185 ], [ 14.5933079, 53.609226 ], [ 14.5933371, 53.6092685 ], [ 14.5933723, 53.609294 ], [ 14.5934546, 53.6092886 ], [ 14.5934922, 53.6092839 ], [ 14.5935237, 53.6092795 ], [ 14.5935278, 53.6092876 ], [ 14.5935189, 53.6092989 ], [ 14.5934896, 53.609316 ], [ 14.5934083, 53.6093223 ], [ 14.5933732, 53.6094041 ], [ 14.5933211, 53.6095249 ], [ 14.5932822, 53.6095819 ], [ 14.5933048, 53.6096817 ], [ 14.5933005, 53.6097095 ], [ 14.5932967, 53.6097377 ], [ 14.5932335, 53.6097663 ], [ 14.593152, 53.6097935 ], [ 14.5931011, 53.6098781 ], [ 14.5931011, 53.6099628 ], [ 14.5931571, 53.609993 ], [ 14.5931266, 53.6101411 ], [ 14.5930603, 53.6100383 ], [ 14.592989, 53.6100021 ], [ 14.5929585, 53.6102166 ], [ 14.5929941, 53.6102771 ], [ 14.5928871, 53.6103163 ], [ 14.592826, 53.6103949 ], [ 14.5929075, 53.6104826 ], [ 14.5930145, 53.6104342 ], [ 14.5930807, 53.6104161 ], [ 14.5932062, 53.610435 ], [ 14.5932467, 53.6101512 ], [ 14.5932259, 53.6100719 ], [ 14.5931856, 53.6100005 ], [ 14.5932168, 53.6099198 ], [ 14.5932689, 53.6098466 ], [ 14.5933882, 53.6097731 ], [ 14.5934373, 53.6096485 ], [ 14.5935076, 53.6094061 ], [ 14.5936064, 53.6092354 ], [ 14.593804, 53.6092616 ] ] ] ] } },
{ "type": "Feature", "properties": { "fid": 88, "full_id": "w331133481", "osm_id": "331133481", "osm_type": "way", "name": null, "place": null, "wetland": "reedbed", "landuse": "grass", "wikipedia": null, "wikidata": null, "water": null, "type": null, "source:alt_name:pl": null, "part_of": null, "natural": "wetland", "name:sk": null, "name:pl": null, "name:en": null, "name:de": null, "alt_name:pl": null, "alt_name:de": null, "wojewodztwo": null, "powiat": null, "gmina": null, "obreb": null, "arkusz": null, "nr_dzialki": null, "teryt": null, "pow_m2": null, "layer": "zalew_maska", "path": "C:/RDOS_Monitoring_Lokalny/zalew_maska.gpkg" }, "geometry": { "type": "MultiPolygon", "coordinates": [ [ [ [ 14.593697, 53.6147326 ], [ 14.5935791, 53.6148676 ], [ 14.593564, 53.6149104 ], [ 14.5936453, 53.6149431 ], [ 14.5937291, 53.6149637 ], [ 14.593697, 53.6147326 ] ] ] ] } },
{ "type": "Feature", "properties": { "fid": 89, "full_id": "w331133482", "osm_id": "331133482", "osm_type": "way", "name": null, "place": "islet", "wetland": null, "landuse": "grass", "wikipedia": null, "wikidata": null, "water": null, "type": null, "source:alt_name:pl": null, "part_of": null, "natural": "wetland", "name:sk": null, "name:pl": null, "name:en": null, "name:de": null, "alt_name:pl": null, "alt_name:de": null, "wojewodztwo": null, "powiat": null, "gmina": null, "obreb": null, "arkusz": null, "nr_dzialki": null, "teryt": null, "pow_m2": null, "layer": "zalew_maska", "path": "C:/RDOS_Monitoring_Lokalny/zalew_maska.gpkg" }, "geometry": { "type": "MultiPolygon", "coordinates": [ [ [ [ 14.5994059, 53.635156 ], [ 14.5992697, 53.6350803 ], [ 14.5990483, 53.635055 ], [ 14.5988264, 53.6350877 ], [ 14.598614, 53.6350348 ], [ 14.5988269, 53.634949 ], [ 14.5990312, 53.634848 ], [ 14.5991164, 53.6347824 ], [ 14.5990398, 53.6346713 ], [ 14.5991164, 53.6345754 ], [ 14.5992527, 53.6345198 ], [ 14.5995337, 53.6345148 ], [ 14.5997125, 53.6344895 ], [ 14.599704, 53.6344087 ], [ 14.599985, 53.634232 ], [ 14.6001979, 53.634131 ], [ 14.6005981, 53.6341664 ], [ 14.6019216, 53.633853 ], [ 14.6017888, 53.6336771 ], [ 14.6018381, 53.6335122 ], [ 14.6016661, 53.6333559 ], [ 14.6016207, 53.6336375 ], [ 14.6014966, 53.633752 ], [ 14.6009607, 53.6338966 ], [ 14.6006151, 53.6339458 ], [ 14.6000615, 53.633973 ], [ 14.5996032, 53.634199 ], [ 14.5991828, 53.6343121 ], [ 14.5989119, 53.6342973 ], [ 14.5986495, 53.6343162 ], [ 14.5984287, 53.6345129 ], [ 14.5983423, 53.6346883 ], [ 14.5983811, 53.6348159 ], [ 14.5983054, 53.6349274 ], [ 14.5981611, 53.6350816 ], [ 14.5982587, 53.6352209 ], [ 14.5984558, 53.635252 ], [ 14.5988679, 53.6352143 ], [ 14.5991564, 53.6352893 ], [ 14.5994347, 53.6354554 ], [ 14.6001078, 53.6354203 ], [ 14.600597, 53.635118 ], [ 14.6009764, 53.634926 ], [ 14.6011698, 53.6348477 ], [ 14.6009643, 53.6347369 ], [ 14.6009077, 53.6347391 ], [ 14.6008025, 53.6347824 ], [ 14.6006067, 53.6347672 ], [ 14.6004023, 53.6347622 ], [ 14.6004534, 53.6346966 ], [ 14.6004278, 53.6345905 ], [ 14.6000996, 53.6346197 ], [ 14.599932, 53.6347081 ], [ 14.5998658, 53.6347874 ], [ 14.5998402, 53.6348935 ], [ 14.599738, 53.6349137 ], [ 14.5996444, 53.6349137 ], [ 14.5996444, 53.6349995 ], [ 14.5996018, 53.6350803 ], [ 14.5994059, 53.635156 ] ] ] ] } },
{ "type": "Feature", "properties": { "fid": 90, "full_id": "w331133483", "osm_id": "331133483", "osm_type": "way", "name": null, "place": null, "wetland": "reedbed", "landuse": "grass", "wikipedia": null, "wikidata": null, "water": null, "type": null, "source:alt_name:pl": null, "part_of": null, "natural": "wetland", "name:sk": null, "name:pl": null, "name:en": null, "name:de": null, "alt_name:pl": null, "alt_name:de": null, "wojewodztwo": null, "powiat": null, "gmina": null, "obreb": null, "arkusz": null, "nr_dzialki": null, "teryt": null, "pow_m2": null, "layer": "zalew_maska", "path": "C:/RDOS_Monitoring_Lokalny/zalew_maska.gpkg" }, "geometry": { "type": "MultiPolygon", "coordinates": [ [ [ [ 14.5935853, 53.6157416 ], [ 14.5934528, 53.615645 ], [ 14.5932695, 53.6156147 ], [ 14.5931829, 53.6156601 ], [ 14.5931472, 53.6157296 ], [ 14.5930402, 53.6157688 ], [ 14.5929953, 53.6158142 ], [ 14.5930504, 53.6158776 ], [ 14.5930963, 53.6159078 ], [ 14.5931574, 53.6159411 ], [ 14.593137, 53.6159924 ], [ 14.5930759, 53.6160559 ], [ 14.5931065, 53.6161556 ], [ 14.593137, 53.6162553 ], [ 14.5931829, 53.6164034 ], [ 14.5932797, 53.6164668 ], [ 14.5932083, 53.6165756 ], [ 14.5932695, 53.6166572 ], [ 14.5933866, 53.6166511 ], [ 14.5934223, 53.6165545 ], [ 14.5933815, 53.6164668 ], [ 14.5933102, 53.6163913 ], [ 14.5932847, 53.6162644 ], [ 14.5932694, 53.6161833 ], [ 14.5932083, 53.6161405 ], [ 14.5931676, 53.6161042 ], [ 14.5932695, 53.6160529 ], [ 14.5933357, 53.6160257 ], [ 14.5934019, 53.6161979 ], [ 14.5935598, 53.6164185 ], [ 14.5936139, 53.6165393 ], [ 14.5936362, 53.6166632 ], [ 14.5935853, 53.6167932 ], [ 14.5935496, 53.6169321 ], [ 14.5935242, 53.6170168 ], [ 14.5934376, 53.616914 ], [ 14.5934172, 53.6168173 ], [ 14.5934274, 53.6167357 ], [ 14.5933459, 53.6167327 ], [ 14.5932593, 53.6167448 ], [ 14.5932083, 53.6167901 ], [ 14.5930912, 53.616769 ], [ 14.592918, 53.6168113 ], [ 14.5929486, 53.6168687 ], [ 14.5930097, 53.6169503 ], [ 14.5930963, 53.6169926 ], [ 14.5931523, 53.6170439 ], [ 14.5931167, 53.6170832 ], [ 14.5930963, 53.6171648 ], [ 14.5930861, 53.6173219 ], [ 14.593081, 53.6174851 ], [ 14.5930861, 53.6176029 ], [ 14.5931472, 53.6177026 ], [ 14.5934528, 53.6176966 ], [ 14.5935649, 53.6177298 ], [ 14.5936617, 53.617757 ], [ 14.5938615, 53.6177843 ], [ 14.593595, 53.6171663 ], [ 14.5937583, 53.6165948 ], [ 14.5934776, 53.6160983 ], [ 14.5935853, 53.6157416 ] ] ] ] } },
{ "type": "Feature", "properties": { "fid": 91, "full_id": "w331133485", "osm_id": "331133485", "osm_type": "way", "name": null, "place": null, "wetland": "reedbed", "landuse": "grass", "wikipedia": null, "wikidata": null, "water": null, "type": null, "source:alt_name:pl": null, "part_of": null, "natural": "wetland", "name:sk": null, "name:pl": null, "name:en": null, "name:de": null, "alt_name:pl": null, "alt_name:de": null, "wojewodztwo": null, "powiat": null, "gmina": null, "obreb": null, "arkusz": null, "nr_dzialki": null, "teryt": null, "pow_m2": null, "layer": "zalew_maska", "path": "C:/RDOS_Monitoring_Lokalny/zalew_maska.gpkg" }, "geometry": { "type": "MultiPolygon", "coordinates": [ [ [ [ 14.5941807, 53.6088886 ], [ 14.5940558, 53.6089082 ], [ 14.5939743, 53.6089536 ], [ 14.5939234, 53.6089687 ], [ 14.5939234, 53.6090442 ], [ 14.5938826, 53.6091319 ], [ 14.5939336, 53.6091893 ], [ 14.5940877, 53.6090496 ], [ 14.5941807, 53.6088886 ] ] ] ] } },
{ "type": "Feature", "properties": { "fid": 92, "full_id": "w331148406", "osm_id": "331148406", "osm_type": "way", "name": null, "place": null, "wetland": null, "landuse": "grass", "wikipedia": null, "wikidata": null, "water": null, "type": null, "source:alt_name:pl": null, "part_of": null, "natural": "wetland", "name:sk": null, "name:pl": null, "name:en": null, "name:de": null, "alt_name:pl": null, "alt_name:de": null, "wojewodztwo": null, "powiat": null, "gmina": null, "obreb": null, "arkusz": null, "nr_dzialki": null, "teryt": null, "pow_m2": null, "layer": "zalew_maska", "path": "C:/RDOS_Monitoring_Lokalny/zalew_maska.gpkg" }, "geometry": { "type": "MultiPolygon", "coordinates": [ [ [ [ 14.6147843, 53.6303257 ], [ 14.614588, 53.6304358 ], [ 14.6135977, 53.6307822 ], [ 14.612577, 53.630968 ], [ 14.6121874, 53.6311714 ], [ 14.6112866, 53.6316206 ], [ 14.6112023, 53.6317121 ], [ 14.6114889, 53.631687 ], [ 14.6120819, 53.6313169 ], [ 14.612446, 53.6311627 ], [ 14.6126853, 53.6310208 ], [ 14.6131951, 53.6309529 ], [ 14.6136736, 53.6308665 ], [ 14.6141002, 53.6307431 ], [ 14.6145059, 53.6305889 ], [ 14.6147036, 53.6304964 ], [ 14.6147843, 53.6303257 ] ] ] ] } },
{ "type": "Feature", "properties": { "fid": 93, "full_id": "w331148407", "osm_id": "331148407", "osm_type": "way", "name": null, "place": null, "wetland": null, "landuse": "grass", "wikipedia": null, "wikidata": null, "water": null, "type": null, "source:alt_name:pl": null, "part_of": null, "natural": "wetland", "name:sk": null, "name:pl": null, "name:en": null, "name:de": null, "alt_name:pl": null, "alt_name:de": null, "wojewodztwo": null, "powiat": null, "gmina": null, "obreb": null, "arkusz": null, "nr_dzialki": null, "teryt": null, "pow_m2": null, "layer": "zalew_maska", "path": "C:/RDOS_Monitoring_Lokalny/zalew_maska.gpkg" }, "geometry": { "type": "MultiPolygon", "coordinates": [ [ [ [ 14.6215552, 53.6471232 ], [ 14.621754, 53.6465696 ], [ 14.621913, 53.6463311 ], [ 14.6221017, 53.6463938 ], [ 14.6224558, 53.6463369 ], [ 14.6228073, 53.6460511 ], [ 14.622956, 53.6459314 ], [ 14.6231647, 53.6458711 ], [ 14.6229235, 53.6458563 ], [ 14.6226881, 53.6460395 ], [ 14.622563, 53.6461572 ], [ 14.6223718, 53.6462924 ], [ 14.6222541, 53.6463098 ], [ 14.6221216, 53.6463316 ], [ 14.6217465, 53.6462008 ], [ 14.6216803, 53.6464058 ], [ 14.6215626, 53.6466805 ], [ 14.6215405, 53.6468549 ], [ 14.6215552, 53.6471232 ] ] ] ] } },
{ "type": "Feature", "properties": { "fid": 94, "full_id": "w331148408", "osm_id": "331148408", "osm_type": "way", "name": null, "place": null, "wetland": null, "landuse": "grass", "wikipedia": null, "wikidata": null, "water": null, "type": null, "source:alt_name:pl": null, "part_of": null, "natural": "wetland", "name:sk": null, "name:pl": null, "name:en": null, "name:de": null, "alt_name:pl": null, "alt_name:de": null, "wojewodztwo": null, "powiat": null, "gmina": null, "obreb": null, "arkusz": null, "nr_dzialki": null, "teryt": null, "pow_m2": null, "layer": "zalew_maska", "path": "C:/RDOS_Monitoring_Lokalny/zalew_maska.gpkg" }, "geometry": { "type": "MultiPolygon", "coordinates": [ [ [ [ 14.6188426, 53.634029 ], [ 14.6187643, 53.63358 ], [ 14.618399, 53.6326737 ], [ 14.6179036, 53.6321158 ], [ 14.6177626, 53.631957 ], [ 14.617626, 53.6318032 ], [ 14.6175176, 53.6314875 ], [ 14.6173174, 53.6313513 ], [ 14.6175312, 53.6310513 ], [ 14.6177492, 53.6310068 ], [ 14.6178718, 53.6308089 ], [ 14.6179417, 53.6304374 ], [ 14.6178855, 53.6302554 ], [ 14.6170958, 53.6297891 ], [ 14.6167312, 53.6297626 ], [ 14.6166542, 53.6297984 ], [ 14.6166643, 53.6298407 ], [ 14.6170413, 53.6299675 ], [ 14.6173614, 53.6301307 ], [ 14.6176527, 53.6302726 ], [ 14.6178087, 53.6304515 ], [ 14.6177775, 53.6306489 ], [ 14.6177463, 53.6307723 ], [ 14.6173198, 53.6310869 ], [ 14.6171533, 53.6312658 ], [ 14.6172365, 53.6314324 ], [ 14.617403, 53.6315928 ], [ 14.6178399, 53.6321665 ], [ 14.6183081, 53.6327834 ], [ 14.6185474, 53.6334619 ], [ 14.6186722, 53.6338938 ], [ 14.6188426, 53.634029 ] ] ] ] } },
{ "type": "Feature", "properties": { "fid": 95, "full_id": "w331148409", "osm_id": "331148409", "osm_type": "way", "name": null, "place": null, "wetland": null, "landuse": "grass", "wikipedia": null, "wikidata": null, "water": null, "type": null, "source:alt_name:pl": null, "part_of": null, "natural": "wetland", "name:sk": null, "name:pl": null, "name:en": null, "name:de": null, "alt_name:pl": null, "alt_name:de": null, "wojewodztwo": null, "powiat": null, "gmina": null, "obreb": null, "arkusz": null, "nr_dzialki": null, "teryt": null, "pow_m2": null, "layer": "zalew_maska", "path": "C:/RDOS_Monitoring_Lokalny/zalew_maska.gpkg" }, "geometry": { "type": "MultiPolygon", "coordinates": [ [ [ [ 14.6230665, 53.6456905 ], [ 14.6229721, 53.6453688 ], [ 14.622664, 53.645161 ], [ 14.6227032, 53.6450406 ], [ 14.623142, 53.6446872 ], [ 14.6229556, 53.6444698 ], [ 14.6228623, 53.6442276 ], [ 14.6228193, 53.6439598 ], [ 14.6228586, 53.6437336 ], [ 14.6224536, 53.6434114 ], [ 14.6222815, 53.6431436 ], [ 14.6216936, 53.6428418 ], [ 14.6214426, 53.642421 ], [ 14.6213677, 53.642518 ], [ 14.621344, 53.6425894 ], [ 14.6214121, 53.642651 ], [ 14.6216769, 53.6429738 ], [ 14.6220374, 53.6431526 ], [ 14.6222213, 53.6433706 ], [ 14.6223905, 53.6435538 ], [ 14.6222581, 53.6435886 ], [ 14.6225303, 53.6436541 ], [ 14.62267, 53.6437195 ], [ 14.6226038, 53.6440029 ], [ 14.6226774, 53.6442777 ], [ 14.6228392, 53.6444957 ], [ 14.6229643, 53.6446701 ], [ 14.6229128, 53.6447835 ], [ 14.6225155, 53.6449405 ], [ 14.6225082, 53.6450452 ], [ 14.6224714, 53.6451629 ], [ 14.6221698, 53.6450888 ], [ 14.6219638, 53.6450975 ], [ 14.6220374, 53.6452371 ], [ 14.6227804, 53.6454943 ], [ 14.6227951, 53.645551 ], [ 14.6227436, 53.6457603 ], [ 14.6228981, 53.6457691 ], [ 14.6230665, 53.6456905 ] ] ] ] } },
{ "type": "Feature", "properties": { "fid": 96, "full_id": "w331148410", "osm_id": "331148410", "osm_type": "way", "name": null, "place": null, "wetland": null, "landuse": "grass", "wikipedia": null, "wikidata": null, "water": null, "type": null, "source:alt_name:pl": null, "part_of": null, "natural": "wetland", "name:sk": null, "name:pl": null, "name:en": null, "name:de": null, "alt_name:pl": null, "alt_name:de": null, "wojewodztwo": null, "powiat": null, "gmina": null, "obreb": null, "arkusz": null, "nr_dzialki": null, "teryt": null, "pow_m2": null, "layer": "zalew_maska", "path": "C:/RDOS_Monitoring_Lokalny/zalew_maska.gpkg" }, "geometry": { "type": "MultiPolygon", "coordinates": [ [ [ [ 14.6146132, 53.6387437 ], [ 14.6142516, 53.6381338 ], [ 14.6137018, 53.6380151 ], [ 14.6136306, 53.6379754 ], [ 14.6134984, 53.6378953 ], [ 14.6132763, 53.6378845 ], [ 14.6129454, 53.6378197 ], [ 14.6127564, 53.6377936 ], [ 14.6123024, 53.6376606 ], [ 14.6117997, 53.6376946 ], [ 14.610986, 53.6375634 ], [ 14.6109425, 53.6375156 ], [ 14.6109873, 53.6374795 ], [ 14.6110697, 53.6374275 ], [ 14.6115331, 53.6373958 ], [ 14.6119452, 53.6373894 ], [ 14.6130705, 53.6373555 ], [ 14.6139731, 53.6373166 ], [ 14.6146224, 53.636919 ], [ 14.6156216, 53.6365071 ], [ 14.6167129, 53.6359118 ], [ 14.6168317, 53.635775 ], [ 14.6173069, 53.635572 ], [ 14.6175446, 53.6353938 ], [ 14.6178618, 53.6352248 ], [ 14.6176623, 53.6351936 ], [ 14.6173294, 53.6354095 ], [ 14.617162, 53.6354674 ], [ 14.6170277, 53.635539 ], [ 14.6166746, 53.6357091 ], [ 14.6166011, 53.6358269 ], [ 14.6165863, 53.6358967 ], [ 14.6159831, 53.6361933 ], [ 14.6155932, 53.6364463 ], [ 14.6153799, 53.6365335 ], [ 14.6149826, 53.6366818 ], [ 14.6147325, 53.6368039 ], [ 14.6143647, 53.6369173 ], [ 14.6141072, 53.6370787 ], [ 14.613938, 53.637227 ], [ 14.613401, 53.6372837 ], [ 14.6129891, 53.6373011 ], [ 14.6119739, 53.6373273 ], [ 14.6116032, 53.6372683 ], [ 14.6114256, 53.637258 ], [ 14.6112954, 53.6372612 ], [ 14.6113818, 53.6373677 ], [ 14.6113133, 53.6373363 ], [ 14.6111475, 53.637325 ], [ 14.6110655, 53.6373447 ], [ 14.6110596, 53.6373637 ], [ 14.6111, 53.6373923 ], [ 14.6111077, 53.6374078 ], [ 14.6110708, 53.6374127 ], [ 14.6110382, 53.6373954 ], [ 14.610993, 53.6373701 ], [ 14.6109513, 53.6373639 ], [ 14.6108272, 53.6373289 ], [ 14.6107821, 53.6373274 ], [ 14.6106715, 53.637307 ], [ 14.6105618, 53.6372931 ], [ 14.6107968, 53.637589 ], [ 14.6110764, 53.6376762 ], [ 14.6114074, 53.6377068 ], [ 14.6117017, 53.6377548 ], [ 14.6122608, 53.6377624 ], [ 14.612533, 53.6378245 ], [ 14.6128372, 53.6378758 ], [ 14.6130364, 53.637902 ], [ 14.6131362, 53.6379249 ], [ 14.6134084, 53.6379728 ], [ 14.6136732, 53.6380906 ], [ 14.6138718, 53.6381037 ], [ 14.6140263, 53.6381953 ], [ 14.6142029, 53.6382607 ], [ 14.6143574, 53.6384744 ], [ 14.6144751, 53.6387404 ], [ 14.6146132, 53.6387437 ] ] ] ] } },
{ "type": "Feature", "properties": { "fid": 97, "full_id": "w331148411", "osm_id": "331148411", "osm_type": "way", "name": null, "place": null, "wetland": null, "landuse": "grass", "wikipedia": null, "wikidata": null, "water": null, "type": null, "source:alt_name:pl": null, "part_of": null, "natural": "wetland", "name:sk": null, "name:pl": null, "name:en": null, "name:de": null, "alt_name:pl": null, "alt_name:de": null, "wojewodztwo": null, "powiat": null, "gmina": null, "obreb": null, "arkusz": null, "nr_dzialki": null, "teryt": null, "pow_m2": null, "layer": "zalew_maska", "path": "C:/RDOS_Monitoring_Lokalny/zalew_maska.gpkg" }, "geometry": { "type": "MultiPolygon", "coordinates": [ [ [ [ 14.6208844, 53.642552 ], [ 14.6204629, 53.6425092 ], [ 14.6200204, 53.642554 ], [ 14.6192081, 53.642607 ], [ 14.6189285, 53.6425517 ], [ 14.6185054, 53.6426453 ], [ 14.6181469, 53.6426282 ], [ 14.6174872, 53.6426835 ], [ 14.6167845, 53.6426708 ], [ 14.6166249, 53.6425134 ], [ 14.6158805, 53.6421856 ], [ 14.6156086, 53.6421819 ], [ 14.6153504, 53.6421054 ], [ 14.6149574, 53.6421269 ], [ 14.6149561, 53.6420289 ], [ 14.6151497, 53.6418461 ], [ 14.6152631, 53.6417707 ], [ 14.6154508, 53.64154 ], [ 14.6153476, 53.6412561 ], [ 14.615435, 53.6410337 ], [ 14.6152533, 53.6409632 ], [ 14.6150716, 53.6408389 ], [ 14.6149853, 53.6406727 ], [ 14.6152262, 53.640421 ], [ 14.615191, 53.640208 ], [ 14.6150192, 53.6399535 ], [ 14.6148829, 53.6398072 ], [ 14.6144635, 53.6398445 ], [ 14.614792, 53.6395917 ], [ 14.6143085, 53.6396625 ], [ 14.6142055, 53.639693 ], [ 14.6142423, 53.6397846 ], [ 14.6143232, 53.6398631 ], [ 14.6144188, 53.6399154 ], [ 14.6146616, 53.6399547 ], [ 14.6148602, 53.6399547 ], [ 14.6149779, 53.6400724 ], [ 14.6150515, 53.640212 ], [ 14.6150294, 53.6404082 ], [ 14.6147425, 53.6407441 ], [ 14.6148234, 53.6409665 ], [ 14.6148455, 53.6410624 ], [ 14.6151692, 53.6410886 ], [ 14.6152722, 53.641093 ], [ 14.6152575, 53.6413503 ], [ 14.6152207, 53.6415291 ], [ 14.6152501, 53.6416861 ], [ 14.6149485, 53.64183 ], [ 14.614794, 53.6420088 ], [ 14.6146175, 53.6421222 ], [ 14.6146542, 53.6422617 ], [ 14.6149411, 53.6422181 ], [ 14.6152869, 53.642192 ], [ 14.6153825, 53.642205 ], [ 14.6156768, 53.6422574 ], [ 14.6158901, 53.6423315 ], [ 14.6160225, 53.642362 ], [ 14.6163021, 53.6424624 ], [ 14.6163977, 53.6425757 ], [ 14.6167287, 53.6427851 ], [ 14.6170598, 53.6427589 ], [ 14.617457, 53.6427851 ], [ 14.6179867, 53.6427197 ], [ 14.6184575, 53.6427458 ], [ 14.6189651, 53.6426499 ], [ 14.6191711, 53.6427066 ], [ 14.6204217, 53.6426542 ], [ 14.6207601, 53.6426019 ], [ 14.6208844, 53.642552 ] ] ] ] } },
{ "type": "Feature", "properties": { "fid": 98, "full_id": "w499620556", "osm_id": "499620556", "osm_type": "way", "name": null, "place": "islet", "wetland": null, "landuse": null, "wikipedia": null, "wikidata": null, "water": null, "type": null, "source:alt_name:pl": null, "part_of": null, "natural": null, "name:sk": null, "name:pl": null, "name:en": null, "name:de": null, "alt_name:pl": null, "alt_name:de": null, "wojewodztwo": null, "powiat": null, "gmina": null, "obreb": null, "arkusz": null, "nr_dzialki": null, "teryt": null, "pow_m2": null, "layer": "zalew_maska", "path": "C:/RDOS_Monitoring_Lokalny/zalew_maska.gpkg" }, "geometry": { "type": "MultiPolygon", "coordinates": [ [ [ [ 14.5517828, 53.7459866 ], [ 14.5517049, 53.7459656 ], [ 14.5516837, 53.7458736 ], [ 14.5516412, 53.7458024 ], [ 14.5515563, 53.745815 ], [ 14.5514077, 53.745861 ], [ 14.5512802, 53.745907 ], [ 14.5511174, 53.7459322 ], [ 14.5511033, 53.7459782 ], [ 14.5511811, 53.7459866 ], [ 14.5512165, 53.7460368 ], [ 14.5513156, 53.7460159 ], [ 14.5514077, 53.7460494 ], [ 14.5515351, 53.7461122 ], [ 14.5518182, 53.7461415 ], [ 14.5520518, 53.7460829 ], [ 14.5521934, 53.7459782 ], [ 14.5519527, 53.7459991 ], [ 14.5517828, 53.7459866 ] ] ] ] } },
{ "type": "Feature", "properties": { "fid": 99, "full_id": "w621807769", "osm_id": "621807769", "osm_type": "way", "name": null, "place": null, "wetland": "reedbed", "landuse": null, "wikipedia": null, "wikidata": null, "water": null, "type": null, "source:alt_name:pl": null, "part_of": null, "natural": "wetland", "name:sk": null, "name:pl": null, "name:en": null, "name:de": null, "alt_name:pl": null, "alt_name:de": null, "wojewodztwo": null, "powiat": null, "gmina": null, "obreb": null, "arkusz": null, "nr_dzialki": null, "teryt": null, "pow_m2": null, "layer": "zalew_maska", "path": "C:/RDOS_Monitoring_Lokalny/zalew_maska.gpkg" }, "geometry": { "type": "MultiPolygon", "coordinates": [ [ [ [ 14.5231151, 53.6592611 ], [ 14.5232062, 53.6592804 ], [ 14.5235266, 53.6592147 ], [ 14.523847, 53.6590978 ], [ 14.5239456, 53.6590431 ], [ 14.5239456, 53.6589773 ], [ 14.5239148, 53.6588532 ], [ 14.5236886, 53.6585222 ], [ 14.5236506, 53.6586291 ], [ 14.5234956, 53.6588139 ], [ 14.5232121, 53.6589713 ], [ 14.5231151, 53.6592611 ] ] ] ] } },
{ "type": "Feature", "properties": { "fid": 100, "full_id": "w621807770", "osm_id": "621807770", "osm_type": "way", "name": null, "place": null, "wetland": "reedbed", "landuse": null, "wikipedia": null, "wikidata": null, "water": null, "type": null, "source:alt_name:pl": null, "part_of": null, "natural": "wetland", "name:sk": null, "name:pl": null, "name:en": null, "name:de": null, "alt_name:pl": null, "alt_name:de": null, "wojewodztwo": null, "powiat": null, "gmina": null, "obreb": null, "arkusz": null, "nr_dzialki": null, "teryt": null, "pow_m2": null, "layer": "zalew_maska", "path": "C:/RDOS_Monitoring_Lokalny/zalew_maska.gpkg" }, "geometry": { "type": "MultiPolygon", "coordinates": [ [ [ [ 14.5247644, 53.6574876 ], [ 14.5245133, 53.6578553 ], [ 14.5242661, 53.6580402 ], [ 14.5241858, 53.6580941 ], [ 14.5245753, 53.6580549 ], [ 14.5247478, 53.6580366 ], [ 14.5249142, 53.6580038 ], [ 14.5250436, 53.657949 ], [ 14.5252223, 53.6578687 ], [ 14.5252408, 53.6577993 ], [ 14.525019, 53.6576715 ], [ 14.5247644, 53.6574876 ] ] ] ] } },
{ "type": "Feature", "properties": { "fid": 101, "full_id": "w621963312", "osm_id": "621963312", "osm_type": "way", "name": null, "place": null, "wetland": "reedbed", "landuse": null, "wikipedia": null, "wikidata": null, "water": null, "type": null, "source:alt_name:pl": null, "part_of": null, "natural": "wetland", "name:sk": null, "name:pl": null, "name:en": null, "name:de": null, "alt_name:pl": null, "alt_name:de": null, "wojewodztwo": null, "powiat": null, "gmina": null, "obreb": null, "arkusz": null, "nr_dzialki": null, "teryt": null, "pow_m2": null, "layer": "zalew_maska", "path": "C:/RDOS_Monitoring_Lokalny/zalew_maska.gpkg" }, "geometry": { "type": "MultiPolygon", "coordinates": [ [ [ [ 14.2845108, 53.7254122 ], [ 14.2845965, 53.7254869 ], [ 14.2847349, 53.725502 ], [ 14.2848674, 53.7254765 ], [ 14.2849352, 53.7254273 ], [ 14.2851262, 53.7253817 ], [ 14.2852371, 53.7253872 ], [ 14.2855113, 53.7253872 ], [ 14.2856592, 53.7254364 ], [ 14.2859242, 53.7254346 ], [ 14.2861152, 53.7253653 ], [ 14.2862046, 53.7253343 ], [ 14.2863155, 53.7252468 ], [ 14.2863894, 53.7252067 ], [ 14.2867253, 53.7251921 ], [ 14.2868029, 53.7251382 ], [ 14.2863736, 53.7251078 ], [ 14.2860693, 53.725149 ], [ 14.2858828, 53.7251923 ], [ 14.2856231, 53.7252216 ], [ 14.284749, 53.7253417 ], [ 14.2845108, 53.7254122 ] ] ] ] } },
{ "type": "Feature", "properties": { "fid": 102, "full_id": "w621963315", "osm_id": "621963315", "osm_type": "way", "name": null, "place": null, "wetland": "reedbed", "landuse": null, "wikipedia": null, "wikidata": null, "water": null, "type": null, "source:alt_name:pl": null, "part_of": null, "natural": "wetland", "name:sk": null, "name:pl": null, "name:en": null, "name:de": null, "alt_name:pl": null, "alt_name:de": null, "wojewodztwo": null, "powiat": null, "gmina": null, "obreb": null, "arkusz": null, "nr_dzialki": null, "teryt": null, "pow_m2": null, "layer": "zalew_maska", "path": "C:/RDOS_Monitoring_Lokalny/zalew_maska.gpkg" }, "geometry": { "type": "MultiPolygon", "coordinates": [ [ [ [ 14.289992, 53.725017 ], [ 14.2897879, 53.7250865 ], [ 14.2897941, 53.725236 ], [ 14.2901125, 53.7254258 ], [ 14.2906041, 53.7257078 ], [ 14.2909278, 53.7258291 ], [ 14.2913274, 53.726053 ], [ 14.2916312, 53.7261382 ], [ 14.2918768, 53.7262678 ], [ 14.2920309, 53.7264391 ], [ 14.2925485, 53.7266615 ], [ 14.2929121, 53.7267454 ], [ 14.2936515, 53.7268329 ], [ 14.2945081, 53.7268985 ], [ 14.2946436, 53.7271464 ], [ 14.2947977, 53.7273068 ], [ 14.295266, 53.7274927 ], [ 14.2956296, 53.7274125 ], [ 14.2964368, 53.7271756 ], [ 14.2969421, 53.7269495 ], [ 14.297472, 53.726636 ], [ 14.2976384, 53.7264756 ], [ 14.2975641, 53.7263346 ], [ 14.2973784, 53.7265016 ], [ 14.297189, 53.7265971 ], [ 14.2965984, 53.7268866 ], [ 14.295954, 53.7269934 ], [ 14.2957133, 53.7269754 ], [ 14.2952389, 53.72674 ], [ 14.294987, 53.7265691 ], [ 14.294786, 53.7264789 ], [ 14.2946609, 53.7264448 ], [ 14.294481, 53.7264447 ], [ 14.2934712, 53.7264953 ], [ 14.2932055, 53.7264666 ], [ 14.2929376, 53.7264078 ], [ 14.2927595, 53.7262902 ], [ 14.2921934, 53.7258637 ], [ 14.2915421, 53.7253456 ], [ 14.291045, 53.7252458 ], [ 14.289992, 53.725017 ] ] ] ] } },
{ "type": "Feature", "properties": { "fid": 103, "full_id": "w628911006", "osm_id": "628911006", "osm_type": "way", "name": null, "place": null, "wetland": "reedbed", "landuse": null, "wikipedia": null, "wikidata": null, "water": null, "type": null, "source:alt_name:pl": null, "part_of": null, "natural": "wetland", "name:sk": null, "name:pl": null, "name:en": null, "name:de": null, "alt_name:pl": null, "alt_name:de": null, "wojewodztwo": null, "powiat": null, "gmina": null, "obreb": null, "arkusz": null, "nr_dzialki": null, "teryt": null, "pow_m2": null, "layer": "zalew_maska", "path": "C:/RDOS_Monitoring_Lokalny/zalew_maska.gpkg" }, "geometry": { "type": "MultiPolygon", "coordinates": [ [ [ [ 14.3401901, 53.8119208 ], [ 14.3400005, 53.8123274 ], [ 14.3403572, 53.8122107 ], [ 14.3404654, 53.8121752 ], [ 14.3405566, 53.8121609 ], [ 14.3406672, 53.8121042 ], [ 14.3407607, 53.8120322 ], [ 14.3409111, 53.8118377 ], [ 14.3410006, 53.8117753 ], [ 14.3410087, 53.8117297 ], [ 14.341025, 53.8116601 ], [ 14.3409152, 53.8115977 ], [ 14.34072, 53.8115641 ], [ 14.3406347, 53.8115329 ], [ 14.340655, 53.8114201 ], [ 14.3407363, 53.8113145 ], [ 14.3408989, 53.8113073 ], [ 14.341025, 53.8112592 ], [ 14.3410453, 53.811096 ], [ 14.3409802, 53.8109544 ], [ 14.3408339, 53.8109808 ], [ 14.3406943, 53.811021 ], [ 14.3406124, 53.811261 ], [ 14.3405921, 53.8114857 ], [ 14.3401901, 53.8119208 ] ] ] ] } },
{ "type": "Feature", "properties": { "fid": 104, "full_id": "w628911008", "osm_id": "628911008", "osm_type": "way", "name": null, "place": null, "wetland": "reedbed", "landuse": null, "wikipedia": null, "wikidata": null, "water": null, "type": null, "source:alt_name:pl": null, "part_of": null, "natural": "wetland", "name:sk": null, "name:pl": null, "name:en": null, "name:de": null, "alt_name:pl": null, "alt_name:de": null, "wojewodztwo": null, "powiat": null, "gmina": null, "obreb": null, "arkusz": null, "nr_dzialki": null, "teryt": null, "pow_m2": null, "layer": "zalew_maska", "path": "C:/RDOS_Monitoring_Lokalny/zalew_maska.gpkg" }, "geometry": { "type": "MultiPolygon", "coordinates": [ [ [ [ 14.3393145, 53.8139229 ], [ 14.3393663, 53.8139922 ], [ 14.3395203, 53.8139885 ], [ 14.3397052, 53.813963 ], [ 14.3398592, 53.813903 ], [ 14.3399609, 53.8138157 ], [ 14.3400287, 53.8137539 ], [ 14.3401026, 53.8136847 ], [ 14.340155, 53.8135574 ], [ 14.3400533, 53.8134992 ], [ 14.3398385, 53.8135231 ], [ 14.3393145, 53.8139229 ] ] ] ] } },
{ "type": "Feature", "properties": { "fid": 105, "full_id": "w628911009", "osm_id": "628911009", "osm_type": "way", "name": null, "place": null, "wetland": "reedbed", "landuse": null, "wikipedia": null, "wikidata": null, "water": null, "type": null, "source:alt_name:pl": null, "part_of": null, "natural": "wetland", "name:sk": null, "name:pl": null, "name:en": null, "name:de": null, "alt_name:pl": null, "alt_name:de": null, "wojewodztwo": null, "powiat": null, "gmina": null, "obreb": null, "arkusz": null, "nr_dzialki": null, "teryt": null, "pow_m2": null, "layer": "zalew_maska", "path": "C:/RDOS_Monitoring_Lokalny/zalew_maska.gpkg" }, "geometry": { "type": "MultiPolygon", "coordinates": [ [ [ [ 14.3381683, 53.8167502 ], [ 14.3383302, 53.8167278 ], [ 14.3384935, 53.8166641 ], [ 14.3385982, 53.8166186 ], [ 14.3386906, 53.8165695 ], [ 14.3387215, 53.8165186 ], [ 14.3386845, 53.8164204 ], [ 14.3385951, 53.816364 ], [ 14.338552, 53.8163512 ], [ 14.3384719, 53.816333 ], [ 14.3383873, 53.8163954 ], [ 14.3382618, 53.816666 ], [ 14.3381683, 53.8167502 ] ] ] ] } },
{ "type": "Feature", "properties": { "fid": 106, "full_id": "w628911010", "osm_id": "628911010", "osm_type": "way", "name": null, "place": null, "wetland": "reedbed", "landuse": null, "wikipedia": null, "wikidata": null, "water": null, "type": null, "source:alt_name:pl": null, "part_of": null, "natural": "wetland", "name:sk": null, "name:pl": null, "name:en": null, "name:de": null, "alt_name:pl": null, "alt_name:de": null, "wojewodztwo": null, "powiat": null, "gmina": null, "obreb": null, "arkusz": null, "nr_dzialki": null, "teryt": null, "pow_m2": null, "layer": "zalew_maska", "path": "C:/RDOS_Monitoring_Lokalny/zalew_maska.gpkg" }, "geometry": { "type": "MultiPolygon", "coordinates": [ [ [ [ 14.3373916, 53.8193514 ], [ 14.337498, 53.8194333 ], [ 14.3376212, 53.8194152 ], [ 14.3377445, 53.8193242 ], [ 14.3378308, 53.8192442 ], [ 14.3378123, 53.8191169 ], [ 14.3377506, 53.8190223 ], [ 14.3375156, 53.8189706 ], [ 14.3375543, 53.8192119 ], [ 14.3373916, 53.8193514 ] ] ] ] } },
{ "type": "Feature", "properties": { "fid": 107, "full_id": "w628911025", "osm_id": "628911025", "osm_type": "way", "name": null, "place": null, "wetland": "reedbed", "landuse": null, "wikipedia": null, "wikidata": null, "water": null, "type": null, "source:alt_name:pl": null, "part_of": null, "natural": "wetland", "name:sk": null, "name:pl": null, "name:en": null, "name:de": null, "alt_name:pl": null, "alt_name:de": null, "wojewodztwo": null, "powiat": null, "gmina": null, "obreb": null, "arkusz": null, "nr_dzialki": null, "teryt": null, "pow_m2": null, "layer": "zalew_maska", "path": "C:/RDOS_Monitoring_Lokalny/zalew_maska.gpkg" }, "geometry": { "type": "MultiPolygon", "coordinates": [ [ [ [ 14.3403814, 53.8265438 ], [ 14.3405089, 53.826603 ], [ 14.3407844, 53.8266222 ], [ 14.3408871, 53.8265368 ], [ 14.3408171, 53.8264155 ], [ 14.3408171, 53.8263356 ], [ 14.3410039, 53.8262749 ], [ 14.341144, 53.8262005 ], [ 14.3412748, 53.8260903 ], [ 14.3414008, 53.8260324 ], [ 14.3416343, 53.8260076 ], [ 14.3418959, 53.826082 ], [ 14.3421574, 53.8260875 ], [ 14.3423162, 53.8260875 ], [ 14.3424983, 53.8260544 ], [ 14.3426804, 53.8260296 ], [ 14.3427972, 53.8259965 ], [ 14.3428906, 53.8257705 ], [ 14.3428766, 53.8256989 ], [ 14.3428299, 53.8256327 ], [ 14.3426944, 53.8255886 ], [ 14.342503, 53.8256217 ], [ 14.3424703, 53.8257264 ], [ 14.3422601, 53.8256906 ], [ 14.342064, 53.8256437 ], [ 14.3418772, 53.8255776 ], [ 14.3417371, 53.8255528 ], [ 14.3414989, 53.8255886 ], [ 14.3412539, 53.8256328 ], [ 14.3411631, 53.8257453 ], [ 14.3416601, 53.8256174 ], [ 14.3417957, 53.8256231 ], [ 14.3419647, 53.8256769 ], [ 14.3421096, 53.825726 ], [ 14.3421915, 53.8258108 ], [ 14.3422236, 53.8259094 ], [ 14.3420764, 53.8259716 ], [ 14.3415335, 53.8259559 ], [ 14.3411588, 53.8260422 ], [ 14.3403814, 53.8265438 ] ] ] ] } },
{ "type": "Feature", "properties": { "fid": 108, "full_id": "w628911026", "osm_id": "628911026", "osm_type": "way", "name": null, "place": null, "wetland": "reedbed", "landuse": null, "wikipedia": null, "wikidata": null, "water": null, "type": null, "source:alt_name:pl": null, "part_of": null, "natural": "wetland", "name:sk": null, "name:pl": null, "name:en": null, "name:de": null, "alt_name:pl": null, "alt_name:de": null, "wojewodztwo": null, "powiat": null, "gmina": null, "obreb": null, "arkusz": null, "nr_dzialki": null, "teryt": null, "pow_m2": null, "layer": "zalew_maska", "path": "C:/RDOS_Monitoring_Lokalny/zalew_maska.gpkg" }, "geometry": { "type": "MultiPolygon", "coordinates": [ [ [ [ 14.3419728, 53.826696 ], [ 14.3421316, 53.8266244 ], [ 14.3421175, 53.8264728 ], [ 14.3419261, 53.826459 ], [ 14.3417953, 53.8263349 ], [ 14.3414871, 53.826346 ], [ 14.3413797, 53.8264094 ], [ 14.3415011, 53.8264976 ], [ 14.3416225, 53.8265251 ], [ 14.3417253, 53.8265582 ], [ 14.3417533, 53.8266822 ], [ 14.3419728, 53.826696 ] ] ] ] } },
{ "type": "Feature", "properties": { "fid": 109, "full_id": "w628911028", "osm_id": "628911028", "osm_type": "way", "name": null, "place": null, "wetland": "reedbed", "landuse": null, "wikipedia": null, "wikidata": null, "water": null, "type": null, "source:alt_name:pl": null, "part_of": null, "natural": "wetland", "name:sk": null, "name:pl": null, "name:en": null, "name:de": null, "alt_name:pl": null, "alt_name:de": null, "wojewodztwo": null, "powiat": null, "gmina": null, "obreb": null, "arkusz": null, "nr_dzialki": null, "teryt": null, "pow_m2": null, "layer": "zalew_maska", "path": "C:/RDOS_Monitoring_Lokalny/zalew_maska.gpkg" }, "geometry": { "type": "MultiPolygon", "coordinates": [ [ [ [ 14.3409484, 53.8309513 ], [ 14.3411774, 53.8309906 ], [ 14.3416304, 53.8310292 ], [ 14.3418966, 53.8310485 ], [ 14.3420787, 53.831156 ], [ 14.3422562, 53.8312717 ], [ 14.3422515, 53.8313627 ], [ 14.3422608, 53.8314509 ], [ 14.3423589, 53.8315363 ], [ 14.3424943, 53.8315749 ], [ 14.3427092, 53.8315749 ], [ 14.342924, 53.8315032 ], [ 14.3429567, 53.8313875 ], [ 14.3429193, 53.8312607 ], [ 14.3429847, 53.8311642 ], [ 14.3430501, 53.8310815 ], [ 14.3428119, 53.8309217 ], [ 14.3427839, 53.8307866 ], [ 14.3427605, 53.8306984 ], [ 14.3426438, 53.8306213 ], [ 14.3424617, 53.8306047 ], [ 14.3422608, 53.8305331 ], [ 14.3421861, 53.8304945 ], [ 14.3422702, 53.8304421 ], [ 14.3424617, 53.8302437 ], [ 14.3425457, 53.830037 ], [ 14.342513, 53.8298082 ], [ 14.3424159, 53.829728 ], [ 14.3418302, 53.8305202 ], [ 14.3418629, 53.8307091 ], [ 14.3416842, 53.8309359 ], [ 14.3409484, 53.8309513 ] ] ] ] } },
{ "type": "Feature", "properties": { "fid": 110, "full_id": "w628911029", "osm_id": "628911029", "osm_type": "way", "name": null, "place": null, "wetland": "reedbed", "landuse": null, "wikipedia": null, "wikidata": null, "water": null, "type": null, "source:alt_name:pl": null, "part_of": null, "natural": "wetland", "name:sk": null, "name:pl": null, "name:en": null, "name:de": null, "alt_name:pl": null, "alt_name:de": null, "wojewodztwo": null, "powiat": null, "gmina": null, "obreb": null, "arkusz": null, "nr_dzialki": null, "teryt": null, "pow_m2": null, "layer": "zalew_maska", "path": "C:/RDOS_Monitoring_Lokalny/zalew_maska.gpkg" }, "geometry": { "type": "MultiPolygon", "coordinates": [ [ [ [ 14.3410117, 53.8320172 ], [ 14.341037, 53.8319408 ], [ 14.3411192, 53.8317981 ], [ 14.3410964, 53.8316634 ], [ 14.3409458, 53.8316095 ], [ 14.340754, 53.8315853 ], [ 14.3405989, 53.8315853 ], [ 14.3403341, 53.8316122 ], [ 14.3399823, 53.8316928 ], [ 14.3401317, 53.8316967 ], [ 14.3404393, 53.8317142 ], [ 14.3410117, 53.8320172 ] ] ] ] } },
{ "type": "Feature", "properties": { "fid": 111, "full_id": "w628911030", "osm_id": "628911030", "osm_type": "way", "name": null, "place": null, "wetland": "reedbed", "landuse": null, "wikipedia": null, "wikidata": null, "water": null, "type": null, "source:alt_name:pl": null, "part_of": null, "natural": "wetland", "name:sk": null, "name:pl": null, "name:en": null, "name:de": null, "alt_name:pl": null, "alt_name:de": null, "wojewodztwo": null, "powiat": null, "gmina": null, "obreb": null, "arkusz": null, "nr_dzialki": null, "teryt": null, "pow_m2": null, "layer": "zalew_maska", "path": "C:/RDOS_Monitoring_Lokalny/zalew_maska.gpkg" }, "geometry": { "type": "MultiPolygon", "coordinates": [ [ [ [ 14.3429347, 53.8321583 ], [ 14.3431434, 53.8320735 ], [ 14.3436912, 53.8320817 ], [ 14.3442373, 53.8323303 ], [ 14.3446219, 53.8322858 ], [ 14.3448506, 53.8320262 ], [ 14.3446697, 53.8320549 ], [ 14.344511, 53.8321223 ], [ 14.3442298, 53.8321436 ], [ 14.34406, 53.8320746 ], [ 14.3439876, 53.8319974 ], [ 14.3437843, 53.8319974 ], [ 14.3436034, 53.8319925 ], [ 14.3434308, 53.8319678 ], [ 14.343389, 53.8318988 ], [ 14.343453, 53.8318364 ], [ 14.3434503, 53.8317657 ], [ 14.3433445, 53.8316869 ], [ 14.343222, 53.8316934 ], [ 14.3431607, 53.8317427 ], [ 14.3429742, 53.8317887 ], [ 14.3428405, 53.8317345 ], [ 14.3427598, 53.8317822 ], [ 14.3427737, 53.8318791 ], [ 14.3428712, 53.831981 ], [ 14.3429347, 53.8321583 ] ] ] ] } },
{ "type": "Feature", "properties": { "fid": 112, "full_id": "w628911031", "osm_id": "628911031", "osm_type": "way", "name": null, "place": null, "wetland": "reedbed", "landuse": null, "wikipedia": null, "wikidata": null, "water": null, "type": null, "source:alt_name:pl": null, "part_of": null, "natural": "wetland", "name:sk": null, "name:pl": null, "name:en": null, "name:de": null, "alt_name:pl": null, "alt_name:de": null, "wojewodztwo": null, "powiat": null, "gmina": null, "obreb": null, "arkusz": null, "nr_dzialki": null, "teryt": null, "pow_m2": null, "layer": "zalew_maska", "path": "C:/RDOS_Monitoring_Lokalny/zalew_maska.gpkg" }, "geometry": { "type": "MultiPolygon", "coordinates": [ [ [ [ 14.3477412, 53.8339081 ], [ 14.3479543, 53.8336046 ], [ 14.348002, 53.8334485 ], [ 14.3479102, 53.8333596 ], [ 14.3476971, 53.8333032 ], [ 14.3476053, 53.8333184 ], [ 14.3474032, 53.8334203 ], [ 14.3472526, 53.8335092 ], [ 14.3472012, 53.8336067 ], [ 14.3473334, 53.8337195 ], [ 14.3473665, 53.833804 ], [ 14.3475678, 53.8338967 ], [ 14.3477412, 53.8339081 ] ] ] ] } },
{ "type": "Feature", "properties": { "fid": 113, "full_id": "w634350183", "osm_id": "634350183", "osm_type": "way", "name": null, "place": null, "wetland": "reedbed", "landuse": null, "wikipedia": null, "wikidata": null, "water": null, "type": null, "source:alt_name:pl": null, "part_of": null, "natural": "wetland", "name:sk": null, "name:pl": null, "name:en": null, "name:de": null, "alt_name:pl": null, "alt_name:de": null, "wojewodztwo": null, "powiat": null, "gmina": null, "obreb": null, "arkusz": null, "nr_dzialki": null, "teryt": null, "pow_m2": null, "layer": "zalew_maska", "path": "C:/RDOS_Monitoring_Lokalny/zalew_maska.gpkg" }, "geometry": { "type": "MultiPolygon", "coordinates": [ [ [ [ 14.30288, 53.7262329 ], [ 14.3021878, 53.726212 ], [ 14.3015835, 53.7261036 ], [ 14.3008319, 53.7258546 ], [ 14.3004978, 53.7257885 ], [ 14.3002391, 53.7257448 ], [ 14.2999588, 53.7257413 ], [ 14.2999677, 53.7258038 ], [ 14.2999677, 53.7258384 ], [ 14.3000509, 53.725915 ], [ 14.300168, 53.7259532 ], [ 14.300282, 53.7259642 ], [ 14.3004052, 53.7259696 ], [ 14.3005069, 53.725966 ], [ 14.3006055, 53.7259441 ], [ 14.3006609, 53.7259478 ], [ 14.3007503, 53.7259751 ], [ 14.3007719, 53.7259988 ], [ 14.3007903, 53.7260371 ], [ 14.3008304, 53.7260626 ], [ 14.3009228, 53.7260735 ], [ 14.3009999, 53.7260918 ], [ 14.3010553, 53.7261045 ], [ 14.30112, 53.7261392 ], [ 14.3011108, 53.7261665 ], [ 14.3010984, 53.7261939 ], [ 14.3011786, 53.7262522 ], [ 14.3012371, 53.7262777 ], [ 14.3012587, 53.7263069 ], [ 14.3012987, 53.7263287 ], [ 14.3013819, 53.7263233 ], [ 14.3014528, 53.7262959 ], [ 14.3015914, 53.7262941 ], [ 14.3016746, 53.7263105 ], [ 14.3016777, 53.7263543 ], [ 14.3016469, 53.7264053 ], [ 14.301576, 53.7264472 ], [ 14.3014096, 53.7265092 ], [ 14.3014867, 53.7265457 ], [ 14.3016099, 53.7265457 ], [ 14.3017208, 53.7265165 ], [ 14.3018595, 53.72646 ], [ 14.3020228, 53.7263907 ], [ 14.3021029, 53.726347 ], [ 14.3022354, 53.7263506 ], [ 14.3022816, 53.7263853 ], [ 14.3024048, 53.7264199 ], [ 14.3025897, 53.7263998 ], [ 14.3026698, 53.7263524 ], [ 14.3027191, 53.7262959 ], [ 14.30288, 53.7262329 ] ] ] ] } },
{ "type": "Feature", "properties": { "fid": 114, "full_id": "w859210613", "osm_id": "859210613", "osm_type": "way", "name": null, "place": null, "wetland": null, "landuse": null, "wikipedia": null, "wikidata": null, "water": null, "type": null, "source:alt_name:pl": null, "part_of": null, "natural": "coastline", "name:sk": null, "name:pl": null, "name:en": null, "name:de": null, "alt_name:pl": null, "alt_name:de": null, "wojewodztwo": null, "powiat": null, "gmina": null, "obreb": null, "arkusz": null, "nr_dzialki": null, "teryt": null, "pow_m2": null, "layer": "zalew_maska", "path": "C:/RDOS_Monitoring_Lokalny/zalew_maska.gpkg" }, "geometry": { "type": "MultiPolygon", "coordinates": [ [ [ [ 14.4515662, 53.7987734 ], [ 14.4533101, 53.7985307 ], [ 14.4548337, 53.7981351 ], [ 14.4565463, 53.7974784 ], [ 14.4579239, 53.796612 ], [ 14.4591698, 53.7954536 ], [ 14.4597514, 53.794323 ], [ 14.4599799, 53.7931924 ], [ 14.4597846, 53.7920891 ], [ 14.4595481, 53.7914656 ], [ 14.4589357, 53.7905374 ], [ 14.4582822, 53.789918 ], [ 14.4575985, 53.7893752 ], [ 14.4564027, 53.7887081 ], [ 14.4549738, 53.7881776 ], [ 14.4538623, 53.787883 ], [ 14.4529369, 53.7877026 ], [ 14.4520402, 53.7875782 ], [ 14.4508975, 53.787487 ], [ 14.4501224, 53.7874777 ], [ 14.4494119, 53.7875189 ], [ 14.4479204, 53.7876678 ], [ 14.4465938, 53.7879592 ], [ 14.4462499, 53.7880658 ], [ 14.4453145, 53.7883556 ], [ 14.4441927, 53.7888444 ], [ 14.4427819, 53.7897318 ], [ 14.4415942, 53.7910037 ], [ 14.4412377, 53.7916078 ], [ 14.4409689, 53.7922105 ], [ 14.440814, 53.7930542 ], [ 14.4409793, 53.7942889 ], [ 14.4415361, 53.7953824 ], [ 14.4429708, 53.7967902 ], [ 14.4444241, 53.7976291 ], [ 14.4460129, 53.7982264 ], [ 14.4476667, 53.7986089 ], [ 14.4497448, 53.7988167 ], [ 14.4515662, 53.7987734 ] ] ] ] } },
{ "type": "Feature", "properties": { "fid": 115, "full_id": "w859210614", "osm_id": "859210614", "osm_type": "way", "name": null, "place": null, "wetland": null, "landuse": null, "wikipedia": null, "wikidata": null, "water": null, "type": null, "source:alt_name:pl": null, "part_of": null, "natural": "coastline", "name:sk": null, "name:pl": null, "name:en": null, "name:de": null, "alt_name:pl": null, "alt_name:de": null, "wojewodztwo": null, "powiat": null, "gmina": null, "obreb": null, "arkusz": null, "nr_dzialki": null, "teryt": null, "pow_m2": null, "layer": "zalew_maska", "path": "C:/RDOS_Monitoring_Lokalny/zalew_maska.gpkg" }, "geometry": { "type": "MultiPolygon", "coordinates": [ [ [ [ 14.5075183, 53.7564701 ], [ 14.5092073, 53.7556361 ], [ 14.510792, 53.7546291 ], [ 14.5122008, 53.7533357 ], [ 14.5131536, 53.7518408 ], [ 14.5136551, 53.7503538 ], [ 14.5137282, 53.7495777 ], [ 14.5136726, 53.7488374 ], [ 14.5132057, 53.7473465 ], [ 14.5122712, 53.7459348 ], [ 14.510903, 53.7446535 ], [ 14.5091505, 53.7435488 ], [ 14.5070771, 53.7426607 ], [ 14.5065829, 53.7425244 ], [ 14.5047577, 53.7420211 ], [ 14.5022761, 53.7416533 ], [ 14.499722, 53.7415705 ], [ 14.4971876, 53.7417757 ], [ 14.4947644, 53.7422615 ], [ 14.49254, 53.7430103 ], [ 14.4920164, 53.7432754 ], [ 14.4905948, 53.7439951 ], [ 14.4898992, 53.7445117 ], [ 14.488999, 53.7451803 ], [ 14.4884942, 53.7457506 ], [ 14.4878104, 53.7465231 ], [ 14.4870719, 53.747975 ], [ 14.4868103, 53.7494834 ], [ 14.486929, 53.751009 ], [ 14.4871957, 53.7518376 ], [ 14.4875844, 53.7525367 ], [ 14.4885217, 53.7536812 ], [ 14.4893716, 53.7544722 ], [ 14.49025, 53.7551003 ], [ 14.4910694, 53.7555744 ], [ 14.4922252, 53.7561273 ], [ 14.4933172, 53.7565687 ], [ 14.494497, 53.7569641 ], [ 14.4968241, 53.7574385 ], [ 14.4989892, 53.7576226 ], [ 14.5005872, 53.7576424 ], [ 14.5024306, 53.7575562 ], [ 14.5046273, 53.7572552 ], [ 14.5060808, 53.7569202 ], [ 14.5075183, 53.7564701 ] ] ] ] } },
{ "type": "Feature", "properties": { "fid": 116, "full_id": "w1037703308", "osm_id": "1037703308", "osm_type": "way", "name": null, "place": null, "wetland": "reedbed", "landuse": null, "wikipedia": null, "wikidata": null, "water": null, "type": null, "source:alt_name:pl": null, "part_of": null, "natural": "wetland", "name:sk": null, "name:pl": null, "name:en": null, "name:de": null, "alt_name:pl": null, "alt_name:de": null, "wojewodztwo": null, "powiat": null, "gmina": null, "obreb": null, "arkusz": null, "nr_dzialki": null, "teryt": null, "pow_m2": null, "layer": "zalew_maska", "path": "C:/RDOS_Monitoring_Lokalny/zalew_maska.gpkg" }, "geometry": { "type": "MultiPolygon", "coordinates": [ [ [ [ 14.5428588, 53.6971433 ], [ 14.5431615, 53.6970927 ], [ 14.5433114, 53.6969668 ], [ 14.5439817, 53.6967255 ], [ 14.543705, 53.69677 ], [ 14.5432668, 53.6968711 ], [ 14.5428392, 53.696921 ], [ 14.5426882, 53.6970265 ], [ 14.5427277, 53.6971267 ], [ 14.5428588, 53.6971433 ] ] ] ] } },
{ "type": "Feature", "properties": { "fid": 117, "full_id": "w1037703309", "osm_id": "1037703309", "osm_type": "way", "name": null, "place": null, "wetland": "reedbed", "landuse": null, "wikipedia": null, "wikidata": null, "water": null, "type": null, "source:alt_name:pl": null, "part_of": null, "natural": "wetland", "name:sk": null, "name:pl": null, "name:en": null, "name:de": null, "alt_name:pl": null, "alt_name:de": null, "wojewodztwo": null, "powiat": null, "gmina": null, "obreb": null, "arkusz": null, "nr_dzialki": null, "teryt": null, "pow_m2": null, "layer": "zalew_maska", "path": "C:/RDOS_Monitoring_Lokalny/zalew_maska.gpkg" }, "geometry": { "type": "MultiPolygon", "coordinates": [ [ [ [ 14.5427287, 53.6977295 ], [ 14.5425421, 53.6977194 ], [ 14.5423551, 53.697807 ], [ 14.5420593, 53.697869 ], [ 14.5418383, 53.6980404 ], [ 14.5419388, 53.6981901 ], [ 14.5419802, 53.6984601 ], [ 14.5416133, 53.6985842 ], [ 14.5414088, 53.6988209 ], [ 14.5411598, 53.6992283 ], [ 14.5408655, 53.6994147 ], [ 14.540397, 53.6998514 ], [ 14.54018, 53.7000126 ], [ 14.5400834, 53.7000761 ], [ 14.5399745, 53.7002022 ], [ 14.5399761, 53.700273 ], [ 14.5399014, 53.7003937 ], [ 14.539613, 53.700574 ], [ 14.5392943, 53.7009913 ], [ 14.5391024, 53.7014572 ], [ 14.5387792, 53.7016174 ], [ 14.5388193, 53.7016514 ], [ 14.5389327, 53.7016875 ], [ 14.53906, 53.7017084 ], [ 14.539268, 53.7016161 ], [ 14.5395652, 53.700987 ], [ 14.5403562, 53.7004601 ], [ 14.540758, 53.6999341 ], [ 14.54171, 53.6990795 ], [ 14.5420202, 53.6989692 ], [ 14.5424994, 53.6983741 ], [ 14.5427878, 53.6978729 ], [ 14.5427287, 53.6977295 ] ] ] ] } },
{ "type": "Feature", "properties": { "fid": 1, "full_id": null, "osm_id": null, "osm_type": null, "name": null, "place": null, "wetland": null, "landuse": null, "wikipedia": null, "wikidata": null, "water": null, "type": null, "source:alt_name:pl": null, "part_of": null, "natural": null, "name:sk": null, "name:pl": null, "name:en": null, "name:de": null, "alt_name:pl": null, "alt_name:de": null, "wojewodztwo": "zachodniopomorskie", "powiat": "powiat Świnoujście", "gmina": "Świnoujście (miasto)", "obreb": "Ognica 13", "arkusz": null, "nr_dzialki": "3/3", "teryt": "326301_1.0013.3/3", "pow_m2": 1344342.4, "layer": "polnoc_zalewu", "path": "C:/RDOS_Monitoring_Lokalny/polnoc_zalewu.gpkg" }, "geometry": { "type": "MultiPolygon", "coordinates": [ [ [ [ 14.283115074389691, 53.88186408856739 ], [ 14.28317178100918, 53.882314536196404 ], [ 14.283172296013547, 53.882318627018599 ], [ 14.283259984428355, 53.882718829596257 ], [ 14.283370207525484, 53.882992318233576 ], [ 14.283371186204375, 53.88299485866321 ], [ 14.283445093438029, 53.883186704956962 ], [ 14.283527134400469, 53.883399663091389 ], [ 14.283528156434993, 53.883404657706393 ], [ 14.283571957642453, 53.883618712770804 ], [ 14.282609628872056, 53.883838143803644 ], [ 14.279896525521417, 53.883489989365884 ], [ 14.279570790033853, 53.883895920435428 ], [ 14.279245047532857, 53.884301850349729 ], [ 14.278919303925401, 53.884707689295169 ], [ 14.278593547622149, 53.885113616799728 ], [ 14.278267632613268, 53.885519539671265 ], [ 14.277941868784321, 53.88592537504757 ], [ 14.277616092520399, 53.886331299074186 ], [ 14.2770196329618, 53.886609874393372 ], [ 14.276423006687873, 53.886888532663434 ], [ 14.275826529297124, 53.887167101205023 ], [ 14.275230043016574, 53.887445666336539 ], [ 14.274633542098803, 53.887724317850768 ], [ 14.274036886460495, 53.888002872800527 ], [ 14.273440368686888, 53.888281517763843 ], [ 14.272843848963886, 53.888560069894986 ], [ 14.272175136673262, 53.888773949472501 ], [ 14.271506271751232, 53.88898773226736 ], [ 14.270837551973168, 53.889201514914006 ], [ 14.270168667261904, 53.88941538022187 ], [ 14.269499933024118, 53.889629155465705 ], [ 14.268831185367516, 53.88984301662628 ], [ 14.268162283911797, 53.89005678058443 ], [ 14.267493520834092, 53.890270633790628 ], [ 14.266824603949862, 53.890484389738248 ], [ 14.266155831350941, 53.890698145094902 ], [ 14.265487045183317, 53.890911986145824 ], [ 14.264818105192516, 53.8911257298357 ], [ 14.264149303831539, 53.891339562805221 ], [ 14.263480349364798, 53.891553298953212 ], [ 14.262811540604082, 53.891767035587144 ], [ 14.262189282085609, 53.89202526001511 ], [ 14.261604395550982, 53.892312388698066 ], [ 14.261019502685908, 53.89259951588884 ], [ 14.260434749447956, 53.892886734421431 ], [ 14.259849843266631, 53.893173857279372 ], [ 14.259264929806612, 53.893460977329383 ], [ 14.258680154700668, 53.893748187574765 ], [ 14.258095225639282, 53.894035301401033 ], [ 14.257510283277663, 53.894322501867975 ], [ 14.256925339944434, 53.894609609558131 ], [ 14.256340542027051, 53.894896717831585 ], [ 14.255816242164004, 53.895222161672635 ], [ 14.25538091429871, 53.895590459788799 ], [ 14.254945422289719, 53.895958842520301 ], [ 14.254510386054372, 53.896327144194252 ], [ 14.254074583797959, 53.896695426762236 ], [ 14.25363907349867, 53.897063804352854 ], [ 14.253203715005737, 53.897432093886017 ], [ 14.253226911222603, 53.896988458837718 ], [ 14.253286984826818, 53.896546567363593 ], [ 14.253383676311948, 53.896108031935185 ], [ 14.253516124202127, 53.89567436128835 ], [ 14.253684345032635, 53.895245285999444 ], [ 14.253885904616045, 53.894823087923385 ], [ 14.254108579051859, 53.894406138314785 ], [ 14.254343851425727, 53.894003592920932 ], [ 14.254609280037576, 53.893586811948389 ], [ 14.255749130254513, 53.893855487459803 ], [ 14.255800189989531, 53.893840561654642 ], [ 14.25590969965368, 53.893749109270168 ], [ 14.256125763541679, 53.893557864592516 ], [ 14.255972416900649, 53.893505443198904 ], [ 14.256226216724361, 53.893235489281459 ], [ 14.256599997765353, 53.893039220730849 ], [ 14.256981381811652, 53.892747817665402 ], [ 14.257109694242832, 53.892803621315586 ], [ 14.257025548872235, 53.892638325551715 ], [ 14.257460113512968, 53.892364412058249 ], [ 14.257880867683683, 53.892033808938649 ], [ 14.258380618708445, 53.891586697400861 ], [ 14.25856958428043, 53.89142566350521 ], [ 14.258978660271156, 53.891217613067454 ], [ 14.259052511395431, 53.891208297967232 ], [ 14.259151255938159, 53.891131490534498 ], [ 14.25997747481091, 53.890725998436146 ], [ 14.260714121510194, 53.890380745426498 ], [ 14.26127315061737, 53.890095475976388 ], [ 14.261627941383709, 53.889986336334339 ], [ 14.262510780374207, 53.889583649847701 ], [ 14.264374615287201, 53.88886404228073 ], [ 14.264914625999578, 53.888659411352535 ], [ 14.265157221594833, 53.888071263695956 ], [ 14.265892169547174, 53.887696917075544 ], [ 14.26651677364204, 53.887394583939447 ], [ 14.266620836570411, 53.887253278627639 ], [ 14.266907417068101, 53.887176463682032 ], [ 14.267609039205929, 53.887211067192197 ], [ 14.26879164348103, 53.887042277546428 ], [ 14.270394665530162, 53.886793050434655 ], [ 14.271303934699977, 53.886539971019097 ], [ 14.271622778861108, 53.886395278047509 ], [ 14.271955056018907, 53.886305915857164 ], [ 14.272630301030489, 53.886138221378857 ], [ 14.273273503607101, 53.885936706843829 ], [ 14.273679326005997, 53.885827973518616 ], [ 14.274864633583784, 53.885123945943413 ], [ 14.275828748963709, 53.884565211928788 ], [ 14.276175869723325, 53.884294284670219 ], [ 14.27698985565576, 53.883645005793781 ], [ 14.277194485711135, 53.883355913533926 ], [ 14.27737150347664, 53.882995343711904 ], [ 14.277392176117724, 53.882462639103153 ], [ 14.277312606537038, 53.881604336348772 ], [ 14.277085040835976, 53.880763800335053 ], [ 14.277052278893219, 53.880402151804645 ], [ 14.276933917438587, 53.87919554957832 ], [ 14.276467376284719, 53.877613295350628 ], [ 14.276444480941796, 53.877544262432764 ], [ 14.276396306145541, 53.877452176732909 ], [ 14.276294286409778, 53.877142357738997 ], [ 14.276416437576083, 53.876906687981737 ], [ 14.276450800853992, 53.876462856902187 ], [ 14.276541646855911, 53.876023291868087 ], [ 14.276626506829025, 53.875647512742219 ], [ 14.276615065030434, 53.875250202751587 ], [ 14.276832905868865, 53.874502416066981 ], [ 14.277084848505954, 53.874243636125399 ], [ 14.277329978188241, 53.873951246071641 ], [ 14.277565948354699, 53.873649648620443 ], [ 14.278028394962126, 53.873175890015858 ], [ 14.278329617101861, 53.872713409815631 ], [ 14.278693131767973, 53.872406541251507 ], [ 14.278838022830389, 53.872239725371365 ], [ 14.279016810776396, 53.871745871902817 ], [ 14.279206464776582, 53.871204071492734 ], [ 14.279527345583826, 53.871046999305598 ], [ 14.279584087828876, 53.87065637272152 ], [ 14.279668246954961, 53.870122513822601 ], [ 14.279879758968347, 53.869630469427712 ], [ 14.279951299993769, 53.868864797842136 ], [ 14.279632899772999, 53.868157815664091 ], [ 14.279708290380395, 53.867941049061834 ], [ 14.279701589958778, 53.867669638927708 ], [ 14.279520994214947, 53.867013040373983 ], [ 14.27948346009142, 53.866547159460218 ], [ 14.279530858724824, 53.866274453544165 ], [ 14.279673022968467, 53.866156120320078 ], [ 14.279458297635449, 53.86590956302873 ], [ 14.279499757920052, 53.86578916498425 ], [ 14.279503489318945, 53.865778329152725 ], [ 14.279482036356399, 53.865745653750288 ], [ 14.279507220052768, 53.865737324291459 ], [ 14.27949539538484, 53.865722669967035 ], [ 14.279466208456483, 53.86570132763827 ], [ 14.27938626217219, 53.86568162004771 ], [ 14.279351446064705, 53.865702408315606 ], [ 14.280771107451743, 53.861759202359778 ], [ 14.287715297611177, 53.859931563065182 ], [ 14.287245370697251, 53.860368059040084 ], [ 14.28709485229354, 53.86055909992217 ], [ 14.287004988332246, 53.86052334225662 ], [ 14.285975326984362, 53.861692546560477 ], [ 14.285964975777437, 53.861723150490633 ], [ 14.286282275971033, 53.862004847687132 ], [ 14.286360291251309, 53.862075487355277 ], [ 14.286398550369563, 53.862109441213441 ], [ 14.285226950362043, 53.862567207058866 ], [ 14.285219874479283, 53.862605979104067 ], [ 14.285628360412627, 53.862971025336591 ], [ 14.285705869437189, 53.863040126650837 ], [ 14.285745988205607, 53.863075921868514 ], [ 14.28455843845385, 53.863540734695313 ], [ 14.284536123047777, 53.863558842066219 ], [ 14.28444840922967, 53.864019797443689 ], [ 14.284478282516822, 53.864021286188652 ], [ 14.284375748306999, 53.864493157732177 ], [ 14.284260237988763, 53.865020795292693 ], [ 14.284146716945179, 53.865603362161217 ], [ 14.283925155474877, 53.866140254756843 ], [ 14.283931347304735, 53.866660140201873 ], [ 14.283896258310891, 53.867162554557169 ], [ 14.283783149859303, 53.867769508222935 ], [ 14.28375104904025, 53.868363738445161 ], [ 14.283747059351558, 53.868683971291141 ], [ 14.283848037094257, 53.868943925859185 ], [ 14.283914232871934, 53.869177835940171 ], [ 14.283785058059143, 53.869584178493824 ], [ 14.283583123093281, 53.8700929848074 ], [ 14.283555922136461, 53.87054613790076 ], [ 14.28352972408441, 53.871190653680614 ], [ 14.283463233007922, 53.87168340349151 ], [ 14.283368467795823, 53.872279850901712 ], [ 14.283246294604043, 53.872750072990506 ], [ 14.283166458166738, 53.873123887843214 ], [ 14.283131428704285, 53.873614088767454 ], [ 14.28310233415178, 53.874202621016906 ], [ 14.283070800139289, 53.87483971043401 ], [ 14.283045696296362, 53.875417688598176 ], [ 14.283046997704988, 53.875944167178766 ], [ 14.283098042953863, 53.876558952376257 ], [ 14.283120614566794, 53.876745577199564 ], [ 14.283161680615937, 53.877083408565063 ], [ 14.283166812630871, 53.877126232858352 ], [ 14.283129062023828, 53.877398255295127 ], [ 14.283123007767282, 53.877442263509998 ], [ 14.283099734778339, 53.877608426789976 ], [ 14.283104252439745, 53.877667688611197 ], [ 14.283121463589934, 53.877896894231093 ], [ 14.283135647610051, 53.87808611470092 ], [ 14.283142463562598, 53.878175640356353 ], [ 14.283145375956224, 53.878257346194516 ], [ 14.283159607928862, 53.878661646170649 ], [ 14.283187715669882, 53.878908371785599 ], [ 14.283195369619985, 53.878975619015421 ], [ 14.283216986957678, 53.879221475632178 ], [ 14.283217525418172, 53.879227242122965 ], [ 14.283299165522083, 53.879563379524228 ], [ 14.28330350199318, 53.880005123769912 ], [ 14.283067277433, 53.88012097429003 ], [ 14.282866617575056, 53.880122632662562 ], [ 14.282883732735357, 53.880667433477726 ], [ 14.283008658744308, 53.880669814128694 ], [ 14.283223601789883, 53.880619297832354 ], [ 14.28317321645816, 53.880661763528259 ], [ 14.283207934320544, 53.880766847170328 ], [ 14.28322499511545, 53.880818123482705 ], [ 14.283214238334567, 53.880976753228083 ], [ 14.283166571421178, 53.881276149263378 ], [ 14.283072805923164, 53.881382788485013 ], [ 14.283052907909424, 53.881443590702915 ], [ 14.283035894308567, 53.881513575256271 ], [ 14.283033177032252, 53.88152128647522 ], [ 14.283071851271893, 53.881519738493537 ], [ 14.283115074389691, 53.88186408856739 ] ] ] ] } },
{ "type": "Feature", "properties": { "fid": 2, "full_id": null, "osm_id": null, "osm_type": null, "name": null, "place": null, "wetland": null, "landuse": null, "wikipedia": null, "wikidata": null, "water": null, "type": null, "source:alt_name:pl": null, "part_of": null, "natural": null, "name:sk": null, "name:pl": null, "name:en": null, "name:de": null, "alt_name:pl": null, "alt_name:de": null, "wojewodztwo": "zachodniopomorskie", "powiat": "powiat Świnoujście", "gmina": "Świnoujście (miasto)", "obreb": "Świnoujście 10", "arkusz": null, "nr_dzialki": "419/19", "teryt": "326301_1.0010.419/19", "pow_m2": 1358820.78, "layer": "polnoc_zalewu", "path": "C:/RDOS_Monitoring_Lokalny/polnoc_zalewu.gpkg" }, "geometry": { "type": "MultiPolygon", "coordinates": [ [ [ [ 14.273101699256216, 53.87722038471712 ], [ 14.271486603510462, 53.879354053859622 ], [ 14.271142935707312, 53.879747235606388 ], [ 14.270779165150234, 53.880145351659799 ], [ 14.270403759097208, 53.880535108920114 ], [ 14.270014537234541, 53.880926361946692 ], [ 14.269624191344464, 53.881311301191424 ], [ 14.269217772467789, 53.881685972995037 ], [ 14.268798846934745, 53.882065742313358 ], [ 14.268368417336839, 53.882435352356701 ], [ 14.267936710357601, 53.882801332807318 ], [ 14.267469803975276, 53.883170109753152 ], [ 14.267011691385719, 53.883520214703744 ], [ 14.266551001522449, 53.883886446507141 ], [ 14.2660839616158, 53.884233647053421 ], [ 14.265591074635717, 53.884580255145579 ], [ 14.265098953978574, 53.884914295858323 ], [ 14.264613880466843, 53.885256590905882 ], [ 14.264118056665398, 53.885600434572076 ], [ 14.263629415204235, 53.885950727445014 ], [ 14.263141990346362, 53.886305537330287 ], [ 14.258261991787897, 53.889743095867495 ], [ 14.257809773358458, 53.890105353287417 ], [ 14.257374051560566, 53.890475899646447 ], [ 14.256956623597352, 53.890852886787805 ], [ 14.256562518238059, 53.891231662884444 ], [ 14.256188566245164, 53.891614134889224 ], [ 14.255834422617614, 53.892000836064746 ], [ 14.255499834631665, 53.892390951471072 ], [ 14.255184294358934, 53.892785278428484 ], [ 14.254887487278349, 53.89318398949414 ], [ 14.254609280037576, 53.893586811948389 ], [ 14.254343851425727, 53.894003592920932 ], [ 14.254108579051859, 53.894406138314785 ], [ 14.253885904616045, 53.894823087923385 ], [ 14.253684345032635, 53.895245285999444 ], [ 14.253516124202127, 53.89567436128835 ], [ 14.253383676311948, 53.896108031935185 ], [ 14.253286984826818, 53.896546567363593 ], [ 14.253226911222603, 53.896988458837718 ], [ 14.253203715005737, 53.897432093886017 ], [ 14.253217889063034, 53.897876944256971 ], [ 14.253269371273467, 53.898321659712742 ], [ 14.253358098888896, 53.898764889983092 ], [ 14.253484427657133, 53.899205834096165 ], [ 14.253647846848438, 53.899642952327973 ], [ 14.253848288336108, 53.900074984473868 ], [ 14.254084794269096, 53.900500379406083 ], [ 14.2543577893813, 53.900919685586565 ], [ 14.254665626890198, 53.901330167679198 ], [ 14.25500833482168, 53.901731376930364 ], [ 14.255382751732373, 53.902120453666313 ], [ 14.255786210995904, 53.902503270486243 ], [ 14.256210072367077, 53.902876932139996 ], [ 14.256655165575779, 53.903242716303652 ], [ 14.257121026221569, 53.903600791382956 ], [ 14.257607837445809, 53.903950711345075 ], [ 14.25811620494984, 53.904292490030826 ], [ 14.258812140922684, 53.904511328987553 ], [ 14.25939968357701, 53.904797458013668 ], [ 14.260008804806672, 53.90507032039617 ], [ 14.260637320278914, 53.905309815471185 ], [ 14.260953599117425, 53.905430147197677 ], [ 14.25931744896188, 53.9065761870011 ], [ 14.259469028034859, 53.906377529539412 ], [ 14.259492987646366, 53.906153658203294 ], [ 14.259391863441534, 53.905942573338599 ], [ 14.259218524927995, 53.905766971409328 ], [ 14.257656284552276, 53.905021672590927 ], [ 14.256250725578203, 53.904207293596833 ], [ 14.255319371100972, 53.903537254967709 ], [ 14.254897628086029, 53.903207963366704 ], [ 14.254297150590162, 53.902674174834353 ], [ 14.253703897788718, 53.902000993901225 ], [ 14.253134721961818, 53.901266875335025 ], [ 14.252781595192188, 53.90071401112133 ], [ 14.252340771970808, 53.899958262344207 ], [ 14.252036135157732, 53.898933666207846 ], [ 14.251837338173655, 53.897952669678325 ], [ 14.251829120298117, 53.897345484260782 ], [ 14.251877747434891, 53.896477865814937 ], [ 14.250971781551915, 53.896471665891134 ], [ 14.250863379038675, 53.896346809869982 ], [ 14.250778959695374, 53.896336512575616 ], [ 14.250658014156949, 53.896411783633184 ], [ 14.250670495959115, 53.896363157438344 ], [ 14.250916198660416, 53.895406367168135 ], [ 14.250923058962803, 53.895362197553922 ], [ 14.251243516472091, 53.893273952143808 ], [ 14.251243204518033, 53.893104820135605 ], [ 14.251244785386778, 53.892990308496728 ], [ 14.251261018041998, 53.892870558475771 ], [ 14.251296960404446, 53.892867965678974 ], [ 14.251288747388639, 53.892833071556772 ], [ 14.251231659003883, 53.892837787103211 ], [ 14.251231113690016, 53.892818263817659 ], [ 14.251222363219997, 53.89277067997449 ], [ 14.251200330060259, 53.892688895364323 ], [ 14.251448773395959, 53.892667795559433 ], [ 14.25145244605587, 53.892665182385329 ], [ 14.251450959184613, 53.892657685673996 ], [ 14.251524078310233, 53.892652258250763 ], [ 14.251569369359007, 53.892648710619227 ], [ 14.25192165784653, 53.893241572502305 ], [ 14.252202714138026, 53.893229131830871 ], [ 14.252713722215377, 53.8926935432617 ], [ 14.25269050157695, 53.892694809507333 ], [ 14.252690348758875, 53.892685545008817 ], [ 14.252688257305191, 53.892596843279264 ], [ 14.252860169993838, 53.892398927809296 ], [ 14.252917219536657, 53.892260330445325 ], [ 14.252968936692415, 53.892198306462227 ], [ 14.25299218913495, 53.892191915853211 ], [ 14.253006327549752, 53.892196825296118 ], [ 14.253010044784112, 53.892198169233481 ], [ 14.253028053102064, 53.892180978971481 ], [ 14.253136422917418, 53.892077531677756 ], [ 14.253337598564691, 53.891885492593005 ], [ 14.253344985790639, 53.891888898684897 ], [ 14.255076272819787, 53.89043940712272 ], [ 14.255609714550825, 53.890001784428634 ], [ 14.256157382925622, 53.890347089916595 ], [ 14.25727609531949, 53.88948174164198 ], [ 14.258253741004498, 53.888585198379658 ], [ 14.257889813850538, 53.888230169893198 ], [ 14.258315123977356, 53.887915854816377 ], [ 14.258223444119835, 53.887872577273995 ], [ 14.258389093788685, 53.887760289736391 ], [ 14.258509984623187, 53.887678357675178 ], [ 14.258677113267806, 53.88757599418274 ], [ 14.258841502848966, 53.887466644651347 ], [ 14.259338588764798, 53.887180943664056 ], [ 14.259543307571533, 53.887069279006155 ], [ 14.259668300850759, 53.886994363297511 ], [ 14.25979502422989, 53.886918587912433 ], [ 14.260254459685241, 53.886654501010504 ], [ 14.260467725136238, 53.886781746898606 ], [ 14.260429950734689, 53.886805429341877 ], [ 14.260432280795822, 53.886825622899345 ], [ 14.260464796687302, 53.886826456124993 ], [ 14.26050416633951, 53.886803978991708 ], [ 14.260517004662002, 53.886812454451366 ], [ 14.260702338813955, 53.886696928203705 ], [ 14.260692007514873, 53.886689678912148 ], [ 14.260730360195748, 53.886666459165646 ], [ 14.260725815068717, 53.886645225957814 ], [ 14.260694064995473, 53.886644320391369 ], [ 14.260655402509284, 53.886667622955329 ], [ 14.260448938229334, 53.886545747794472 ], [ 14.26046495165016, 53.886535953798983 ], [ 14.261930243366383, 53.885646493968814 ], [ 14.262173516518912, 53.885424573848027 ], [ 14.262235221952698, 53.885423555908602 ], [ 14.262631792419601, 53.885401055642035 ], [ 14.263796041484236, 53.884547667169393 ], [ 14.265000950849258, 53.883664893852142 ], [ 14.264967455497789, 53.883460119688095 ], [ 14.264972964434605, 53.883347855565113 ], [ 14.26510758883048, 53.883253282866448 ], [ 14.265560037582604, 53.882945766662949 ], [ 14.265882369033084, 53.882768620394252 ], [ 14.26619150864104, 53.882469522680005 ], [ 14.266648225587488, 53.881979851365585 ], [ 14.266863311855651, 53.881971988685741 ], [ 14.266918830012649, 53.881988719378711 ], [ 14.267108650060463, 53.881694272125721 ], [ 14.26750526694225, 53.881180928814182 ], [ 14.267548970571253, 53.881122223831291 ], [ 14.26760688066542, 53.881067349247886 ], [ 14.267843206383402, 53.880736466977709 ], [ 14.267943198984447, 53.880570791403549 ], [ 14.268072366070269, 53.880314880436586 ], [ 14.268098860238997, 53.880244724080093 ], [ 14.268219259592739, 53.880106756949722 ], [ 14.268507461331073, 53.878934950447658 ], [ 14.269741494455101, 53.878688214490829 ], [ 14.269829055770032, 53.878572966896421 ], [ 14.270004506252123, 53.878493616673758 ], [ 14.270353143822883, 53.878089863286988 ], [ 14.27055232847718, 53.877849759963873 ], [ 14.270771764013432, 53.877576947576436 ], [ 14.270978587744224, 53.877306373561687 ], [ 14.271555488964044, 53.876862316171696 ], [ 14.271901176536879, 53.876405427264324 ], [ 14.272540566719604, 53.875479342615222 ], [ 14.273272916822338, 53.874063618110156 ], [ 14.273456683022481, 53.873493404524922 ], [ 14.273568329593092, 53.873285911672859 ], [ 14.273715252403422, 53.873084420059861 ], [ 14.273993852545619, 53.872430155729781 ], [ 14.274039472446473, 53.87226719845566 ], [ 14.274163787720816, 53.871823014918029 ], [ 14.274322031521418, 53.871258233189231 ], [ 14.274817706885685, 53.870262277687168 ], [ 14.275379119867383, 53.869890506111879 ], [ 14.275401634823398, 53.869871867851636 ], [ 14.275431987922747, 53.869840371444525 ], [ 14.275450213459768, 53.869808239959987 ], [ 14.275456683589992, 53.869781415601366 ], [ 14.275453517198391, 53.869764711403384 ], [ 14.275449156098974, 53.869740697922438 ], [ 14.275187716014317, 53.869258298044286 ], [ 14.275262835138349, 53.868833558755043 ], [ 14.275373931946374, 53.868203313448703 ], [ 14.275423187961684, 53.867917346057908 ], [ 14.275493384340715, 53.867510947920408 ], [ 14.275504913865158, 53.867376799777382 ], [ 14.27554806331956, 53.86709626283421 ], [ 14.275591024562962, 53.866646226880228 ], [ 14.2759682, 53.86568089717187 ], [ 14.276358056932859, 53.864685384417996 ], [ 14.276457617830413, 53.864434187710572 ], [ 14.276632881262811, 53.863972517163397 ], [ 14.276798988719104, 53.863532034696547 ], [ 14.276929140611731, 53.863206634710515 ], [ 14.277022995857012, 53.862952701169633 ], [ 14.277100882264039, 53.86272771505984 ], [ 14.277385944338553, 53.861985216708291 ], [ 14.277453135859547, 53.861810513592658 ], [ 14.277458755329654, 53.86181064128467 ], [ 14.277486996711719, 53.861743668756532 ], [ 14.277475226368885, 53.861742232440953 ], [ 14.277587864917241, 53.861490792319096 ], [ 14.277615800868503, 53.861379128963414 ], [ 14.278393923364806, 53.859410447515806 ], [ 14.278470325046728, 53.859217707561392 ], [ 14.278529369618862, 53.859078881930124 ], [ 14.278536903165811, 53.859072939355954 ], [ 14.27867978741487, 53.858720055981962 ], [ 14.278800590870988, 53.858335013525213 ], [ 14.278921929853032, 53.858028560531736 ], [ 14.278984987967325, 53.857842073829254 ], [ 14.279039672072887, 53.857716626943031 ], [ 14.279090834318264, 53.857596224257541 ], [ 14.279271154838522, 53.857118990142659 ], [ 14.279265925689273, 53.857110508750097 ], [ 14.279320990585223, 53.856967252438672 ], [ 14.280014068665158, 53.857065740361719 ], [ 14.280648472488107, 53.855430286597773 ], [ 14.279950973485816, 53.855344295669262 ], [ 14.279985259904439, 53.855249487734241 ], [ 14.280006961878271, 53.85520097374414 ], [ 14.280059367103179, 53.855049664924721 ], [ 14.280201653595904, 53.854683222522247 ], [ 14.280350884811854, 53.854246708687604 ], [ 14.280390636404711, 53.854142505693815 ], [ 14.280510196049871, 53.853877378883602 ], [ 14.280668914524755, 53.853507999366911 ], [ 14.280732584168087, 53.853327232092695 ], [ 14.280809781731584, 53.853155386021854 ], [ 14.280872647621354, 53.852995333932498 ], [ 14.28089081904862, 53.852980100357058 ], [ 14.281448714626894, 53.851874509443668 ], [ 14.281467741116266, 53.851836821296125 ], [ 14.281618510009682, 53.851548139929548 ], [ 14.281731933541801, 53.851346885131086 ], [ 14.282199407053925, 53.850511691108323 ], [ 14.283341394706273, 53.848849102723058 ], [ 14.28376908530351, 53.848232731179777 ], [ 14.284869231354408, 53.847016692023871 ], [ 14.285247232749683, 53.846636479352732 ], [ 14.28574262183122, 53.8461620904257 ], [ 14.286026014399214, 53.845934740646847 ], [ 14.286541449508659, 53.845425380666306 ], [ 14.28689163895579, 53.845147844728068 ], [ 14.287180984611359, 53.84492935043901 ], [ 14.287406931288142, 53.84475068912257 ], [ 14.287929248665561, 53.844359892497003 ], [ 14.287964747694771, 53.844332913321963 ], [ 14.288472992921792, 53.84395266832523 ], [ 14.288822258563416, 53.843691375292707 ], [ 14.288976728860101, 53.843578615547003 ], [ 14.28962756973281, 53.843095047634201 ], [ 14.290434125891354, 53.842514192094747 ], [ 14.290984728867247, 53.842106969296069 ], [ 14.291136447254335, 53.842031991922255 ], [ 14.291405920714453, 53.841864123911023 ], [ 14.291707964156981, 53.841631902113996 ], [ 14.291729280877284, 53.841579609221853 ], [ 14.294238876001351, 53.839725220902977 ], [ 14.295171016681978, 53.83903682635362 ], [ 14.295295556013764, 53.83894451968262 ], [ 14.29601704378682, 53.838433789352955 ], [ 14.296337299971016, 53.838175524944468 ], [ 14.297681418482602, 53.837189317632401 ], [ 14.29832273002379, 53.836716597815219 ], [ 14.300284285337025, 53.83524184841967 ], [ 14.301187062607156, 53.83458125011866 ], [ 14.301442971067507, 53.834475986768332 ], [ 14.301885743593255, 53.834124737670741 ], [ 14.302273688329722, 53.833859909306511 ], [ 14.303018436142375, 53.8333085346014 ], [ 14.30308016920147, 53.833185596404022 ], [ 14.303684213049094, 53.832746816439176 ], [ 14.304158288111644, 53.832399083019624 ], [ 14.306758237382217, 53.830475294282138 ], [ 14.308584166191711, 53.829116596397057 ], [ 14.308642976594067, 53.829074130763637 ], [ 14.312078075493906, 53.826534096206267 ], [ 14.312086221758179, 53.826537467535061 ], [ 14.312480163010164, 53.826242756012434 ], [ 14.312475039342575, 53.826240300575378 ], [ 14.314247149781041, 53.824926598093512 ], [ 14.315748055185036, 53.823819557422524 ], [ 14.316195764104897, 53.823484339602139 ], [ 14.316576825824525, 53.823203031791088 ], [ 14.317022745513267, 53.822875387278749 ], [ 14.317557786985102, 53.822478387680334 ], [ 14.317864790405082, 53.822251367548205 ], [ 14.317965805032102, 53.822170799436364 ], [ 14.318425826733318, 53.82182454611204 ], [ 14.31860965401347, 53.821676806464367 ], [ 14.318934862090922, 53.82143829179828 ], [ 14.319344680931946, 53.821123071142232 ], [ 14.319819043419262, 53.820715691193385 ], [ 14.320414057967417, 53.820267978197855 ], [ 14.320757991111883, 53.820017644572573 ], [ 14.321235696016595, 53.819667660300922 ], [ 14.321723435859589, 53.819298853907434 ], [ 14.322175628538529, 53.818959236376145 ], [ 14.323092317532257, 53.81827172561767 ], [ 14.323806097773293, 53.817738209541261 ], [ 14.324231044406059, 53.817416824412454 ], [ 14.32513786016672, 53.816740517934988 ], [ 14.325915059524705, 53.816161627132765 ], [ 14.326549539170324, 53.815688980081546 ], [ 14.327250038266904, 53.815169547654804 ], [ 14.327903478490329, 53.814685042767657 ], [ 14.328264046562257, 53.814417898589468 ], [ 14.328465601095385, 53.814268560453385 ], [ 14.328533227342289, 53.814218956959174 ], [ 14.328949124014601, 53.813913384400458 ], [ 14.330471440191033, 53.812779458105588 ], [ 14.332244077814101, 53.81145891186042 ], [ 14.332960379850107, 53.810929654950797 ], [ 14.333565194723894, 53.810480185475747 ], [ 14.335156248969767, 53.809297449003211 ], [ 14.335377815677136, 53.809133618043738 ], [ 14.336615420638285, 53.808218170522998 ], [ 14.336638417806835, 53.808214642887222 ], [ 14.336737015124418, 53.808152469467657 ], [ 14.336799548302221, 53.808182197788796 ], [ 14.336958690101484, 53.808064109809415 ], [ 14.336892086761905, 53.808032561973839 ], [ 14.337051241662296, 53.807894346463677 ], [ 14.337222060042381, 53.807767337191599 ], [ 14.337219499311903, 53.807766065074496 ], [ 14.337224413555161, 53.807762498035963 ], [ 14.337227127496861, 53.807763681145538 ], [ 14.337506099636537, 53.807555501140321 ], [ 14.337601458898737, 53.80746743093168 ], [ 14.337623676035385, 53.807444820356963 ], [ 14.337631783103326, 53.807434783331516 ], [ 14.337848899324728, 53.807269041718222 ], [ 14.339101494697756, 53.806837959551153 ], [ 14.340046995758088, 53.807215096438334 ], [ 14.336647124732695, 53.80973088505629 ], [ 14.331891267300668, 53.813234905260437 ], [ 14.327151881594174, 53.816752515950746 ], [ 14.322412373213556, 53.820258281504799 ], [ 14.317679071915594, 53.823772970091014 ], [ 14.312936403856716, 53.827278793715571 ], [ 14.308197421437148, 53.830784721092698 ], [ 14.303454207531251, 53.834296788742833 ], [ 14.298704540548147, 53.837800241643855 ], [ 14.293959997113559, 53.841306447239774 ], [ 14.289199198067477, 53.844817631122119 ], [ 14.28873742595788, 53.84516322583967 ], [ 14.288283420280973, 53.845529673997547 ], [ 14.287837869750513, 53.845882825234547 ], [ 14.287402593771407, 53.846264979754835 ], [ 14.286990261050219, 53.846644955723619 ], [ 14.286584348343819, 53.847019681566231 ], [ 14.286195949926817, 53.84740559288128 ], [ 14.285824130393392, 53.847793678028218 ], [ 14.285456397471611, 53.848189049124791 ], [ 14.285111433395254, 53.848584936067127 ], [ 14.284777850809084, 53.848992768697457 ], [ 14.284462595809911, 53.849399217490486 ], [ 14.284162049745321, 53.849813191134025 ], [ 14.283876211228799, 53.850234688364893 ], [ 14.28360613000881, 53.850647548950057 ], [ 14.283345855182999, 53.851073217112067 ], [ 14.283105549313641, 53.851495740951577 ], [ 14.28288089606934, 53.851934803817635 ], [ 14.282673184011502, 53.852370657208212 ], [ 14.282482822444384, 53.852797017074145 ], [ 14.282308454524451, 53.853234525173605 ], [ 14.280913813854092, 53.857194894467661 ], [ 14.279377697150755, 53.861574707942978 ], [ 14.278535795605221, 53.863857327934767 ], [ 14.277601220030817, 53.866533459567222 ], [ 14.27666644616659, 53.869209557055285 ], [ 14.274854984201898, 53.873663865774311 ], [ 14.273101699256216, 53.87722038471712 ] ] ] ] } },
{ "type": "Feature", "properties": { "fid": 3, "full_id": null, "osm_id": null, "osm_type": null, "name": null, "place": null, "wetland": null, "landuse": null, "wikipedia": null, "wikidata": null, "water": null, "type": null, "source:alt_name:pl": null, "part_of": null, "natural": null, "name:sk": null, "name:pl": null, "name:en": null, "name:de": null, "alt_name:pl": null, "alt_name:de": null, "wojewodztwo": "zachodniopomorskie", "powiat": "powiat Świnoujście", "gmina": "Świnoujście (miasto)", "obreb": "Karsibór 15", "arkusz": null, "nr_dzialki": "640/1", "teryt": "326301_1.0015.640/1", "pow_m2": 2390759.69, "layer": "polnoc_zalewu", "path": "C:/RDOS_Monitoring_Lokalny/polnoc_zalewu.gpkg" }, "geometry": { "type": "MultiPolygon", "coordinates": [ [ [ [ 14.314104159745874, 53.865979994627985 ], [ 14.314661149883122, 53.866258337739019 ], [ 14.315215259341489, 53.866678938641151 ], [ 14.315532023186599, 53.867052861875159 ], [ 14.31626613689734, 53.867394774157809 ], [ 14.317033556236963, 53.867668198031467 ], [ 14.31746365225451, 53.867888212579032 ], [ 14.317577500342392, 53.868105641944268 ], [ 14.317767359965494, 53.868086515744622 ], [ 14.318084172271357, 53.867771735375989 ], [ 14.318533205548388, 53.86753004172234 ], [ 14.319287193384246, 53.867395866785458 ], [ 14.324577309955053, 53.86761840690076 ], [ 14.326106297576747, 53.868070139192568 ], [ 14.326577414835524, 53.868863747939834 ], [ 14.327588221545453, 53.868757730505841 ], [ 14.328685293802742, 53.868713244419887 ], [ 14.328739474556169, 53.868729556721071 ], [ 14.328927594515743, 53.868723321851832 ], [ 14.329773327052619, 53.869094595200806 ], [ 14.330612884036311, 53.86978939801044 ], [ 14.330969025184695, 53.869810816242477 ], [ 14.332957421146045, 53.869712223873393 ], [ 14.335305496430843, 53.869595794844692 ], [ 14.33558799536179, 53.869913608773182 ], [ 14.337266004094502, 53.869434870649833 ], [ 14.338452947462997, 53.869453164994106 ], [ 14.339938313352917, 53.869525756964372 ], [ 14.340089636020247, 53.868954511143819 ], [ 14.340046640950655, 53.86829092377188 ], [ 14.340115159651292, 53.867883353364562 ], [ 14.340201984948015, 53.867410375936174 ], [ 14.340250879709821, 53.867363899243827 ], [ 14.340447801056033, 53.8669532526431 ], [ 14.340762802849801, 53.866498658164645 ], [ 14.341269285071915, 53.865900772857287 ], [ 14.341733984314519, 53.865404812813416 ], [ 14.342220839497509, 53.864953120769755 ], [ 14.342844377371316, 53.864576922262344 ], [ 14.34418563666944, 53.863921192937788 ], [ 14.344869201157763, 53.86357365040481 ], [ 14.345140935768471, 53.863409474823257 ], [ 14.345251522434634, 53.863212778163494 ], [ 14.345357056824669, 53.863102910909504 ], [ 14.345482860615187, 53.862776634618854 ], [ 14.345625112197331, 53.862574706382979 ], [ 14.346046848603772, 53.862330868825261 ], [ 14.346415809446009, 53.86195981192963 ], [ 14.346532369304553, 53.861443451222868 ], [ 14.346844061397865, 53.861169115946488 ], [ 14.347234024369234, 53.860929145586077 ], [ 14.347470387705631, 53.860849771215719 ], [ 14.347779926186449, 53.86068849096533 ], [ 14.348189709423854, 53.860450130026486 ], [ 14.348235542959433, 53.860370046643695 ], [ 14.348455173614273, 53.860309902795727 ], [ 14.348650225507177, 53.860193561469167 ], [ 14.349018474484707, 53.860185884924114 ], [ 14.349120111782231, 53.860060373503771 ], [ 14.349652823591079, 53.859842890687091 ], [ 14.349893566936334, 53.859835987824162 ], [ 14.350053166431131, 53.859784673441325 ], [ 14.350126013117981, 53.859655018190821 ], [ 14.350306210976715, 53.859595438030929 ], [ 14.350641750886485, 53.859558982668425 ], [ 14.351495698910838, 53.85900919504072 ], [ 14.351586424794428, 53.858827609611907 ], [ 14.352030299503136, 53.858708495772682 ], [ 14.352220226008111, 53.858793160497321 ], [ 14.352688013416707, 53.858630158449387 ], [ 14.353159782232478, 53.858464273367396 ], [ 14.353771615633207, 53.858207069978299 ], [ 14.354484311008637, 53.857918097754663 ], [ 14.355036090706671, 53.857667648484608 ], [ 14.355371940148778, 53.857570673569292 ], [ 14.356022127635054, 53.857245336168411 ], [ 14.356876469935191, 53.856909298812667 ], [ 14.35735614980335, 53.85678618504474 ], [ 14.358065147221955, 53.856542627360973 ], [ 14.358274408624903, 53.856453381773015 ], [ 14.358309096002912, 53.856376017551462 ], [ 14.358476285539915, 53.856387168588306 ], [ 14.359316066223094, 53.85598671723163 ], [ 14.362084917511195, 53.856841789975093 ], [ 14.361033982176581, 53.857718357342186 ], [ 14.359186789660468, 53.859171664812976 ], [ 14.35703983372364, 53.861106807174089 ], [ 14.355366974614357, 53.863079887900803 ], [ 14.353569089939587, 53.865538657951333 ], [ 14.351537159505046, 53.86795222291753 ], [ 14.3501109704325, 53.869014970831962 ], [ 14.347914364241417, 53.870362747438044 ], [ 14.34655832113952, 53.871074472938417 ], [ 14.34545742049426, 53.871370250119128 ], [ 14.34346258932397, 53.871418367967166 ], [ 14.341670323790179, 53.871577850504401 ], [ 14.340565644669573, 53.871570777214544 ], [ 14.338574335650268, 53.871534653503993 ], [ 14.336488490630984, 53.871774478525673 ], [ 14.334307423502423, 53.871841957719177 ], [ 14.331757615289519, 53.871798968323986 ], [ 14.329531745875544, 53.871636105090225 ], [ 14.327693101227204, 53.871468080520124 ], [ 14.326354622414712, 53.871329708467243 ], [ 14.324509400756924, 53.870993630509275 ], [ 14.323111503490532, 53.870566819618695 ], [ 14.320617149344132, 53.870245667720518 ], [ 14.317950393041084, 53.870006375783198 ], [ 14.315800516481463, 53.869830119365801 ], [ 14.313691484379635, 53.869022685560715 ], [ 14.312308730238401, 53.868396038576527 ], [ 14.310429468055403, 53.867568526361865 ], [ 14.309373026053061, 53.866488923879906 ], [ 14.307345022725078, 53.86578146576737 ], [ 14.305055373802601, 53.865191089886089 ], [ 14.303554063944411, 53.864451355918149 ], [ 14.301825355772221, 53.863613342232561 ], [ 14.30056522308139, 53.864539684723752 ], [ 14.300136024303246, 53.864291620722376 ], [ 14.299706309960426, 53.864065255938058 ], [ 14.299159461460054, 53.863718412313126 ], [ 14.298574166956254, 53.863322185470686 ], [ 14.297886746470169, 53.862855023840986 ], [ 14.296929917332037, 53.862218963478234 ], [ 14.296295806270331, 53.861807904708712 ], [ 14.295701084216461, 53.8614642395682 ], [ 14.295035217061807, 53.861130621618486 ], [ 14.294358551623512, 53.86083321563838 ], [ 14.293706879426184, 53.860586859961018 ], [ 14.292849877640586, 53.860316392231894 ], [ 14.292175299219158, 53.860119909086819 ], [ 14.2913654627288, 53.85993061171591 ], [ 14.290341820389964, 53.859809014279037 ], [ 14.289562043019364, 53.859793555982712 ], [ 14.289209353136847, 53.859790307785836 ], [ 14.288823228971649, 53.85978677593625 ], [ 14.288618168783632, 53.859785483749029 ], [ 14.288598212392227, 53.859786023178593 ], [ 14.288559279055532, 53.859793149734685 ], [ 14.28847864675344, 53.85981255627145 ], [ 14.288439431076046, 53.859826421164662 ], [ 14.288428090630109, 53.859837227698151 ], [ 14.288422951636765, 53.859846195563328 ], [ 14.288311874539842, 53.859859612352359 ], [ 14.287715297611177, 53.859931563065182 ], [ 14.280771107451743, 53.861759202359778 ], [ 14.281266445410708, 53.861202474398716 ], [ 14.282522353334896, 53.857674572862884 ], [ 14.282622717307223, 53.857698247858195 ], [ 14.282752984613596, 53.857741572650447 ], [ 14.282789895032566, 53.857711838548951 ], [ 14.282811894157897, 53.85768689145938 ], [ 14.282862754321311, 53.857702340793104 ], [ 14.28294955305852, 53.857635073749329 ], [ 14.283695678392426, 53.857434024857312 ], [ 14.284906624293111, 53.857128293042976 ], [ 14.286119652931934, 53.856802000390744 ], [ 14.28611892405995, 53.856763950984167 ], [ 14.286053181160685, 53.856724697468984 ], [ 14.286124977913092, 53.856710410630633 ], [ 14.28641879931314, 53.856651794496528 ], [ 14.286640287708558, 53.856606610849987 ], [ 14.287751625379865, 53.856379887000045 ], [ 14.288921175872934, 53.856163156339974 ], [ 14.289025436386245, 53.856134481532131 ], [ 14.289731591473108, 53.855940264072274 ], [ 14.290053444818904, 53.855932441524807 ], [ 14.290297769614929, 53.855926460524799 ], [ 14.291316014807338, 53.855767869820717 ], [ 14.293007325797822, 53.855729768777771 ], [ 14.293361280473656, 53.85570521909316 ], [ 14.294132036243685, 53.855737916765115 ], [ 14.294266527236438, 53.85584776916204 ], [ 14.29446470221818, 53.855901696320458 ], [ 14.295361452323647, 53.855869707629147 ], [ 14.295918114317393, 53.855807648179812 ], [ 14.296031678016293, 53.855622118080134 ], [ 14.29602921640322, 53.855502391238751 ], [ 14.295986080941306, 53.855256500637381 ], [ 14.296102631568036, 53.85505764165309 ], [ 14.296138209280086, 53.854928164212104 ], [ 14.296066669170431, 53.854724160495969 ], [ 14.295937681055269, 53.854425352843393 ], [ 14.295838996449767, 53.854210756113211 ], [ 14.295844779918784, 53.853930275840987 ], [ 14.295930735416208, 53.853644592759466 ], [ 14.295917596174698, 53.853591338823726 ], [ 14.295870963537128, 53.853550455610055 ], [ 14.297034281683496, 53.854026896719404 ], [ 14.296867668767677, 53.854014235341999 ], [ 14.296819752925284, 53.854042734394639 ], [ 14.296758700113356, 53.854305513049802 ], [ 14.296893686167424, 53.854711807546757 ], [ 14.296994459721578, 53.854868188093938 ], [ 14.29707146144022, 53.855053612679143 ], [ 14.296936058873753, 53.855287831122347 ], [ 14.297032918059928, 53.855396470794517 ], [ 14.29707475364645, 53.855504678046699 ], [ 14.297121363941692, 53.855607238755049 ], [ 14.297074256084548, 53.855665606768781 ], [ 14.297163953862164, 53.855835763423634 ], [ 14.297065367981373, 53.855885867099111 ], [ 14.296984606142853, 53.85609812225762 ], [ 14.297009323198065, 53.856162876211634 ], [ 14.297106951578074, 53.856210124187427 ], [ 14.29725066901765, 53.856236024087828 ], [ 14.297651116515789, 53.856268704103798 ], [ 14.298200822546498, 53.856312121535154 ], [ 14.298340458081892, 53.856306998735192 ], [ 14.298403794012554, 53.856296468897504 ], [ 14.298774700412123, 53.856329737533308 ], [ 14.299255540742758, 53.856443525406306 ], [ 14.299530516809172, 53.856547096684167 ], [ 14.299766581783322, 53.856560689119938 ], [ 14.299959305529999, 53.856626171585027 ], [ 14.300082666141082, 53.856663567076751 ], [ 14.300220566673124, 53.856638173032948 ], [ 14.300309436490654, 53.856691604280236 ], [ 14.300654465714517, 53.856732375429758 ], [ 14.300883504929841, 53.856791301812009 ], [ 14.301070467848335, 53.856849459733233 ], [ 14.301263526061847, 53.856966466038585 ], [ 14.301462447801107, 53.85705384378997 ], [ 14.301643989559661, 53.857080499971374 ], [ 14.302044467683196, 53.857223844541053 ], [ 14.302559828040861, 53.857397017033591 ], [ 14.30291211423026, 53.857540172796178 ], [ 14.303186348726744, 53.85763661561279 ], [ 14.30349539159614, 53.857785359811572 ], [ 14.303700037140876, 53.857843012448988 ], [ 14.304254758996455, 53.85810904186846 ], [ 14.304574339554334, 53.858224124395129 ], [ 14.304625545895499, 53.858279222552007 ], [ 14.304943858321966, 53.85841405589337 ], [ 14.305076624262949, 53.858336123231211 ], [ 14.306943517304251, 53.859483099072939 ], [ 14.306755139060442, 53.859479763179905 ], [ 14.306822628861434, 53.859589172152276 ], [ 14.307312446621946, 53.859942738698003 ], [ 14.307662055620101, 53.860111534551777 ], [ 14.307760679294763, 53.860067897204381 ], [ 14.308719874414304, 53.860738595798772 ], [ 14.308529990179235, 53.860758605248591 ], [ 14.308923323864441, 53.861170234897571 ], [ 14.30936067188447, 53.861536098483128 ], [ 14.309888137448283, 53.862156627677287 ], [ 14.310491585436566, 53.862816351072397 ], [ 14.310078580071213, 53.863146125678348 ], [ 14.309626391889898, 53.863294932064058 ], [ 14.308841346318623, 53.863527249786024 ], [ 14.308155759683906, 53.863707672433193 ], [ 14.307584573386501, 53.863757686555338 ], [ 14.307128430869065, 53.86279718483123 ], [ 14.306780784054594, 53.862131773754982 ], [ 14.306349157495879, 53.86141718033501 ], [ 14.30598413489119, 53.860944140638018 ], [ 14.305142130176865, 53.860154678399184 ], [ 14.304528983012622, 53.859661665849245 ], [ 14.302915476695855, 53.858869841448353 ], [ 14.302301255370796, 53.858660998487984 ], [ 14.301831427874143, 53.85848669279595 ], [ 14.301086187373695, 53.858295662377046 ], [ 14.300263998242476, 53.85820844846382 ], [ 14.299587399064841, 53.858153641289967 ], [ 14.29954413896275, 53.85823960996256 ], [ 14.299859354656872, 53.858511860020116 ], [ 14.300172214851756, 53.858726333366654 ], [ 14.300746136004511, 53.859043520363734 ], [ 14.301495863349027, 53.859469588969077 ], [ 14.301723962046468, 53.859687363558777 ], [ 14.302177684585565, 53.86001505287058 ], [ 14.301612289905538, 53.860377159126969 ], [ 14.30119246390632, 53.860637436893157 ], [ 14.300936858376627, 53.86081572768412 ], [ 14.300925058466754, 53.860911486486856 ], [ 14.301136183544168, 53.861222746002419 ], [ 14.301628579755716, 53.861722226430494 ], [ 14.301976538303348, 53.862025055716224 ], [ 14.302100096840503, 53.862043121765829 ], [ 14.302252973107368, 53.862087741780407 ], [ 14.302360055990961, 53.862175027332924 ], [ 14.30256186275926, 53.86243284660614 ], [ 14.302932743253207, 53.862670463946436 ], [ 14.303449156589867, 53.862965300242472 ], [ 14.304112684142446, 53.863333033454303 ], [ 14.304401415597987, 53.86324746001781 ], [ 14.304800097403081, 53.863306326385285 ], [ 14.305312448236297, 53.863482652053783 ], [ 14.305766466438584, 53.863764207014619 ], [ 14.306365093488871, 53.864193135262823 ], [ 14.306872140544918, 53.864090435966581 ], [ 14.307115420582473, 53.863874366382049 ], [ 14.307216657394859, 53.863731167997159 ], [ 14.307554044428418, 53.863882334159428 ], [ 14.308205887440296, 53.863867218510535 ], [ 14.309011375158061, 53.863719338056981 ], [ 14.309784346220443, 53.863469035988807 ], [ 14.310312256352644, 53.863306464512732 ], [ 14.310858615295983, 53.863178650533463 ], [ 14.311449926472914, 53.86290736021504 ], [ 14.311884174582861, 53.864058943754586 ], [ 14.312522112703402, 53.864620617980819 ], [ 14.312927748551369, 53.865028909577568 ], [ 14.313522774242056, 53.865543851730209 ], [ 14.314104159745874, 53.865979994627985 ] ], [ [ 14.348746998001523, 53.867677435506799 ], [ 14.349471352317337, 53.867221800141124 ], [ 14.349693947947761, 53.86642357056401 ], [ 14.349480218012495, 53.86583039164811 ], [ 14.349361796691529, 53.865291198126407 ], [ 14.349310167521002, 53.864972768976322 ], [ 14.34914262463743, 53.8647433023527 ], [ 14.348694000584992, 53.864321505940708 ], [ 14.348688749521148, 53.864267534600458 ], [ 14.348368325987893, 53.863836705860706 ], [ 14.347287953225099, 53.864099960419814 ], [ 14.34665270037746, 53.864609342120261 ], [ 14.346177869481956, 53.864877093414364 ], [ 14.346011445136698, 53.865239514757157 ], [ 14.345857379454463, 53.865831566248346 ], [ 14.345622889239499, 53.866365283621541 ], [ 14.345443345587864, 53.866809679994944 ], [ 14.345229162745605, 53.867466751593547 ], [ 14.345016287213475, 53.868505963420901 ], [ 14.344779067757083, 53.868914466298534 ], [ 14.345030517992647, 53.868912305979329 ], [ 14.345713952942237, 53.86874789991537 ], [ 14.346547335354231, 53.868373007880237 ], [ 14.347810793902951, 53.868021476195977 ], [ 14.348746998001523, 53.867677435506799 ] ], [ [ 14.319100857798903, 53.868856301419946 ], [ 14.31969215683748, 53.868721180397088 ], [ 14.320011814557917, 53.868623137524281 ], [ 14.319941429810136, 53.868415673844552 ], [ 14.319743977045635, 53.868268303609028 ], [ 14.319354706728458, 53.868051908165121 ], [ 14.319025933632222, 53.868031066502148 ], [ 14.31904216373499, 53.868133924921466 ], [ 14.319108388615804, 53.868335002674051 ], [ 14.318902296310048, 53.86853628133499 ], [ 14.318820076409725, 53.868751120371385 ], [ 14.319100857798903, 53.868856301419946 ] ], [ [ 14.341700328674186, 53.869141916224478 ], [ 14.342943841234279, 53.869031394891344 ], [ 14.343746459950781, 53.86857609074125 ], [ 14.344200231531111, 53.868408579564829 ], [ 14.344349660665223, 53.868163384160823 ], [ 14.344530893632008, 53.868025884586402 ], [ 14.344544849231728, 53.867736418582084 ], [ 14.344648126245492, 53.866859132133477 ], [ 14.344830516682521, 53.866331634745109 ], [ 14.344978948054683, 53.865907768441595 ], [ 14.345257280672778, 53.865332856625159 ], [ 14.345313199622783, 53.865074799415837 ], [ 14.345311626780589, 53.864831022666223 ], [ 14.345256419859533, 53.864655826670884 ], [ 14.345077668938082, 53.864617791035812 ], [ 14.34442505972531, 53.864755275417259 ], [ 14.343623894338204, 53.865078631163897 ], [ 14.343274463880995, 53.86528028187103 ], [ 14.342772427415291, 53.865621412331535 ], [ 14.342082331028282, 53.866198063291954 ], [ 14.341566484794239, 53.866794848058952 ], [ 14.341047232340573, 53.867598167320224 ], [ 14.340896138358341, 53.868213839729449 ], [ 14.341108200017947, 53.868611177355106 ], [ 14.341284302004157, 53.868798857472576 ], [ 14.341700328674186, 53.869141916224478 ] ] ] ] } },
{ "type": "Feature", "properties": { "fid": 4, "full_id": null, "osm_id": null, "osm_type": null, "name": null, "place": null, "wetland": null, "landuse": null, "wikipedia": null, "wikidata": null, "water": null, "type": null, "source:alt_name:pl": null, "part_of": null, "natural": null, "name:sk": null, "name:pl": null, "name:en": null, "name:de": null, "alt_name:pl": null, "alt_name:de": null, "wojewodztwo": "zachodniopomorskie", "powiat": "powiat Świnoujście", "gmina": "Świnoujście (miasto)", "obreb": "Karsibór 15", "arkusz": null, "nr_dzialki": "637/12", "teryt": "326301_1.0015.637/12", "pow_m2": 709085.86, "layer": "polnoc_zalewu", "path": "C:/RDOS_Monitoring_Lokalny/polnoc_zalewu.gpkg" }, "geometry": { "type": "MultiPolygon", "coordinates": [ [ [ [ 14.283795304495261, 53.853722430844314 ], [ 14.283792145906135, 53.853726584955716 ], [ 14.283778275416951, 53.853752883444827 ], [ 14.283660877094647, 53.854059856653578 ], [ 14.283398228892635, 53.854730659480175 ], [ 14.282692866425522, 53.856518485811328 ], [ 14.282438359890063, 53.857243963694991 ], [ 14.282477988010587, 53.857402029005648 ], [ 14.282489206565996, 53.857643970019197 ], [ 14.282522353334896, 53.857674572862884 ], [ 14.281266445410708, 53.861202474398716 ], [ 14.280771107451743, 53.861759202359778 ], [ 14.279377697150755, 53.861574707942978 ], [ 14.280913813854092, 53.857194894467661 ], [ 14.282308454524451, 53.853234525173605 ], [ 14.282482822444384, 53.852797017074145 ], [ 14.282673184011502, 53.852370657208212 ], [ 14.28288089606934, 53.851934803817635 ], [ 14.283105549313641, 53.851495740951577 ], [ 14.283345855182999, 53.851073217112067 ], [ 14.28360613000881, 53.850647548950057 ], [ 14.283876211228799, 53.850234688364893 ], [ 14.284162049745321, 53.849813191134025 ], [ 14.284462595809911, 53.849399217490486 ], [ 14.284777850809084, 53.848992768697457 ], [ 14.285111433395254, 53.848584936067127 ], [ 14.285456397471611, 53.848189049124791 ], [ 14.285824130393392, 53.847793678028218 ], [ 14.286195949926817, 53.84740559288128 ], [ 14.286584348343819, 53.847019681566231 ], [ 14.286990261050219, 53.846644955723619 ], [ 14.287402593771407, 53.846264979754835 ], [ 14.287837869750513, 53.845882825234547 ], [ 14.288283420280973, 53.845529673997547 ], [ 14.28873742595788, 53.84516322583967 ], [ 14.289199198067477, 53.844817631122119 ], [ 14.293959997113559, 53.841306447239774 ], [ 14.298704540548147, 53.837800241643855 ], [ 14.303454207531251, 53.834296788742833 ], [ 14.308197421437148, 53.830784721092698 ], [ 14.312936403856716, 53.827278793715571 ], [ 14.317679071915594, 53.823772970091014 ], [ 14.322412373213556, 53.820258281504799 ], [ 14.327151881594174, 53.816752515950746 ], [ 14.331891267300668, 53.813234905260437 ], [ 14.336647124732695, 53.80973088505629 ], [ 14.340046995758088, 53.807215096438334 ], [ 14.340927382173408, 53.80755579887186 ], [ 14.340540443878352, 53.808205403902761 ], [ 14.340380808753169, 53.808473362997972 ], [ 14.340099419361664, 53.808680198305922 ], [ 14.340050861687979, 53.808696115970157 ], [ 14.338167897383125, 53.810067124781632 ], [ 14.338195024510027, 53.810080048299234 ], [ 14.336606964923019, 53.811247403944357 ], [ 14.33279645895319, 53.814041758440723 ], [ 14.33089730164774, 53.815429115830788 ], [ 14.329371278559858, 53.816557886431035 ], [ 14.32756933691026, 53.81787991190717 ], [ 14.325845041599017, 53.819137497444231 ], [ 14.325450167092384, 53.819473199882069 ], [ 14.325007474015949, 53.819758196391682 ], [ 14.324214151188617, 53.820317051317147 ], [ 14.323474896056887, 53.820884146983659 ], [ 14.323038218377798, 53.820972560483931 ], [ 14.321740448285873, 53.82207805333266 ], [ 14.316323356104942, 53.826038509467779 ], [ 14.315422469653244, 53.826696969348319 ], [ 14.314738051323133, 53.827198250203367 ], [ 14.314275633388537, 53.827555173566452 ], [ 14.314118627848242, 53.827671415347986 ], [ 14.314018372960524, 53.827744063109364 ], [ 14.313908309736464, 53.827825122002587 ], [ 14.313930672947398, 53.827837354756177 ], [ 14.313584950778299, 53.828080950003994 ], [ 14.312970546512378, 53.828528233978886 ], [ 14.312406352946557, 53.828950822993335 ], [ 14.312073314054159, 53.829188646029941 ], [ 14.311032961484356, 53.829969982624014 ], [ 14.310074958919126, 53.830673610242314 ], [ 14.30943628110726, 53.831163418278067 ], [ 14.309094424650516, 53.83143362769939 ], [ 14.306353739403168, 53.833461211435456 ], [ 14.305855589395328, 53.833832600043891 ], [ 14.305570573958537, 53.834042894027363 ], [ 14.305476359665063, 53.834113307368753 ], [ 14.305472637540777, 53.834116818942086 ], [ 14.305423170012013, 53.834153276511884 ], [ 14.305250670282254, 53.834280448139559 ], [ 14.304993165139582, 53.834471964832822 ], [ 14.304716565049793, 53.834676721318409 ], [ 14.304670223262216, 53.834709478613782 ], [ 14.304147434800468, 53.835094874422502 ], [ 14.303714289883617, 53.835412187359154 ], [ 14.301472455859667, 53.837066097216002 ], [ 14.300448124039622, 53.837823984091784 ], [ 14.300014138544192, 53.838143977928198 ], [ 14.299595946980263, 53.838452463578413 ], [ 14.2994626191613, 53.838551589182174 ], [ 14.299223136961569, 53.838729230117337 ], [ 14.299108366979745, 53.838814025699492 ], [ 14.299033723858562, 53.838868260641917 ], [ 14.296441713257716, 53.8407543521242 ], [ 14.294984755611397, 53.841842859839957 ], [ 14.294431355721368, 53.842245097957132 ], [ 14.29214070938939, 53.843918396488668 ], [ 14.292022023004451, 53.843999779112025 ], [ 14.291944235750973, 53.844163189913459 ], [ 14.291163767232904, 53.84474738225714 ], [ 14.291060793604117, 53.84482318342333 ], [ 14.290869986495814, 53.84489124241513 ], [ 14.29044210103449, 53.845278604954139 ], [ 14.290342469615856, 53.845351965421294 ], [ 14.289880639144222, 53.845715003146729 ], [ 14.289334044091682, 53.846147866454523 ], [ 14.289121652824035, 53.846323687669432 ], [ 14.288420590956374, 53.846932511145951 ], [ 14.288027146045094, 53.847314894028322 ], [ 14.287792526905324, 53.847529051579656 ], [ 14.287616550301236, 53.847689600294778 ], [ 14.287433830056617, 53.84786249246789 ], [ 14.2871567995542, 53.848162447948972 ], [ 14.286726451442437, 53.848710423812939 ], [ 14.286384536723403, 53.849158352106649 ], [ 14.286002691392186, 53.849667575647771 ], [ 14.285670899979802, 53.850117786181784 ], [ 14.285518795740824, 53.850333236087174 ], [ 14.285376069535255, 53.8505353935861 ], [ 14.285131520835751, 53.850881913134032 ], [ 14.284764199857209, 53.851402366878013 ], [ 14.284641424727322, 53.851719200703165 ], [ 14.284576203812733, 53.851864182787011 ], [ 14.284549122916232, 53.851918324777905 ], [ 14.284479517392704, 53.852070227708147 ], [ 14.284425360598439, 53.852164396977777 ], [ 14.284296336036531, 53.852455463938135 ], [ 14.284115312001173, 53.852853549065003 ], [ 14.284023946768091, 53.853072413162046 ], [ 14.283850732312581, 53.853556994254156 ], [ 14.283817915653415, 53.853664502451167 ], [ 14.283795304495261, 53.853722430844314 ] ] ] ] } },
{ "type": "Feature", "properties": { "fid": 5, "full_id": null, "osm_id": null, "osm_type": null, "name": null, "place": null, "wetland": null, "landuse": null, "wikipedia": null, "wikidata": null, "water": null, "type": null, "source:alt_name:pl": null, "part_of": null, "natural": null, "name:sk": null, "name:pl": null, "name:en": null, "name:de": null, "alt_name:pl": null, "alt_name:de": null, "wojewodztwo": "zachodniopomorskie", "powiat": "powiat Świnoujście", "gmina": "Świnoujście (miasto)", "obreb": "Ognica 13", "arkusz": null, "nr_dzialki": "1/1", "teryt": "326301_1.0013.1/1", "pow_m2": 387642.76, "layer": "polnoc_zalewu", "path": "C:/RDOS_Monitoring_Lokalny/polnoc_zalewu.gpkg" }, "geometry": { "type": "MultiPolygon", "coordinates": [ [ [ [ 14.258995642315025, 53.890796275950279 ], [ 14.258974351445337, 53.890812243148602 ], [ 14.258683425824501, 53.891038382953035 ], [ 14.258096421869309, 53.891489212219483 ], [ 14.25757919347785, 53.891898875550787 ], [ 14.257142543242175, 53.892253749116229 ], [ 14.256935851558215, 53.892443950961308 ], [ 14.256667590215194, 53.892730389167873 ], [ 14.256421336348541, 53.892957358798263 ], [ 14.256154609079525, 53.89321559853164 ], [ 14.255912968202013, 53.893485830550389 ], [ 14.255773564180972, 53.893694204301255 ], [ 14.255690884086782, 53.893815222389776 ], [ 14.255749130254513, 53.893855487459803 ], [ 14.254609280037576, 53.893586811948389 ], [ 14.254887487278349, 53.89318398949414 ], [ 14.255184294358934, 53.892785278428484 ], [ 14.255499834631665, 53.892390951471072 ], [ 14.255834422617614, 53.892000836064746 ], [ 14.256188566245164, 53.891614134889224 ], [ 14.256562518238059, 53.891231662884444 ], [ 14.256956623597352, 53.890852886787805 ], [ 14.257374051560566, 53.890475899646447 ], [ 14.257809773358458, 53.890105353287417 ], [ 14.258261991787897, 53.889743095867495 ], [ 14.263141990346362, 53.886305537330287 ], [ 14.263629415204235, 53.885950727445014 ], [ 14.264118056665398, 53.885600434572076 ], [ 14.264613880466843, 53.885256590905882 ], [ 14.265098953978574, 53.884914295858323 ], [ 14.265591074635717, 53.884580255145579 ], [ 14.2660839616158, 53.884233647053421 ], [ 14.266551001522449, 53.883886446507141 ], [ 14.267011691385719, 53.883520214703744 ], [ 14.267469803975276, 53.883170109753152 ], [ 14.267936710357601, 53.882801332807318 ], [ 14.268368417336839, 53.882435352356701 ], [ 14.268798846934745, 53.882065742313358 ], [ 14.269217772467789, 53.881685972995037 ], [ 14.269624191344464, 53.881311301191424 ], [ 14.270014537234541, 53.880926361946692 ], [ 14.270403759097208, 53.880535108920114 ], [ 14.270779165150234, 53.880145351659799 ], [ 14.271142935707312, 53.879747235606388 ], [ 14.271486603510462, 53.879354053859622 ], [ 14.273101699256216, 53.87722038471712 ], [ 14.274854984201898, 53.873663865774311 ], [ 14.27666644616659, 53.869209557055285 ], [ 14.277601220030817, 53.866533459567222 ], [ 14.278535795605221, 53.863857327934767 ], [ 14.279377697150755, 53.861574707942978 ], [ 14.280771107451743, 53.861759202359778 ], [ 14.279351446064705, 53.865702408315606 ], [ 14.279352908314198, 53.86573840614674 ], [ 14.279366584005235, 53.865738626750804 ], [ 14.279367022280992, 53.865741244134711 ], [ 14.279373320986744, 53.865766022920113 ], [ 14.279370182959642, 53.865775236497356 ], [ 14.279016414694993, 53.866830751014867 ], [ 14.278799867577106, 53.867467021810938 ], [ 14.278667834111863, 53.867864313856288 ], [ 14.278558634563568, 53.868180456347183 ], [ 14.278519064120951, 53.868283848046737 ], [ 14.278334735045288, 53.868812009368206 ], [ 14.278192038446354, 53.869253651044808 ], [ 14.278039297507824, 53.869636719083076 ], [ 14.277526672504415, 53.869977601599842 ], [ 14.277462563712195, 53.870044025732781 ], [ 14.277457851598514, 53.870125735936064 ], [ 14.277711952322736, 53.87058007106058 ], [ 14.277192611119222, 53.871973533590619 ], [ 14.276990592262619, 53.872521310115054 ], [ 14.2769513473236, 53.87263531120086 ], [ 14.276714721645835, 53.873248704538163 ], [ 14.276638396652, 53.873416735761907 ], [ 14.276533491061297, 53.873677801777596 ], [ 14.276329262014709, 53.87415741387661 ], [ 14.275922454407743, 53.875023343976238 ], [ 14.275697257350847, 53.875463744946316 ], [ 14.275460077126338, 53.875879296959802 ], [ 14.275321850427853, 53.876104412926004 ], [ 14.274938087653656, 53.876723883774467 ], [ 14.274567000242243, 53.877268693233155 ], [ 14.274211068949105, 53.877764846859279 ], [ 14.273856599801789, 53.878235562811497 ], [ 14.273830525771064, 53.878276065514903 ], [ 14.273831699832444, 53.878281397497183 ], [ 14.273635816304868, 53.878531874073225 ], [ 14.273303971210677, 53.878954109246671 ], [ 14.273227365358906, 53.879048565282176 ], [ 14.273221118203137, 53.87905103035181 ], [ 14.273152595632107, 53.879135867765036 ], [ 14.272831083534461, 53.879521135244602 ], [ 14.272251086466435, 53.880169018192561 ], [ 14.271928108087053, 53.880528048526607 ], [ 14.271292987396306, 53.881217010613817 ], [ 14.270771436132689, 53.881743618190093 ], [ 14.270272010283328, 53.882204902879174 ], [ 14.269477910300132, 53.882891300610709 ], [ 14.268669695832759, 53.883571315868245 ], [ 14.268125164767229, 53.884005625981381 ], [ 14.26751909280306, 53.884469733684369 ], [ 14.265929013494004, 53.885677159703377 ], [ 14.264505142352073, 53.886731201958753 ], [ 14.263065111805394, 53.887776253816824 ], [ 14.262771647742374, 53.88798955345014 ], [ 14.262514961557081, 53.888178789820692 ], [ 14.262015139742148, 53.888548150413584 ], [ 14.261078630886555, 53.889239784099701 ], [ 14.260020960658693, 53.890022965896669 ], [ 14.25899695948895, 53.890792439880698 ], [ 14.258995642315025, 53.890796275950279 ] ] ] ] } },
{ "type": "Feature", "properties": { "fid": 6, "full_id": null, "osm_id": null, "osm_type": null, "name": null, "place": null, "wetland": null, "landuse": null, "wikipedia": null, "wikidata": null, "water": null, "type": null, "source:alt_name:pl": null, "part_of": null, "natural": null, "name:sk": null, "name:pl": null, "name:en": null, "name:de": null, "alt_name:pl": null, "alt_name:de": null, "wojewodztwo": "zachodniopomorskie", "powiat": "powiat Świnoujście", "gmina": "Świnoujście (miasto)", "obreb": "Warszów 14", "arkusz": null, "nr_dzialki": "1/29", "teryt": "326301_1.0014.1/29", "pow_m2": 995452.53, "layer": "polnoc_zalewu", "path": "C:/RDOS_Monitoring_Lokalny/polnoc_zalewu.gpkg" }, "geometry": { "type": "MultiPolygon", "coordinates": [ [ [ [ 14.268870365042403, 53.892879750847172 ], [ 14.269191203868616, 53.893134600887286 ], [ 14.269711425366802, 53.893547904839437 ], [ 14.274339952696899, 53.894959611486343 ], [ 14.274299276252206, 53.895230945184409 ], [ 14.273570325632663, 53.895508122242134 ], [ 14.272891695387475, 53.895766113684267 ], [ 14.272663502188374, 53.895556460573808 ], [ 14.272252028161631, 53.895431675921152 ], [ 14.27199119699713, 53.895733890699226 ], [ 14.269814859476115, 53.895076691090665 ], [ 14.269800126874634, 53.895092424366723 ], [ 14.264383081393435, 53.893454706363116 ], [ 14.262805531769429, 53.894064901856588 ], [ 14.262824070320937, 53.894509594374391 ], [ 14.26983100424256, 53.896628388177739 ], [ 14.269694571177105, 53.896782813874594 ], [ 14.267935436350722, 53.89757110541553 ], [ 14.265235596305796, 53.896750104011829 ], [ 14.262766914227297, 53.895999142422554 ], [ 14.262672175994616, 53.896142096738728 ], [ 14.262548893129489, 53.896260935062344 ], [ 14.262266970411323, 53.896207656621179 ], [ 14.261566417039647, 53.896085300741547 ], [ 14.261414374016862, 53.896054675790531 ], [ 14.261328416623995, 53.895726242640428 ], [ 14.261257191175012, 53.895732977912374 ], [ 14.261255386705988, 53.895727991553585 ], [ 14.25975013749704, 53.895868637503355 ], [ 14.259678563576523, 53.895875901001148 ], [ 14.258949789772061, 53.895942422552373 ], [ 14.258974431730289, 53.896035594394078 ], [ 14.259426801727329, 53.895993861576848 ], [ 14.259501512457479, 53.896276197010359 ], [ 14.259519831104244, 53.896345312798069 ], [ 14.259109098110146, 53.896382955283677 ], [ 14.25906284850752, 53.896387203955371 ], [ 14.25815010204516, 53.896470921686571 ], [ 14.258031263984174, 53.896026913076568 ], [ 14.2570649183829, 53.896115592327014 ], [ 14.257057126502769, 53.896113705803067 ], [ 14.256879280350574, 53.896130677759771 ], [ 14.256879086992544, 53.896096506699976 ], [ 14.256613364221781, 53.896097891428532 ], [ 14.256612261280557, 53.896047425466556 ], [ 14.256606935513087, 53.896047393551406 ], [ 14.256606926081142, 53.896042897727142 ], [ 14.256612251848042, 53.896042929642292 ], [ 14.256608041708768, 53.895740548695848 ], [ 14.256522162778037, 53.895740921895168 ], [ 14.25652241259229, 53.895744074531301 ], [ 14.256514789219281, 53.89574425978968 ], [ 14.256514539420774, 53.89574110715413 ], [ 14.256476767803514, 53.895741411945828 ], [ 14.2564214778038, 53.895760467236457 ], [ 14.256364524255867, 53.89585590976548 ], [ 14.256367870749878, 53.896060086929708 ], [ 14.256373196532302, 53.896060118865066 ], [ 14.256373053950769, 53.896064611208303 ], [ 14.256367728181928, 53.896064579282466 ], [ 14.25637209022541, 53.896342315423553 ], [ 14.256191262022462, 53.896401488991252 ], [ 14.256172912420118, 53.896456095412191 ], [ 14.256139744019164, 53.896759689123584 ], [ 14.256144985941409, 53.896786512953284 ], [ 14.25622741771733, 53.897349000580142 ], [ 14.25615051850845, 53.898086588682368 ], [ 14.255954274847923, 53.898087582696334 ], [ 14.255952910558994, 53.897959876308946 ], [ 14.255964790209417, 53.8979597884695 ], [ 14.255964462444606, 53.897948541963586 ], [ 14.255931851772994, 53.89794905458394 ], [ 14.255931384943334, 53.897935287348929 ], [ 14.255964293699817, 53.897934871459682 ], [ 14.255963605309448, 53.897919840396099 ], [ 14.255795677270228, 53.897920133974146 ], [ 14.255740341773091, 53.897921295408068 ], [ 14.255629217904341, 53.898058116323867 ], [ 14.255634163285606, 53.898059308435755 ], [ 14.25563130236837, 53.898063468844668 ], [ 14.25562635700188, 53.898062276733249 ], [ 14.25552967582337, 53.898180816250637 ], [ 14.255463315434614, 53.898189907254121 ], [ 14.255448624203586, 53.898200360497079 ], [ 14.255458643478851, 53.898226304649263 ], [ 14.255454188263474, 53.898226921981419 ], [ 14.25546558500843, 53.898257393262469 ], [ 14.255469882334472, 53.898256862225892 ], [ 14.25549541544772, 53.898322452984146 ], [ 14.255491094544697, 53.898323343133143 ], [ 14.255502935537299, 53.89835400439447 ], [ 14.255507080876558, 53.898353469874976 ], [ 14.255530593198905, 53.898415058253491 ], [ 14.255526593969179, 53.898415686033808 ], [ 14.255536898443394, 53.898444244149815 ], [ 14.255565902897535, 53.898466217056061 ], [ 14.255573441873379, 53.898462853117678 ], [ 14.256340618644645, 53.899078531436416 ], [ 14.257012892049342, 53.899622949580255 ], [ 14.257004544000738, 53.899655037009865 ], [ 14.256998463408001, 53.899678095214156 ], [ 14.257531070352247, 53.900107373125039 ], [ 14.257390284949665, 53.900174648422514 ], [ 14.257080778668088, 53.899919862620678 ], [ 14.256851772257452, 53.899739926996411 ], [ 14.256792834457769, 53.899735701994572 ], [ 14.25657773155571, 53.89982860688108 ], [ 14.256551777979322, 53.899903989144711 ], [ 14.256545982153632, 53.899920400456736 ], [ 14.256523824102207, 53.899982023111299 ], [ 14.256703345603254, 53.900099688839276 ], [ 14.256949713632372, 53.900260594888032 ], [ 14.256952323766372, 53.900259263233764 ], [ 14.256958037783471, 53.900263072462117 ], [ 14.256955273921703, 53.900264493018433 ], [ 14.257440473609176, 53.900581893707745 ], [ 14.257443083748869, 53.900580562042919 ], [ 14.257448799442315, 53.90058428140027 ], [ 14.257446187699372, 53.900585702913943 ], [ 14.257933052378537, 53.900904010404673 ], [ 14.257935814649842, 53.900902679674843 ], [ 14.257941532033094, 53.90090630916162 ], [ 14.257938920285479, 53.90090773068593 ], [ 14.258096541264795, 53.901011138223446 ], [ 14.258095572263935, 53.901020258237374 ], [ 14.258087899572757, 53.901024586936892 ], [ 14.258084443601795, 53.901065509844251 ], [ 14.258090346472633, 53.901069442034405 ], [ 14.258089967705773, 53.901073006959393 ], [ 14.25842644067491, 53.901293328906817 ], [ 14.258306920673832, 53.901355963895199 ], [ 14.257971169516454, 53.901137190300176 ], [ 14.257891479092017, 53.901179963631435 ], [ 14.257883858798118, 53.901170798286635 ], [ 14.257882169177435, 53.901184965393675 ], [ 14.257781239122709, 53.90156745720649 ], [ 14.258037190071489, 53.901880989087978 ], [ 14.258058492295127, 53.901885792537975 ], [ 14.258142050148113, 53.901860551059819 ], [ 14.258057235944756, 53.90176096423852 ], [ 14.258262370818517, 53.90169957107701 ], [ 14.258344453460072, 53.901799005953265 ], [ 14.258400221942015, 53.901782029202003 ], [ 14.258942269820613, 53.902408945875337 ], [ 14.259654709722948, 53.903232091205503 ], [ 14.25964751131057, 53.903234172783691 ], [ 14.260063726953222, 53.903721410274485 ], [ 14.26014728549835, 53.903720128100801 ], [ 14.260146845204588, 53.903710600872373 ], [ 14.260234655658957, 53.903658128129848 ], [ 14.260233345111427, 53.903654795461669 ], [ 14.260005941033326, 53.903530024812547 ], [ 14.259992284408543, 53.903536499976155 ], [ 14.259982796271494, 53.903530960416887 ], [ 14.260338882873716, 53.903305105381101 ], [ 14.260345873255343, 53.903314223687637 ], [ 14.26380244956065, 53.905209997999371 ], [ 14.263883736648202, 53.905208250026327 ], [ 14.264181028214596, 53.90502035249586 ], [ 14.264346588788404, 53.90491704428721 ], [ 14.264368139762457, 53.904904139023238 ], [ 14.264393469295468, 53.904887004197256 ], [ 14.264539569612348, 53.904785589492505 ], [ 14.26453722142459, 53.904756314722214 ], [ 14.263771192562228, 53.90431653204881 ], [ 14.264343113296174, 53.90396911930565 ], [ 14.264721851133087, 53.904186620903268 ], [ 14.264727341575188, 53.904186476377291 ], [ 14.264803381874477, 53.904140754514231 ], [ 14.26541198314704, 53.904503346330515 ], [ 14.264904883884903, 53.904912694505811 ], [ 14.264917566498156, 53.904974044958713 ], [ 14.264811018248476, 53.905044162442671 ], [ 14.264803193096638, 53.905049738301564 ], [ 14.264801425348255, 53.90505581197025 ], [ 14.265250246870821, 53.905216025287771 ], [ 14.265252156444499, 53.90521651534862 ], [ 14.265257161670236, 53.905219689690092 ], [ 14.265516259907656, 53.90528429554621 ], [ 14.265639795586129, 53.905315998969556 ], [ 14.265926451539498, 53.905379717561331 ], [ 14.266101542354322, 53.905408517606169 ], [ 14.266240345033635, 53.90542866814743 ], [ 14.266237867865774, 53.90545729273218 ], [ 14.266829853021447, 53.905474989648312 ], [ 14.266865591359243, 53.905550250100269 ], [ 14.267114183601771, 53.905509155404722 ], [ 14.26715449102405, 53.905593691454015 ], [ 14.266905000627142, 53.905634585533683 ], [ 14.266919695919929, 53.905666029687701 ], [ 14.26694310108253, 53.905715654668562 ], [ 14.266957931046218, 53.905747371757336 ], [ 14.267207447611808, 53.905706128302661 ], [ 14.267267676231663, 53.905835347873101 ], [ 14.267447430500908, 53.905805918232709 ], [ 14.268402851256992, 53.906359426523395 ], [ 14.267209273320001, 53.907582980161266 ], [ 14.26655064358245, 53.907358122603341 ], [ 14.265892170761251, 53.90713326411543 ], [ 14.26523354900019, 53.906908397328849 ], [ 14.264574937595297, 53.906683436078382 ], [ 14.263916327896059, 53.906458560619953 ], [ 14.2632577257001, 53.906233681747935 ], [ 14.262599281177337, 53.906008803168461 ], [ 14.261940690965089, 53.90578391790887 ], [ 14.261282111940398, 53.905559029138679 ], [ 14.260953599117425, 53.905430147197677 ], [ 14.260637320278914, 53.905309815471185 ], [ 14.260008804806672, 53.90507032039617 ], [ 14.25939968357701, 53.904797458013668 ], [ 14.258812140922684, 53.904511328987553 ], [ 14.25811620494984, 53.904292490030826 ], [ 14.257607837445809, 53.903950711345075 ], [ 14.257121026221569, 53.903600791382956 ], [ 14.256655165575779, 53.903242716303652 ], [ 14.256210072367077, 53.902876932139996 ], [ 14.255786210995904, 53.902503270486243 ], [ 14.255382751732373, 53.902120453666313 ], [ 14.25500833482168, 53.901731376930364 ], [ 14.254665626890198, 53.901330167679198 ], [ 14.2543577893813, 53.900919685586565 ], [ 14.254084794269096, 53.900500379406083 ], [ 14.253848288336108, 53.900074984473868 ], [ 14.253647846848438, 53.899642952327973 ], [ 14.253484427657133, 53.899205834096165 ], [ 14.253358098888896, 53.898764889983092 ], [ 14.253269371273467, 53.898321659712742 ], [ 14.253217889063034, 53.897876944256971 ], [ 14.253203715005737, 53.897432093886017 ], [ 14.25363907349867, 53.897063804352854 ], [ 14.254074583797959, 53.896695426762236 ], [ 14.254510386054372, 53.896327144194252 ], [ 14.254945422289719, 53.895958842520301 ], [ 14.25538091429871, 53.895590459788799 ], [ 14.255816242164004, 53.895222161672635 ], [ 14.256340542027051, 53.894896717831585 ], [ 14.256925339944434, 53.894609609558131 ], [ 14.257510283277663, 53.894322501867975 ], [ 14.258095225639282, 53.894035301401033 ], [ 14.258680154700668, 53.893748187574765 ], [ 14.259264929806612, 53.893460977329383 ], [ 14.259849843266631, 53.893173857279372 ], [ 14.260434749447956, 53.892886734421431 ], [ 14.261019502685908, 53.89259951588884 ], [ 14.261604395550982, 53.892312388698066 ], [ 14.262189282085609, 53.89202526001511 ], [ 14.262811540604082, 53.891767035587144 ], [ 14.263480349364798, 53.891553298953212 ], [ 14.264149303831539, 53.891339562805221 ], [ 14.264818105192516, 53.8911257298357 ], [ 14.265487045183317, 53.890911986145824 ], [ 14.266155831350941, 53.890698145094902 ], [ 14.266824603949862, 53.890484389738248 ], [ 14.267493520834092, 53.890270633790628 ], [ 14.268162283911797, 53.89005678058443 ], [ 14.268831185367516, 53.88984301662628 ], [ 14.269499933024118, 53.889629155465705 ], [ 14.270168667261904, 53.88941538022187 ], [ 14.270837551973168, 53.889201514914006 ], [ 14.271506271751232, 53.88898773226736 ], [ 14.272175136673262, 53.888773949472501 ], [ 14.272843848963886, 53.888560069894986 ], [ 14.273440368686888, 53.888281517763843 ], [ 14.274036886460495, 53.888002872800527 ], [ 14.274633542098803, 53.887724317850768 ], [ 14.275230043016574, 53.887445666336539 ], [ 14.275826529297124, 53.887167101205023 ], [ 14.276423006687873, 53.886888532663434 ], [ 14.2770196329618, 53.886609874393372 ], [ 14.277616092520399, 53.886331299074186 ], [ 14.277941868784321, 53.88592537504757 ], [ 14.278267632613268, 53.885519539671265 ], [ 14.278593547622149, 53.885113616799728 ], [ 14.278919303925401, 53.884707689295169 ], [ 14.279245047532857, 53.884301850349729 ], [ 14.279570790033853, 53.883895920435428 ], [ 14.279896525521417, 53.883489989365884 ], [ 14.282609628872056, 53.883838143803644 ], [ 14.283571957642453, 53.883618712770804 ], [ 14.283887108529422, 53.884593929619861 ], [ 14.283760628894127, 53.885041523003061 ], [ 14.283562243226179, 53.885192754609747 ], [ 14.283126670488679, 53.884855968631108 ], [ 14.282987642369736, 53.884693315518668 ], [ 14.282946916324123, 53.884343356187927 ], [ 14.282783395415679, 53.883953301582437 ], [ 14.282717510798285, 53.883913326650884 ], [ 14.282668478450582, 53.883932535569386 ], [ 14.282599097225065, 53.884047128872162 ], [ 14.282275806281417, 53.88447668154619 ], [ 14.282216680958845, 53.884555182716127 ], [ 14.282012290294977, 53.885042454318125 ], [ 14.281806028987832, 53.885659154166149 ], [ 14.281563164652191, 53.886101313782163 ], [ 14.281496533916071, 53.886222620484745 ], [ 14.281409891194683, 53.886450375193334 ], [ 14.281304347585619, 53.886498331064118 ], [ 14.281269154883617, 53.886487193531501 ], [ 14.281002349896941, 53.886403192266116 ], [ 14.280852779420856, 53.886559480082326 ], [ 14.281058438839707, 53.886626539870285 ], [ 14.280980029154364, 53.886788486604559 ], [ 14.280631824610946, 53.886966347929139 ], [ 14.280474873617235, 53.887189455673898 ], [ 14.280342588869587, 53.88737724840405 ], [ 14.280477327440817, 53.887709021236255 ], [ 14.280997992992797, 53.887870532425303 ], [ 14.281161642785007, 53.888317238160262 ], [ 14.281213257707257, 53.888822720492293 ], [ 14.281500199422931, 53.889084304771721 ], [ 14.281509292350774, 53.889642227929244 ], [ 14.280050189119578, 53.890319785868861 ], [ 14.279585102283118, 53.890138671374096 ], [ 14.279609306584426, 53.889888280731661 ], [ 14.279437581480723, 53.889568348347801 ], [ 14.279300689668624, 53.889323652098291 ], [ 14.279046129484305, 53.88911431710379 ], [ 14.278814977251518, 53.88892421427655 ], [ 14.278700778162577, 53.888910922722779 ], [ 14.279240299007421, 53.889404999184073 ], [ 14.279072396574417, 53.889711823157697 ], [ 14.27906091399119, 53.889732805198435 ], [ 14.278594321725395, 53.888754000087104 ], [ 14.278585350103846, 53.888727349389825 ], [ 14.278456124716397, 53.888626475430925 ], [ 14.275426151622819, 53.889886399064331 ], [ 14.274805351076555, 53.890143586596615 ], [ 14.274801603135154, 53.890140419063904 ], [ 14.26864160965682, 53.892700190509004 ], [ 14.268870365042403, 53.892879750847172 ] ] ] ] } },
{ "type": "Feature", "properties": { "fid": 7, "full_id": null, "osm_id": null, "osm_type": null, "name": null, "place": null, "wetland": null, "landuse": null, "wikipedia": null, "wikidata": null, "water": null, "type": null, "source:alt_name:pl": null, "part_of": null, "natural": null, "name:sk": null, "name:pl": null, "name:en": null, "name:de": null, "alt_name:pl": null, "alt_name:de": null, "wojewodztwo": "zachodniopomorskie", "powiat": "powiat Świnoujście", "gmina": "Świnoujście (miasto)", "obreb": "Warszów 11", "arkusz": null, "nr_dzialki": "59/6", "teryt": "326301_1.0011.59/6", "pow_m2": 304415.9, "layer": "polnoc_zalewu", "path": "C:/RDOS_Monitoring_Lokalny/polnoc_zalewu.gpkg" }, "geometry": { "type": "MultiPolygon", "coordinates": [ [ [ [ 14.285049787087138, 53.915058210465546 ], [ 14.283036889922769, 53.915641032173028 ], [ 14.283011649252339, 53.915663837313907 ], [ 14.283639748540352, 53.918175732177339 ], [ 14.283880201866467, 53.919137374576927 ], [ 14.284002945043602, 53.919217475158959 ], [ 14.284005820040084, 53.919229498238764 ], [ 14.284006065941304, 53.919230402905093 ], [ 14.284102830296185, 53.919635761407292 ], [ 14.284112392319214, 53.919648026777118 ], [ 14.284115207075438, 53.919651597275319 ], [ 14.284158641520383, 53.91967002444126 ], [ 14.284160987711752, 53.919671426327845 ], [ 14.2842062378182, 53.919697088348443 ], [ 14.284331575427975, 53.919692729678808 ], [ 14.284575256106912, 53.920778333006396 ], [ 14.284616259781819, 53.921033154438383 ], [ 14.284643418577998, 53.921201272358765 ], [ 14.28442586275653, 53.921208937102051 ], [ 14.284462096961359, 53.921326552619931 ], [ 14.284663406874076, 53.921313396075178 ], [ 14.284681711858493, 53.922012516883967 ], [ 14.284677851108567, 53.922270458391807 ], [ 14.284636405442496, 53.922743690087259 ], [ 14.284581134344135, 53.922769141841925 ], [ 14.28441948099881, 53.922755592579684 ], [ 14.284397179103335, 53.922866844347702 ], [ 14.284541120771552, 53.922881071762426 ], [ 14.284608482146602, 53.922965133410607 ], [ 14.284556219121569, 53.923240243413694 ], [ 14.284492968804225, 53.923489118338836 ], [ 14.284479425910256, 53.923608119178738 ], [ 14.284465849364597, 53.923757956035509 ], [ 14.284141495718409, 53.924641400198077 ], [ 14.283945236200275, 53.924670316448889 ], [ 14.283886246401975, 53.924757543505457 ], [ 14.284038081503446, 53.924889372202777 ], [ 14.283816836233729, 53.925483079173034 ], [ 14.283541737149976, 53.925977730484 ], [ 14.28338212623566, 53.926253286598545 ], [ 14.283162014689799, 53.92625288837602 ], [ 14.283113635517369, 53.926343141177973 ], [ 14.283246864833639, 53.926379334565297 ], [ 14.283256121932224, 53.926475837255637 ], [ 14.28299260682169, 53.926864208247679 ], [ 14.282776062984379, 53.927132356768112 ], [ 14.282628652698428, 53.927346779160992 ], [ 14.28251895801651, 53.927524652626495 ], [ 14.282173963235888, 53.92791890350582 ], [ 14.281980485287018, 53.927874421025415 ], [ 14.28190622501309, 53.927957339534913 ], [ 14.282064048897745, 53.928020613324421 ], [ 14.281814927655047, 53.92833466637412 ], [ 14.281481874794713, 53.928690789633862 ], [ 14.281081662470518, 53.929102783339772 ], [ 14.280715282399333, 53.929434888351942 ], [ 14.280567841108473, 53.929387581439265 ], [ 14.280499876080047, 53.929460396764853 ], [ 14.280611720312518, 53.929506897180183 ], [ 14.280051926076519, 53.929987531047828 ], [ 14.279650600301961, 53.930292191519356 ], [ 14.278980011698421, 53.930754340662808 ], [ 14.27893217394387, 53.930777708490488 ], [ 14.278824984194243, 53.930715852147273 ], [ 14.278658973459052, 53.930815566248242 ], [ 14.27867743641119, 53.930887638460646 ], [ 14.278381129979435, 53.93108367242678 ], [ 14.277708271995971, 53.931472514193828 ], [ 14.277584768799507, 53.931539400284258 ], [ 14.277483974246516, 53.931599157288197 ], [ 14.277426443985707, 53.930667914753769 ], [ 14.278608521895514, 53.929618459710035 ], [ 14.279029912374213, 53.929244382934641 ], [ 14.279451302151605, 53.928870207865771 ], [ 14.279872679561365, 53.928496117205306 ], [ 14.280294051576591, 53.928122026788827 ], [ 14.280715274105061, 53.92774784649388 ], [ 14.281136640475696, 53.927373758415619 ], [ 14.281558001843464, 53.926999665772783 ], [ 14.281918747102276, 53.926604057954933 ], [ 14.282244660262025, 53.926198129594965 ], [ 14.282535511144701, 53.925783133482454 ], [ 14.282790925025354, 53.925359962550729 ], [ 14.283009629928967, 53.924929664431595 ], [ 14.283191099631326, 53.924493397715864 ], [ 14.283335101144628, 53.924052333061752 ], [ 14.283441423937454, 53.923607539348247 ], [ 14.283509516461816, 53.923160167973855 ], [ 14.283539149399884, 53.922711294945017 ], [ 14.283530430484193, 53.922262093666198 ], [ 14.283483271209024, 53.921813727837112 ], [ 14.283397886365496, 53.921367370079516 ], [ 14.283274382123661, 53.920924108423122 ], [ 14.283131869837762, 53.920482845978533 ], [ 14.282989350849663, 53.920041575518567 ], [ 14.28284682684337, 53.919600300628524 ], [ 14.282704308427954, 53.91915902835013 ], [ 14.282561950760298, 53.918717761029754 ], [ 14.282419448253112, 53.918276491388966 ], [ 14.282276950400053, 53.917835223603014 ], [ 14.282134456503833, 53.917393955745446 ], [ 14.28199197155485, 53.916952597228622 ], [ 14.28184948198912, 53.916511327070758 ], [ 14.281706991762874, 53.916070054256458 ], [ 14.281564501294037, 53.915628778595163 ], [ 14.281381463555551, 53.915192787024338 ], [ 14.281158714667617, 53.91476327117379 ], [ 14.280896628256539, 53.914341497622154 ], [ 14.28059650064675, 53.913928661102659 ], [ 14.280258703096466, 53.91352611755746 ], [ 14.279884535475487, 53.913134975401235 ], [ 14.279474987092524, 53.912756426361675 ], [ 14.279031209908601, 53.91239148559589 ], [ 14.278554806443218, 53.912041267213709 ], [ 14.278046929796661, 53.911706785092186 ], [ 14.277509037322897, 53.911389060597529 ], [ 14.276942741974306, 53.911089031189213 ], [ 14.276349812545826, 53.91080754704408 ], [ 14.275731871089459, 53.910545449935391 ], [ 14.275090848981469, 53.91030350323247 ], [ 14.274428522552485, 53.910082471509781 ], [ 14.27377223676099, 53.909855281398933 ], [ 14.273115805949184, 53.909628082511475 ], [ 14.272459545322089, 53.909400792510709 ], [ 14.271803291146155, 53.909173588154083 ], [ 14.271146892238576, 53.908946376668077 ], [ 14.270490652022628, 53.908719167777832 ], [ 14.269834419439331, 53.908491957583145 ], [ 14.269178042468013, 53.90826474007239 ], [ 14.268521831411253, 53.908037431762665 ], [ 14.267865471649497, 53.907810205948614 ], [ 14.267209273320001, 53.907582980161266 ], [ 14.268402851256992, 53.906359426523395 ], [ 14.268469380978807, 53.906322283159945 ], [ 14.268757798147595, 53.906499053183829 ], [ 14.268856509946707, 53.906556681535079 ], [ 14.269019126100174, 53.906650015936926 ], [ 14.269080884934665, 53.906711567276012 ], [ 14.269116016952102, 53.906779796236016 ], [ 14.26912098105743, 53.906783055958364 ], [ 14.269094651792438, 53.906796841949195 ], [ 14.269135983406153, 53.906828441253829 ], [ 14.269144730497802, 53.906834394513567 ], [ 14.271649904542711, 53.908066142190044 ], [ 14.27203026301216, 53.908250488819455 ], [ 14.272034169100333, 53.90825129709399 ], [ 14.272039338407554, 53.908251414828797 ], [ 14.272792701661453, 53.908098091933958 ], [ 14.272787931752315, 53.908073168048297 ], [ 14.272964940687624, 53.908060381323708 ], [ 14.273128826138665, 53.90806671611837 ], [ 14.273294719396569, 53.908123985407819 ], [ 14.273435156549882, 53.908284341944487 ], [ 14.2734217414257, 53.908284576400611 ], [ 14.27342425430075, 53.908363445463145 ], [ 14.273427400391911, 53.90836342233559 ], [ 14.273427444125414, 53.908369747675977 ], [ 14.273424454570373, 53.908369733409245 ], [ 14.273432520219187, 53.908623141547459 ], [ 14.273435562829551, 53.908623107658862 ], [ 14.27343573457256, 53.908628497326234 ], [ 14.273432691962821, 53.908628531205871 ], [ 14.27343406976035, 53.908671738392407 ], [ 14.27354016176607, 53.908713178819269 ], [ 14.273541840796581, 53.908711680181618 ], [ 14.273549455296861, 53.908714654396853 ], [ 14.273547776252327, 53.908716153025054 ], [ 14.273626664505372, 53.908746966159484 ], [ 14.273716494017725, 53.908782275444011 ], [ 14.273796343158184, 53.908813112470405 ], [ 14.27379800901404, 53.908811608710486 ], [ 14.273805650117701, 53.908814559621739 ], [ 14.273803984246811, 53.908816063381174 ], [ 14.273900543460522, 53.908853353309532 ], [ 14.273973841606832, 53.908885319388617 ], [ 14.274006896687737, 53.908899197679879 ], [ 14.274172324030298, 53.908961760857622 ], [ 14.274173965493546, 53.908960247769329 ], [ 14.27418165379939, 53.908963155399611 ], [ 14.274180012305942, 53.90896466848681 ], [ 14.274803151579619, 53.909200326451739 ], [ 14.274804793060774, 53.909198813355765 ], [ 14.274812481327441, 53.909201720735247 ], [ 14.274810839876789, 53.909203233832528 ], [ 14.274908865733313, 53.909240302568826 ], [ 14.274911058869829, 53.90924170095834 ], [ 14.275296737809521, 53.909399154044841 ], [ 14.275175177656145, 53.909486216326378 ], [ 14.275171715298328, 53.909490273674542 ], [ 14.275171732727703, 53.909494679644787 ], [ 14.275174972627585, 53.909498709118211 ], [ 14.275180265371874, 53.909501616298712 ], [ 14.275219677211664, 53.909520761436724 ], [ 14.2752220751371, 53.909519017584252 ], [ 14.275229157437842, 53.909522504813708 ], [ 14.27522676536854, 53.909524158895806 ], [ 14.275749191414866, 53.909777080237447 ], [ 14.27575191093792, 53.909775073956887 ], [ 14.275758992804741, 53.909778561865167 ], [ 14.275756273297967, 53.909780568137535 ], [ 14.276235628446054, 53.910012113783445 ], [ 14.276238184093907, 53.910010283679853 ], [ 14.276245260422519, 53.910013861142851 ], [ 14.276242862656659, 53.910015604922819 ], [ 14.276816717197569, 53.910292887838054 ], [ 14.276819272851769, 53.91029105774048 ], [ 14.276826507362566, 53.910294548674493 ], [ 14.276823951723628, 53.910296378772848 ], [ 14.277392807029536, 53.910571286366718 ], [ 14.277395520697389, 53.910569369918903 ], [ 14.277402749647861, 53.910572950490398 ], [ 14.277400188024378, 53.91057487039334 ], [ 14.277919996849731, 53.910826368037291 ], [ 14.277922546779028, 53.910824627674153 ], [ 14.277929634784323, 53.910828025399553 ], [ 14.277927079003476, 53.910829855542545 ], [ 14.278466069928648, 53.911090515561384 ], [ 14.278468303904141, 53.911088947859646 ], [ 14.27847539210963, 53.911092345522853 ], [ 14.278473158134203, 53.911093913224725 ], [ 14.278987517947709, 53.911342588458126 ], [ 14.278990067696705, 53.911340848092408 ], [ 14.278997302330589, 53.911344338892945 ], [ 14.27899474674636, 53.911346169048166 ], [ 14.279038008419173, 53.911367020648512 ], [ 14.27904440667608, 53.911369323639519 ], [ 14.279051986159853, 53.911369855218936 ], [ 14.279058939691451, 53.911368304650786 ], [ 14.279065278981678, 53.91136449239405 ], [ 14.279203320625458, 53.911265035916379 ], [ 14.279342422717052, 53.911331847609823 ], [ 14.279345130331912, 53.911330020908345 ], [ 14.2793523650263, 53.911333511680269 ], [ 14.279349809474057, 53.911335341835048 ], [ 14.279694755604746, 53.91150113723512 ], [ 14.279734426788945, 53.911516332572852 ], [ 14.279938962300367, 53.911614387133326 ], [ 14.279953470552659, 53.91161358696818 ], [ 14.280519300638071, 53.911886484648811 ], [ 14.281054514652332, 53.912143260243752 ], [ 14.281052789395527, 53.912144030322899 ], [ 14.281333690762992, 53.91258952102892 ], [ 14.281440802472721, 53.912759542626482 ], [ 14.282769359406222, 53.914865016564548 ], [ 14.282864111587028, 53.914890361879408 ], [ 14.284715339310734, 53.914354814778378 ], [ 14.284718199699197, 53.9143576667595 ], [ 14.284725703012732, 53.914357027386579 ], [ 14.28478877769887, 53.914422201704916 ], [ 14.284990928672723, 53.914606238378219 ], [ 14.285335396603129, 53.914918201848053 ], [ 14.285223623993726, 53.914962878031048 ], [ 14.285039242111713, 53.91503998916739 ], [ 14.285038939588581, 53.915044657838443 ], [ 14.285049787087138, 53.915058210465546 ] ], [ [ 14.268963476916156, 53.90687264651622 ], [ 14.268961166346307, 53.906874249818223 ], [ 14.268954677011079, 53.906871155278203 ], [ 14.268956835416061, 53.906869551052644 ], [ 14.268896633812458, 53.906840071892006 ], [ 14.268891956234246, 53.906837797068398 ], [ 14.268884685741826, 53.90683586587383 ], [ 14.26887783875085, 53.906835824185251 ], [ 14.268871879603546, 53.906837225561503 ], [ 14.268864350255493, 53.906841402838161 ], [ 14.26880595537212, 53.906882739412509 ], [ 14.268801172656367, 53.906886484140394 ], [ 14.268798967156286, 53.906890783692937 ], [ 14.268799657324939, 53.906894831315363 ], [ 14.26880368863285, 53.9068992586989 ], [ 14.268808212484076, 53.906901622443037 ], [ 14.268868867444777, 53.906931284118556 ], [ 14.26887102587138, 53.906929679895271 ], [ 14.268877513630317, 53.906932864280236 ], [ 14.268875355218958, 53.906934468504225 ], [ 14.269275479682662, 53.90713125786116 ], [ 14.269277790255616, 53.907129654553181 ], [ 14.269284125927301, 53.907132837985671 ], [ 14.2692818153544, 53.907134441293778 ], [ 14.269601687405816, 53.907291115636198 ], [ 14.269746676755137, 53.907362712407625 ], [ 14.269748987308709, 53.907361109089898 ], [ 14.269755475218661, 53.907364293421601 ], [ 14.269753164649975, 53.907365896738852 ], [ 14.270219700237217, 53.907594445740756 ], [ 14.270222010786529, 53.907592842413827 ], [ 14.270228345040634, 53.907596115640231 ], [ 14.27022603605206, 53.907597629126251 ], [ 14.270690306939409, 53.907825443671406 ], [ 14.270692617483498, 53.9078238403443 ], [ 14.27069895336963, 53.907827023706176 ], [ 14.270696794977999, 53.907828627963333 ], [ 14.271161514956619, 53.90805716222755 ], [ 14.271163976107223, 53.908055649653363 ], [ 14.271170159896423, 53.908058832061769 ], [ 14.271168001509869, 53.908060436327503 ], [ 14.271525914724727, 53.908235576681513 ], [ 14.271528223703333, 53.908234063179272 ], [ 14.271534559717177, 53.908237246490479 ], [ 14.271532249179602, 53.908238849842917 ], [ 14.271588830930206, 53.908266688338124 ], [ 14.271594119024602, 53.908268876910917 ], [ 14.271601405541862, 53.908269909495033 ], [ 14.271607653494298, 53.908269408279402 ], [ 14.271613010379076, 53.908267643698998 ], [ 14.27161854598322, 53.908264352688434 ], [ 14.271677551818666, 53.908222838760594 ], [ 14.271682950883022, 53.908218648381826 ], [ 14.271684542828519, 53.908214614623688 ], [ 14.271683399002606, 53.908210384552227 ], [ 14.271681009773364, 53.908207764303043 ], [ 14.271674681573003, 53.908204131777097 ], [ 14.271613418819939, 53.908174198289601 ], [ 14.271611109847758, 53.908175711793625 ], [ 14.271604621667976, 53.90817252755712 ], [ 14.271606932214207, 53.908170924203752 ], [ 14.271258078407689, 53.907999882497663 ], [ 14.271255920012425, 53.908001486764519 ], [ 14.271249431903332, 53.907998302501504 ], [ 14.271251590283491, 53.907996698234165 ], [ 14.270785968476821, 53.907767529865431 ], [ 14.27078381009165, 53.907769134124294 ], [ 14.27077732047939, 53.907766039686564 ], [ 14.27077947887981, 53.907764435428412 ], [ 14.270314303052407, 53.90753616645334 ], [ 14.270312144662116, 53.907537770703627 ], [ 14.270305653560744, 53.90753476608279 ], [ 14.270307813511618, 53.907533071991587 ], [ 14.269844151884115, 53.907305529198595 ], [ 14.269841841322114, 53.907307132517715 ], [ 14.26983550558051, 53.907303949113334 ], [ 14.269837662414494, 53.907302434712754 ], [ 14.269370078056197, 53.907073248847396 ], [ 14.269367767505102, 53.907074852157905 ], [ 14.269361278108152, 53.907071757638704 ], [ 14.269363436508783, 53.907070153405741 ], [ 14.268963476916156, 53.90687264651622 ] ] ] ] } },
{ "type": "Feature", "properties": { "fid": 8, "full_id": null, "osm_id": null, "osm_type": null, "name": null, "place": null, "wetland": null, "landuse": null, "wikipedia": null, "wikidata": null, "water": null, "type": null, "source:alt_name:pl": null, "part_of": null, "natural": null, "name:sk": null, "name:pl": null, "name:en": null, "name:de": null, "alt_name:pl": null, "alt_name:de": null, "wojewodztwo": "zachodniopomorskie", "powiat": "powiat Świnoujście", "gmina": "Świnoujście (miasto)", "obreb": "Świnoujście 7", "arkusz": null, "nr_dzialki": "147/6", "teryt": "326301_1.0007.147/6", "pow_m2": 285478.68, "layer": "polnoc_zalewu", "path": "C:/RDOS_Monitoring_Lokalny/polnoc_zalewu.gpkg" }, "geometry": { "type": "MultiPolygon", "coordinates": [ [ [ [ 14.269834419439331, 53.908491957583145 ], [ 14.270490652022628, 53.908719167777832 ], [ 14.271146892238576, 53.908946376668077 ], [ 14.271803291146155, 53.909173588154083 ], [ 14.272459545322089, 53.909400792510709 ], [ 14.273115805949184, 53.909628082511475 ], [ 14.27377223676099, 53.909855281398933 ], [ 14.274428522552485, 53.910082471509781 ], [ 14.275090848981469, 53.91030350323247 ], [ 14.275731871089459, 53.910545449935391 ], [ 14.276349812545826, 53.91080754704408 ], [ 14.276942741974306, 53.911089031189213 ], [ 14.277509037322897, 53.911389060597529 ], [ 14.278046929796661, 53.911706785092186 ], [ 14.278554806443218, 53.912041267213709 ], [ 14.275125741572605, 53.91306875594826 ], [ 14.274985266361224, 53.912999515097475 ], [ 14.274983190444056, 53.913000996413864 ], [ 14.274976242027851, 53.912997781648151 ], [ 14.274978189219272, 53.912995937760783 ], [ 14.274422626999462, 53.912722308297454 ], [ 14.274420083156516, 53.912723958793187 ], [ 14.274413444779196, 53.912720661125476 ], [ 14.274415690332077, 53.912718913939862 ], [ 14.273860762195703, 53.912445026413685 ], [ 14.273858066220363, 53.912446673452742 ], [ 14.273851275896707, 53.912443372296629 ], [ 14.273853667754855, 53.912441718346876 ], [ 14.273321769904895, 53.912179140496612 ], [ 14.273319073865094, 53.912180787530076 ], [ 14.273312137455445, 53.912177393106177 ], [ 14.273314693123044, 53.912175563061247 ], [ 14.27319783308165, 53.912117971749055 ], [ 14.273192019664412, 53.912116041412588 ], [ 14.273179389951402, 53.912124836671126 ], [ 14.272230688551439, 53.911654884137633 ], [ 14.27226803670588, 53.911630917745761 ], [ 14.271711579052486, 53.91137883167783 ], [ 14.271214390907383, 53.911152096912105 ], [ 14.268126212170673, 53.909786639477723 ], [ 14.267329547136466, 53.909485366865866 ], [ 14.266977771541084, 53.90935291832816 ], [ 14.266725244035763, 53.909255997273526 ], [ 14.266548611978807, 53.909190745213401 ], [ 14.265679341647219, 53.9088621993277 ], [ 14.265694186235505, 53.908847072440594 ], [ 14.265138577690786, 53.908637696598618 ], [ 14.265096621073027, 53.908676304392174 ], [ 14.264399671911304, 53.908417213988201 ], [ 14.264466166827487, 53.908336552725785 ], [ 14.261813606930946, 53.907629711734359 ], [ 14.259597287056781, 53.907354650631788 ], [ 14.258759739634668, 53.907338128356542 ], [ 14.258209949177649, 53.907326012786854 ], [ 14.258205145492832, 53.907227087832375 ], [ 14.258047081289956, 53.907229407226879 ], [ 14.257966420510435, 53.907235654514288 ], [ 14.257966911213911, 53.907237463989404 ], [ 14.257957717470697, 53.907238332665202 ], [ 14.257957238525325, 53.907236343624135 ], [ 14.257899678307675, 53.9072409612819 ], [ 14.257916362556193, 53.907316419976368 ], [ 14.257760509190113, 53.907312764824326 ], [ 14.257747226844884, 53.907252849200162 ], [ 14.257221645704565, 53.907293336150801 ], [ 14.257222136104001, 53.907295145608529 ], [ 14.257212802275092, 53.907295831233704 ], [ 14.257212610084752, 53.907294118516184 ], [ 14.257207878938008, 53.907294280036901 ], [ 14.257200689099124, 53.907262286843562 ], [ 14.25694401673127, 53.907282220631203 ], [ 14.256914841261993, 53.907149023459311 ], [ 14.256681529231845, 53.907181988977889 ], [ 14.256682177502315, 53.907183712130397 ], [ 14.256673112705666, 53.90718494335556 ], [ 14.256672160346852, 53.907183213248828 ], [ 14.255951461556293, 53.907285406623878 ], [ 14.255951531078166, 53.907286666977924 ], [ 14.255942618534789, 53.907287901576311 ], [ 14.255942098777723, 53.907286541005973 ], [ 14.255936882313794, 53.907287140911386 ], [ 14.255924179551268, 53.907255650952969 ], [ 14.255673203076418, 53.907291085122843 ], [ 14.255620692702909, 53.907160860828327 ], [ 14.2554679253928, 53.907182447928953 ], [ 14.255457774413076, 53.907181676005983 ], [ 14.255454733705124, 53.907181606367985 ], [ 14.254391544926118, 53.907129299716914 ], [ 14.254179035624539, 53.906645853216077 ], [ 14.258589374560643, 53.906812380076389 ], [ 14.258966835025097, 53.906747368967459 ], [ 14.25931744896188, 53.9065761870011 ], [ 14.260953599117425, 53.905430147197677 ], [ 14.261282111940398, 53.905559029138679 ], [ 14.261940690965089, 53.90578391790887 ], [ 14.262599281177337, 53.906008803168461 ], [ 14.2632577257001, 53.906233681747935 ], [ 14.263916327896059, 53.906458560619953 ], [ 14.264574937595297, 53.906683436078382 ], [ 14.26523354900019, 53.906908397328849 ], [ 14.265892170761251, 53.90713326411543 ], [ 14.26655064358245, 53.907358122603341 ], [ 14.267209273320001, 53.907582980161266 ], [ 14.267865471649497, 53.907810205948614 ], [ 14.268521831411253, 53.908037431762665 ], [ 14.269178042468013, 53.90826474007239 ], [ 14.269834419439331, 53.908491957583145 ] ] ] ] } },
{ "type": "Feature", "properties": { "fid": 9, "full_id": null, "osm_id": null, "osm_type": null, "name": null, "place": null, "wetland": null, "landuse": null, "wikipedia": null, "wikidata": null, "water": null, "type": null, "source:alt_name:pl": null, "part_of": null, "natural": null, "name:sk": null, "name:pl": null, "name:en": null, "name:de": null, "alt_name:pl": null, "alt_name:de": null, "wojewodztwo": "zachodniopomorskie", "powiat": "powiat Świnoujście", "gmina": "Świnoujście (miasto)", "obreb": "Świnoujście 2", "arkusz": null, "nr_dzialki": "202/3", "teryt": "326301_1.0002.202/3", "pow_m2": 542061.89, "layer": "polnoc_zalewu", "path": "C:/RDOS_Monitoring_Lokalny/polnoc_zalewu.gpkg" }, "geometry": { "type": "MultiPolygon", "coordinates": [ [ [ [ 14.283441423937454, 53.923607539348247 ], [ 14.283335101144628, 53.924052333061752 ], [ 14.283191099631326, 53.924493397715864 ], [ 14.283009629928967, 53.924929664431595 ], [ 14.282790925025354, 53.925359962550729 ], [ 14.282535511144701, 53.925783133482454 ], [ 14.282244660262025, 53.926198129594965 ], [ 14.281918747102276, 53.926604057954933 ], [ 14.281558001843464, 53.926999665772783 ], [ 14.281136640475696, 53.927373758415619 ], [ 14.280715274105061, 53.92774784649388 ], [ 14.280294051576591, 53.928122026788827 ], [ 14.279872679561365, 53.928496117205306 ], [ 14.279451302151605, 53.928870207865771 ], [ 14.279029912374213, 53.929244382934641 ], [ 14.278608521895514, 53.929618459710035 ], [ 14.277426443985707, 53.930667914753769 ], [ 14.277214150303028, 53.926403263639109 ], [ 14.277260673584815, 53.926428055364795 ], [ 14.277341053946264, 53.926438240622737 ], [ 14.277381656598193, 53.926429990974775 ], [ 14.277419205255475, 53.926410163553165 ], [ 14.277680480914297, 53.926129366759788 ], [ 14.278291327953403, 53.925313424552158 ], [ 14.278509403618227, 53.925351910895259 ], [ 14.278493918309744, 53.925372149087174 ], [ 14.278502887146344, 53.925374780295122 ], [ 14.27856078610346, 53.925297422558913 ], [ 14.278552747490618, 53.925294542746926 ], [ 14.278337157918291, 53.925241277462696 ], [ 14.278569527916684, 53.924934123857504 ], [ 14.278710686698831, 53.924780711878199 ], [ 14.279105777970793, 53.924061601912022 ], [ 14.279202418376176, 53.924098049055701 ], [ 14.279212808425546, 53.924099903053325 ], [ 14.279265868858051, 53.923982245579857 ], [ 14.279256098976775, 53.923980225818092 ], [ 14.279161266847982, 53.92397447886885 ], [ 14.279371809014872, 53.92345974736741 ], [ 14.279429907458301, 53.923100803835389 ], [ 14.279419913852923, 53.922929037159371 ], [ 14.279458930316721, 53.922804683244259 ], [ 14.279414931643158, 53.922619468379011 ], [ 14.279369819720145, 53.922149582409872 ], [ 14.279279928656958, 53.921749883919041 ], [ 14.279497199092232, 53.921585237432467 ], [ 14.279518510248279, 53.920981974522647 ], [ 14.279394724310347, 53.920838549222132 ], [ 14.279372528937749, 53.920524526100706 ], [ 14.279326995495749, 53.919951566721451 ], [ 14.279265469843525, 53.919895325666538 ], [ 14.279105231356329, 53.918795024525977 ], [ 14.278995904781302, 53.918596171064813 ], [ 14.278817355502582, 53.918438362290452 ], [ 14.278699815550958, 53.918388935408672 ], [ 14.278432118499744, 53.917938134757733 ], [ 14.278096739030371, 53.91760736410766 ], [ 14.27725705650834, 53.917221045639515 ], [ 14.277144478629184, 53.916938820404226 ], [ 14.2769874573181, 53.916961380272717 ], [ 14.277088418802141, 53.917183115123763 ], [ 14.276071332107152, 53.91734615368798 ], [ 14.275960737353623, 53.917120158753669 ], [ 14.276516805757215, 53.917028553825467 ], [ 14.27651790188103, 53.916885384183075 ], [ 14.276822079675663, 53.916835104545328 ], [ 14.277079756879457, 53.916790062130175 ], [ 14.277045252192854, 53.916721396941654 ], [ 14.276991963357119, 53.91668880129243 ], [ 14.276872966611107, 53.916627107714 ], [ 14.27666254040442, 53.916528384741923 ], [ 14.276388527052468, 53.916371652284624 ], [ 14.276303163616976, 53.916286951415046 ], [ 14.275844662225026, 53.915713414735144 ], [ 14.275576829085072, 53.915368841796337 ], [ 14.275124589912943, 53.914759044417835 ], [ 14.27451930484434, 53.913976937277972 ], [ 14.274448664088466, 53.913950517875115 ], [ 14.274395409343105, 53.913982753414757 ], [ 14.274229211137849, 53.913938518025567 ], [ 14.27425743675426, 53.913883596392658 ], [ 14.274828183922727, 53.913270977969269 ], [ 14.274843288686613, 53.913269975285729 ], [ 14.275126559048438, 53.913077259812617 ], [ 14.275125741572605, 53.91306875594826 ], [ 14.278554806443218, 53.912041267213709 ], [ 14.279031209908601, 53.91239148559589 ], [ 14.279474987092524, 53.912756426361675 ], [ 14.279884535475487, 53.913134975401235 ], [ 14.280258703096466, 53.91352611755746 ], [ 14.28059650064675, 53.913928661102659 ], [ 14.280896628256539, 53.914341497622154 ], [ 14.281158714667617, 53.91476327117379 ], [ 14.281381463555551, 53.915192787024338 ], [ 14.281564501294037, 53.915628778595163 ], [ 14.281706991762874, 53.916070054256458 ], [ 14.28184948198912, 53.916511327070758 ], [ 14.28199197155485, 53.916952597228622 ], [ 14.282134456503833, 53.917393955745446 ], [ 14.282276950400053, 53.917835223603014 ], [ 14.282419448253112, 53.918276491388966 ], [ 14.282561950760298, 53.918717761029754 ], [ 14.282704308427954, 53.91915902835013 ], [ 14.28284682684337, 53.919600300628524 ], [ 14.282989350849663, 53.920041575518567 ], [ 14.283131869837762, 53.920482845978533 ], [ 14.283274382123661, 53.920924108423122 ], [ 14.283397886365496, 53.921367370079516 ], [ 14.283483271209024, 53.921813727837112 ], [ 14.283530430484193, 53.922262093666198 ], [ 14.283539149399884, 53.922711294945017 ], [ 14.283509516461816, 53.923160167973855 ], [ 14.283441423937454, 53.923607539348247 ] ] ] ] } },
{ "type": "Feature", "properties": { "fid": 10, "full_id": null, "osm_id": null, "osm_type": null, "name": null, "place": null, "wetland": null, "landuse": null, "wikipedia": null, "wikidata": null, "water": null, "type": null, "source:alt_name:pl": null, "part_of": null, "natural": null, "name:sk": null, "name:pl": null, "name:en": null, "name:de": null, "alt_name:pl": null, "alt_name:de": null, "wojewodztwo": "zachodniopomorskie", "powiat": "powiat Świnoujście", "gmina": "Świnoujście (miasto)", "obreb": "Świnoujście 10", "arkusz": null, "nr_dzialki": "211/1", "teryt": "326301_1.0010.211/1", "pow_m2": 285833.38, "layer": "polnoc_zalewu", "path": "C:/RDOS_Monitoring_Lokalny/polnoc_zalewu.gpkg" }, "geometry": { "type": "MultiPolygon", "coordinates": [ [ [ [ 14.253249361631809, 53.904058104607202 ], [ 14.253489251934162, 53.904258439443403 ], [ 14.25369226148325, 53.904399037888041 ], [ 14.253695560372282, 53.904397494926165 ], [ 14.253700633634045, 53.90440138748896 ], [ 14.253697486778139, 53.904402933936105 ], [ 14.254169223861018, 53.904733739320967 ], [ 14.254172516777453, 53.904732286174522 ], [ 14.254178338528906, 53.904736375662033 ], [ 14.254175191762112, 53.904737922062395 ], [ 14.254410115717857, 53.904902716588317 ], [ 14.254667296623261, 53.905071795331068 ], [ 14.254670449266118, 53.905070159157098 ], [ 14.254675692550315, 53.905073785756656 ], [ 14.254672387870496, 53.905075418455759 ], [ 14.254787351793334, 53.905149530184708 ], [ 14.254872245821449, 53.905206229739093 ], [ 14.254879961752584, 53.905211621241662 ], [ 14.255049746413301, 53.905322771959973 ], [ 14.255143490356886, 53.905376886257727 ], [ 14.255147620044484, 53.905374283387737 ], [ 14.255153927719858, 53.905377934290648 ], [ 14.255149645995221, 53.905380533677473 ], [ 14.255685297158781, 53.905689317767376 ], [ 14.25568831551365, 53.90568740874393 ], [ 14.255694781269447, 53.905690973291222 ], [ 14.255691610875314, 53.905692878841073 ], [ 14.256199401065047, 53.905976208072467 ], [ 14.256202425363222, 53.905974209242203 ], [ 14.25620845862443, 53.905977404267233 ], [ 14.256205434326297, 53.905979403097632 ], [ 14.256228287382925, 53.905990805232157 ], [ 14.256250368473115, 53.906002369535351 ], [ 14.25631968086693, 53.906039020850393 ], [ 14.256328672424051, 53.906043542326501 ], [ 14.256589240258162, 53.906177538143346 ], [ 14.256592252774231, 53.906175718877279 ], [ 14.256598157634988, 53.906178551327002 ], [ 14.256596256543236, 53.906179676705293 ], [ 14.256610772380615, 53.906188190798211 ], [ 14.256708442784758, 53.906187187905992 ], [ 14.256736222800894, 53.906193128168461 ], [ 14.257331719933479, 53.906212323253023 ], [ 14.258553058165621, 53.90625571533478 ], [ 14.258641188767779, 53.906202614669311 ], [ 14.258669663652274, 53.906183934723451 ], [ 14.258670108107982, 53.906170188530709 ], [ 14.258648900893586, 53.906161611801608 ], [ 14.258647134710753, 53.906163010009891 ], [ 14.258640786714727, 53.906159987763594 ], [ 14.258642716660891, 53.906158413476099 ], [ 14.258515987937965, 53.9061013004073 ], [ 14.258511550752672, 53.906099310841725 ], [ 14.258210032167096, 53.905962315783455 ], [ 14.258040053093733, 53.905885869752339 ], [ 14.258134574612912, 53.905816551250929 ], [ 14.258148193462658, 53.905822527168354 ], [ 14.258177646395085, 53.905802880537983 ], [ 14.258178810721022, 53.905799040940721 ], [ 14.258178325654143, 53.905797141696134 ], [ 14.258146223497127, 53.905782740915342 ], [ 14.258142153518641, 53.905782108368115 ], [ 14.258135814174583, 53.905783581808983 ], [ 14.258131345849041, 53.905786716465215 ], [ 14.258134480126959, 53.905787687268855 ], [ 14.258128900566733, 53.905791515807074 ], [ 14.25812608210671, 53.90579037240493 ], [ 14.258107419120137, 53.905803342517835 ], [ 14.258119061296778, 53.905809273241587 ], [ 14.25802482562516, 53.905878867984327 ], [ 14.257927364270483, 53.905832312092436 ], [ 14.257925586078848, 53.905833889846264 ], [ 14.257917873199116, 53.905830746312667 ], [ 14.257919657267927, 53.905829078789424 ], [ 14.257794936212171, 53.905768681705993 ], [ 14.257462079817477, 53.905594455830432 ], [ 14.257555251750711, 53.905529604040503 ], [ 14.257568569570729, 53.905535483437092 ], [ 14.257597738957001, 53.905515561279536 ], [ 14.257597992022387, 53.905511700861588 ], [ 14.257596502127955, 53.905508879493127 ], [ 14.25756881507923, 53.905494579166294 ], [ 14.257562733899226, 53.905494439966517 ], [ 14.257556897932737, 53.905495205499783 ], [ 14.257552429228031, 53.905498340029638 ], [ 14.257554644919319, 53.905499379771541 ], [ 14.257548918775893, 53.905503114899432 ], [ 14.257547322963219, 53.90550190952068 ], [ 14.257528354430653, 53.905514872156395 ], [ 14.257540461786053, 53.905520633942253 ], [ 14.257443650893803, 53.905589897940068 ], [ 14.257258804641859, 53.9054948541512 ], [ 14.257256868408227, 53.905496518134093 ], [ 14.257243416888064, 53.905490365877341 ], [ 14.257245668940085, 53.905488529307618 ], [ 14.256900713988644, 53.905308728308022 ], [ 14.256883349847492, 53.905299520236099 ], [ 14.256982780635079, 53.905234363966279 ], [ 14.256994520133029, 53.905241105861329 ], [ 14.257025781223197, 53.905221771636036 ], [ 14.257026817609889, 53.905217569683423 ], [ 14.257025450082759, 53.905215200804278 ], [ 14.256997977914015, 53.905199917362438 ], [ 14.25699224178323, 53.905199156791674 ], [ 14.256986686307243, 53.905200288414768 ], [ 14.256981907859156, 53.905203505694189 ], [ 14.256984708343975, 53.905204918365648 ], [ 14.256978690097064, 53.905208466910885 ], [ 14.256976181927861, 53.905207240740296 ], [ 14.256956915998867, 53.905220106352367 ], [ 14.256969368732271, 53.905227583814344 ], [ 14.256870411499408, 53.905292481272689 ], [ 14.256718049905571, 53.905207900516146 ], [ 14.256708210129844, 53.905202370948849 ], [ 14.256706443610664, 53.905203769088665 ], [ 14.256699211193734, 53.905200277114965 ], [ 14.256701743793862, 53.905198806586547 ], [ 14.256584801124319, 53.905133736085816 ], [ 14.256317541766988, 53.904980891327511 ], [ 14.256425619219518, 53.904918627883639 ], [ 14.256436720810104, 53.90492580491361 ], [ 14.256469714156342, 53.904907948135623 ], [ 14.256469324684479, 53.904902274869151 ], [ 14.256469863166258, 53.904901028445657 ], [ 14.256445251048456, 53.904886259610336 ], [ 14.256442982285586, 53.904886027900361 ], [ 14.2564356140089, 53.90488693828074 ], [ 14.256430256528644, 53.904889692869936 ], [ 14.256433471836255, 53.904891744453167 ], [ 14.256427611171448, 53.904895206813848 ], [ 14.2564239515326, 53.904892965247065 ], [ 14.256401568158006, 53.904904591173583 ], [ 14.256412699127697, 53.904911319340052 ], [ 14.256304779560827, 53.904973496492566 ], [ 14.256127194244796, 53.904867385461422 ], [ 14.256124825425349, 53.90486867993841 ], [ 14.256119400328553, 53.904865498853226 ], [ 14.256121769147976, 53.904864204376338 ], [ 14.255934426052359, 53.904751395117032 ], [ 14.255727290697765, 53.904620924718692 ], [ 14.255639361085333, 53.904565538275058 ], [ 14.255637635731681, 53.904566308004711 ], [ 14.255633257481531, 53.90456342051187 ], [ 14.25563498871673, 53.904562561012952 ], [ 14.255592859772101, 53.904536331411229 ], [ 14.255705964975119, 53.904476341134739 ], [ 14.25571731069253, 53.904484423174239 ], [ 14.255751204521017, 53.904466766895844 ], [ 14.255753264510453, 53.904463217547537 ], [ 14.255752540841632, 53.90446032379424 ], [ 14.25572776226273, 53.904443482549574 ], [ 14.255723102406337, 53.904442566684722 ], [ 14.255715582317496, 53.904443473509772 ], [ 14.25571037096927, 53.904446321344693 ], [ 14.255712095165757, 53.904447889313836 ], [ 14.255706088322022, 53.904451258413154 ], [ 14.25570406597091, 53.904449593701635 ], [ 14.255681822850045, 53.904461402594528 ], [ 14.255693853240873, 53.904468331460656 ], [ 14.255580894179653, 53.904528414986324 ], [ 14.255196312418425, 53.904259132241641 ], [ 14.255193493421741, 53.904260326473675 ], [ 14.255188992918015, 53.90425698650413 ], [ 14.255191811899415, 53.904255792271606 ], [ 14.255096424042668, 53.904187430762668 ], [ 14.255217389938476, 53.904132926414746 ], [ 14.255227220429102, 53.904140884187093 ], [ 14.255261815096748, 53.904124143425683 ], [ 14.255264658898279, 53.904120252365502 ], [ 14.255263461664393, 53.904117617438068 ], [ 14.255239901212192, 53.904100803375506 ], [ 14.255235259278045, 53.904099618076685 ], [ 14.255229143013558, 53.904100017450347 ], [ 14.255223955306281, 53.904102506119138 ], [ 14.255225580383467, 53.90410326265188 ], [ 14.255219228278392, 53.904107253171581 ], [ 14.255217206105669, 53.904105588404178 ], [ 14.255194121814386, 53.904116298831092 ], [ 14.255204876166445, 53.904124097953314 ], [ 14.255089650490667, 53.904181610994982 ], [ 14.254701411370032, 53.903903773593115 ], [ 14.254698738567095, 53.903905061032191 ], [ 14.254693221883421, 53.903900978126117 ], [ 14.254695900601046, 53.903899600910144 ], [ 14.254672763961704, 53.903883334610619 ], [ 14.254299830102028, 53.903588643197274 ], [ 14.254249122669263, 53.903525889256819 ], [ 14.254356567078423, 53.903482001283699 ], [ 14.254366294009381, 53.903489236632339 ], [ 14.254402906596201, 53.903474163068218 ], [ 14.254406065270874, 53.903470099950759 ], [ 14.254405592373256, 53.903468021335357 ], [ 14.254383321472647, 53.903450069727526 ], [ 14.254379293337065, 53.903448808679073 ], [ 14.254372727103712, 53.903449107704823 ], [ 14.254367089857547, 53.903451495780459 ], [ 14.254368820090503, 53.903452973872575 ], [ 14.254362229583096, 53.903455969422495 ], [ 14.25436004329085, 53.903454480878807 ], [ 14.254336236879539, 53.903464633724134 ], [ 14.254345934589088, 53.903472317847601 ], [ 14.254241003318949, 53.903515825904989 ], [ 14.254186700464365, 53.903448712493223 ], [ 14.254183133277683, 53.903449709657828 ], [ 14.254179193747467, 53.903444764780495 ], [ 14.254182608902932, 53.903443764140505 ], [ 14.25391928036265, 53.903118589391227 ], [ 14.253930610429917, 53.903113891050204 ], [ 14.253940669569731, 53.90312302217626 ], [ 14.253977011132646, 53.903107490930914 ], [ 14.25397817641565, 53.903103651577133 ], [ 14.253978382427691, 53.903100509521963 ], [ 14.253958995027254, 53.903082713452257 ], [ 14.253953428929835, 53.903081686938094 ], [ 14.253948546421995, 53.903081844889876 ], [ 14.25394244077871, 53.903084402349819 ], [ 14.253944328800078, 53.903085794195242 ], [ 14.253937895556502, 53.903088703789138 ], [ 14.253935873161238, 53.903087039151274 ], [ 14.253911485825272, 53.903096730377754 ], [ 14.253919966768217, 53.903104386882475 ], [ 14.253910803610065, 53.903108273033581 ], [ 14.253871297212102, 53.903059487323894 ], [ 14.253867724066062, 53.903060574334873 ], [ 14.253863937363676, 53.903055632566137 ], [ 14.253867352594993, 53.90305463184859 ], [ 14.253559074500306, 53.90267389960303 ], [ 14.253555659311013, 53.902674900295018 ], [ 14.253551715515615, 53.902670044507381 ], [ 14.253555282716354, 53.902669047300101 ], [ 14.253241125617325, 53.90228123827923 ], [ 14.253237868608085, 53.902282152553745 ], [ 14.25323377296635, 53.902277293266671 ], [ 14.253237187871695, 53.902276292708088 ], [ 14.252926796271229, 53.901892823559542 ], [ 14.252923387147035, 53.901893734416518 ], [ 14.252919588579701, 53.901888972274122 ], [ 14.25292300360544, 53.901887971648712 ], [ 14.252611602081199, 53.90150349426446 ], [ 14.25260819283826, 53.901504405179317 ], [ 14.252604394756041, 53.901499642855676 ], [ 14.252607657878565, 53.901498638686135 ], [ 14.252296291991382, 53.901114149400904 ], [ 14.252292736624947, 53.901114967059954 ], [ 14.252288944801371, 53.901110114853488 ], [ 14.252292207916165, 53.901109110683649 ], [ 14.251981171946552, 53.900724621493765 ], [ 14.251977908824019, 53.900725625663398 ], [ 14.251973959411064, 53.900720859686118 ], [ 14.251977374553926, 53.900719858994655 ], [ 14.251674864058669, 53.900346528970374 ], [ 14.251469971804834, 53.899959324297029 ], [ 14.25145152178899, 53.89990290237791 ], [ 14.251808056124538, 53.89980227004822 ], [ 14.251688791032024, 53.899655136322671 ], [ 14.251685534425071, 53.899656050585769 ], [ 14.251681590760477, 53.899651194911456 ], [ 14.251684999352449, 53.899650284134601 ], [ 14.251364738752022, 53.899254629260042 ], [ 14.251361323921774, 53.899255629881495 ], [ 14.251357531339188, 53.899250777816746 ], [ 14.251360946169116, 53.899249777195401 ], [ 14.251174327981831, 53.899019468120436 ], [ 14.251158105397341, 53.898999470041559 ], [ 14.251084153912609, 53.898737239642173 ], [ 14.251031781991728, 53.898387272456077 ], [ 14.251028110986805, 53.898375949331353 ], [ 14.251014063558536, 53.898179619452165 ], [ 14.250903045100202, 53.897800252977611 ], [ 14.250921924053962, 53.897482846109519 ], [ 14.250963994356662, 53.897384727239896 ], [ 14.25096739852142, 53.897214781126181 ], [ 14.250932431290403, 53.897195547484031 ], [ 14.250956452973631, 53.896804529872391 ], [ 14.250971781551915, 53.896471665891134 ], [ 14.251877747434891, 53.896477865814937 ], [ 14.251829120298117, 53.897345484260782 ], [ 14.251837338173655, 53.897952669678325 ], [ 14.252036135157732, 53.898933666207846 ], [ 14.252340771970808, 53.899958262344207 ], [ 14.252781595192188, 53.90071401112133 ], [ 14.253134721961818, 53.901266875335025 ], [ 14.253703897788718, 53.902000993901225 ], [ 14.254297150590162, 53.902674174834353 ], [ 14.254897628086029, 53.903207963366704 ], [ 14.255319371100972, 53.903537254967709 ], [ 14.256250725578203, 53.904207293596833 ], [ 14.257656284552276, 53.905021672590927 ], [ 14.259218524927995, 53.905766971409328 ], [ 14.259391863441534, 53.905942573338599 ], [ 14.259492987646366, 53.906153658203294 ], [ 14.259469028034859, 53.906377529539412 ], [ 14.25931744896188, 53.9065761870011 ], [ 14.258966835025097, 53.906747368967459 ], [ 14.258589374560643, 53.906812380076389 ], [ 14.254179035624539, 53.906645853216077 ], [ 14.252564165830577, 53.906584869886636 ], [ 14.249604658631663, 53.906740298209129 ], [ 14.249022244620907, 53.90705312259184 ], [ 14.247470356593618, 53.90621025842777 ], [ 14.246725774271736, 53.905308631090456 ], [ 14.246506561465541, 53.905044891586222 ], [ 14.246292769116881, 53.904790601057307 ], [ 14.246235916905942, 53.904680429374359 ], [ 14.245779308942081, 53.903815957960205 ], [ 14.245701269358223, 53.903660391913782 ], [ 14.245651088864747, 53.903571827491433 ], [ 14.245589356240156, 53.903452881614761 ], [ 14.245569635004195, 53.903197021990437 ], [ 14.245537740749089, 53.902765190537664 ], [ 14.245535372953874, 53.902697073574522 ], [ 14.245515981948296, 53.90246897092414 ], [ 14.245475865099927, 53.901975414706833 ], [ 14.245498810031766, 53.901973783787788 ], [ 14.24549537367902, 53.901919703277173 ], [ 14.245478105843926, 53.901647944237538 ], [ 14.245422496780638, 53.90077275394674 ], [ 14.245484569340487, 53.90076419792571 ], [ 14.246259089821582, 53.900657786545274 ], [ 14.246433858469645, 53.90084479109742 ], [ 14.246588975761988, 53.900794312960585 ], [ 14.247339172273543, 53.901594975958524 ], [ 14.247408836608619, 53.90263911587374 ], [ 14.247431621259336, 53.902938328056052 ], [ 14.247495295085876, 53.903900053802772 ], [ 14.248167679778957, 53.904621472250696 ], [ 14.248521364194861, 53.905001103145253 ], [ 14.24922031678086, 53.905756751378703 ], [ 14.249818196267935, 53.906394361139768 ], [ 14.252109807547761, 53.906278566138532 ], [ 14.252486811571419, 53.906260138432415 ], [ 14.252487009532027, 53.906261761369606 ], [ 14.252541388317741, 53.906259140701216 ], [ 14.252726475809986, 53.906065394833725 ], [ 14.250231131137767, 53.903296555250712 ], [ 14.250226877378731, 53.903291782298794 ], [ 14.250134674946342, 53.903186629047156 ], [ 14.250127342338905, 53.903177739449369 ], [ 14.250066030777596, 53.903109888639726 ], [ 14.250058066492786, 53.903101344199136 ], [ 14.250022867793273, 53.903062414410137 ], [ 14.249983834692275, 53.903003076490961 ], [ 14.249031836039665, 53.901537521190178 ], [ 14.248831556256103, 53.901228572430512 ], [ 14.248747972482095, 53.901101316519735 ], [ 14.248240908425228, 53.900322995518295 ], [ 14.249901795667517, 53.90009531245596 ], [ 14.250368769396069, 53.900601617435541 ], [ 14.250373868672739, 53.900600475547037 ], [ 14.250377274907891, 53.90060424007126 ], [ 14.250372333572946, 53.900605295672321 ], [ 14.250509795838106, 53.900753656535151 ], [ 14.250514031538353, 53.900758698854339 ], [ 14.250743037886529, 53.901066145532411 ], [ 14.250747061186349, 53.901065158805544 ], [ 14.250750992966431, 53.90107019412465 ], [ 14.250746969666203, 53.901071180851645 ], [ 14.251405961409409, 53.901964272230572 ], [ 14.251409832792055, 53.901963281969486 ], [ 14.251413788550202, 53.901967958060176 ], [ 14.251409753330851, 53.901969124388181 ], [ 14.251574975142118, 53.902191122927171 ], [ 14.251578700487148, 53.902190039371519 ], [ 14.25158190797066, 53.902194518473337 ], [ 14.25157804241109, 53.902195418995682 ], [ 14.251927709535781, 53.902668901562173 ], [ 14.25193142904385, 53.902667907748032 ], [ 14.251934922772135, 53.902672663258798 ], [ 14.251930893287893, 53.902673739893245 ], [ 14.252176039277224, 53.903004662527067 ], [ 14.252179758745461, 53.903003668739174 ], [ 14.25218339861801, 53.903008517533721 ], [ 14.252179521216679, 53.903009597612154 ], [ 14.252353299282959, 53.903247352213171 ], [ 14.252450507851384, 53.903341289360434 ], [ 14.252453940949934, 53.903340019284109 ], [ 14.252458265794719, 53.903343714823237 ], [ 14.252454370702015, 53.903345064235097 ], [ 14.252827715951909, 53.903706427255621 ], [ 14.25283388758432, 53.903712143070635 ], [ 14.252837624831045, 53.903710879904764 ], [ 14.252841535013426, 53.903713936505092 ], [ 14.25283763984752, 53.903715285962932 ], [ 14.253232599080782, 53.904044413775573 ], [ 14.253240974452153, 53.904051348969134 ], [ 14.253244890532205, 53.904054315822378 ], [ 14.25324878579999, 53.904052966300988 ], [ 14.253252794898215, 53.904056834432964 ], [ 14.253249361631809, 53.904058104607202 ] ] ] ] } },
{ "type": "Feature", "properties": { "fid": 11, "full_id": null, "osm_id": null, "osm_type": null, "name": null, "place": null, "wetland": null, "landuse": null, "wikipedia": null, "wikidata": null, "water": null, "type": null, "source:alt_name:pl": null, "part_of": null, "natural": null, "name:sk": null, "name:pl": null, "name:en": null, "name:de": null, "alt_name:pl": null, "alt_name:de": null, "wojewodztwo": "zachodniopomorskie", "powiat": "powiat Świnoujście", "gmina": "Świnoujście (miasto)", "obreb": "Świnoujście 10", "arkusz": null, "nr_dzialki": "363/8", "teryt": "326301_1.0010.363/8", "pow_m2": 52805.51, "layer": "polnoc_zalewu", "path": "C:/RDOS_Monitoring_Lokalny/polnoc_zalewu.gpkg" }, "geometry": { "type": "MultiPolygon", "coordinates": [ [ [ [ 14.249674380761245, 53.897848594937088 ], [ 14.249745538501324, 53.898387182116714 ], [ 14.24984283580276, 53.898956666911793 ], [ 14.246042147736423, 53.899512396173364 ], [ 14.246342911961337, 53.899117761280856 ], [ 14.24635828541291, 53.899122430085264 ], [ 14.246442603825111, 53.899014044972418 ], [ 14.246424733274786, 53.899010307854986 ], [ 14.246640849049852, 53.89872674361073 ], [ 14.247697852211438, 53.897430738053735 ], [ 14.24788067220436, 53.897206466612523 ], [ 14.248054159511756, 53.897114781427611 ], [ 14.24869495766206, 53.896776040074549 ], [ 14.250451055111036, 53.895836273754647 ], [ 14.250916198660416, 53.895406367168135 ], [ 14.250670495959115, 53.896363157438344 ], [ 14.250495774328545, 53.896489973971086 ], [ 14.250519725751049, 53.896500773174083 ], [ 14.250477575745007, 53.896556091906135 ], [ 14.250197239200844, 53.896798181657893 ], [ 14.250099068233052, 53.896883595014366 ], [ 14.250015958200077, 53.896957575162702 ], [ 14.249956394788779, 53.897016090841511 ], [ 14.249886220750744, 53.897092435535797 ], [ 14.249808994063082, 53.897190377228704 ], [ 14.249745307377442, 53.897316232502476 ], [ 14.249702683764271, 53.897415776934032 ], [ 14.249674988876816, 53.89751979969153 ], [ 14.249666242742849, 53.897613467538569 ], [ 14.24966522960999, 53.897700659218458 ], [ 14.249667218120447, 53.897774612705419 ], [ 14.249674380761245, 53.897848594937088 ] ] ] ] } },
{ "type": "Feature", "properties": { "fid": 12, "full_id": null, "osm_id": null, "osm_type": null, "name": null, "place": null, "wetland": null, "landuse": null, "wikipedia": null, "wikidata": null, "water": null, "type": null, "source:alt_name:pl": null, "part_of": null, "natural": null, "name:sk": null, "name:pl": null, "name:en": null, "name:de": null, "alt_name:pl": null, "alt_name:de": null, "wojewodztwo": "zachodniopomorskie", "powiat": "powiat Świnoujście", "gmina": "Świnoujście (miasto)", "obreb": "Świnoujście 7", "arkusz": null, "nr_dzialki": "123/5", "teryt": "326301_1.0007.123/5", "pow_m2": 63757.49, "layer": "polnoc_zalewu", "path": "C:/RDOS_Monitoring_Lokalny/polnoc_zalewu.gpkg" }, "geometry": { "type": "MultiPolygon", "coordinates": [ [ [ [ 14.271134621222632, 53.912074392118029 ], [ 14.271405854715598, 53.912195736353127 ], [ 14.271643152604353, 53.912305069281075 ], [ 14.271947460467384, 53.912437773371515 ], [ 14.272281119639377, 53.912546391080149 ], [ 14.272495157774362, 53.912633192023712 ], [ 14.272496923914813, 53.912631793604142 ], [ 14.272503462781764, 53.912634279907238 ], [ 14.272501386690815, 53.912635761184021 ], [ 14.272525571239463, 53.912645571666303 ], [ 14.272550614993037, 53.912649197873925 ], [ 14.272550697168711, 53.912652616332615 ], [ 14.272884023886268, 53.912667115771463 ], [ 14.272884468146813, 53.912664968024245 ], [ 14.27289312399385, 53.912665344579842 ], [ 14.272893428358952, 53.91266768915748 ], [ 14.273401513920605, 53.912690205403983 ], [ 14.273596155703283, 53.912769523585261 ], [ 14.273598559174941, 53.912767690095237 ], [ 14.273605683002165, 53.912770549274185 ], [ 14.273604022330236, 53.912772669370916 ], [ 14.274182026958554, 53.913008060141706 ], [ 14.274183968307328, 53.913006306064631 ], [ 14.274191396322731, 53.913009172119885 ], [ 14.274189595367005, 53.913011109217358 ], [ 14.274780233120023, 53.913251370114892 ], [ 14.274782303121237, 53.9132499785878 ], [ 14.27478973703372, 53.913252754844379 ], [ 14.274787953687262, 53.913254422604624 ], [ 14.274828183922727, 53.913270977969269 ], [ 14.27425743675426, 53.913883596392658 ], [ 14.273063563481283, 53.913639766351636 ], [ 14.272199189200743, 53.913461449783711 ], [ 14.271096123823749, 53.913233174491381 ], [ 14.271102651215619, 53.913207609504298 ], [ 14.271076177907807, 53.913203004869224 ], [ 14.271143807659159, 53.913077729574304 ], [ 14.271083783712927, 53.913052268906135 ], [ 14.271082012040521, 53.91305375705327 ], [ 14.271075788515015, 53.91305109807476 ], [ 14.271077554367137, 53.913049699699606 ], [ 14.27047442621029, 53.912792598634482 ], [ 14.270472659996774, 53.912793997022661 ], [ 14.270466582841038, 53.912791431243221 ], [ 14.270468354907624, 53.912789943075566 ], [ 14.269851926512832, 53.912527319833472 ], [ 14.269850306349126, 53.912528811460092 ], [ 14.269844077739988, 53.912526242179425 ], [ 14.269845849970181, 53.912524754009212 ], [ 14.269623753344202, 53.912429970661478 ], [ 14.269601529841474, 53.912446144481663 ], [ 14.268770516259385, 53.912087421477054 ], [ 14.268783792149454, 53.912075315379703 ], [ 14.267273034374579, 53.911414443648695 ], [ 14.265929603352435, 53.91083115158316 ], [ 14.265839431663682, 53.910794863208601 ], [ 14.26582469738973, 53.910788933544772 ], [ 14.265859952812299, 53.910778408210518 ], [ 14.266001173816482, 53.910663307393527 ], [ 14.266424209421967, 53.910325272081636 ], [ 14.267026613969172, 53.909842874687598 ], [ 14.268156251304619, 53.9103340728267 ], [ 14.267795635506046, 53.910623643125156 ], [ 14.268669806452001, 53.911002572081472 ], [ 14.269794193929913, 53.911491034057732 ], [ 14.269891230296155, 53.911600237203281 ], [ 14.270388040327685, 53.911818696403635 ], [ 14.270747150092458, 53.911911741393112 ], [ 14.271134621222632, 53.912074392118029 ] ] ] ] } },
{ "type": "Feature", "properties": { "fid": 13, "full_id": null, "osm_id": null, "osm_type": null, "name": null, "place": null, "wetland": null, "landuse": null, "wikipedia": null, "wikidata": null, "water": null, "type": null, "source:alt_name:pl": null, "part_of": null, "natural": null, "name:sk": null, "name:pl": null, "name:en": null, "name:de": null, "alt_name:pl": null, "alt_name:de": null, "wojewodztwo": "zachodniopomorskie", "powiat": "powiat Świnoujście", "gmina": "Świnoujście (miasto)", "obreb": "Przytór 17", "arkusz": null, "nr_dzialki": "94/4", "teryt": "326301_1.0017.94/4", "pow_m2": 459530.48, "layer": "polnoc_zalewu", "path": "C:/RDOS_Monitoring_Lokalny/polnoc_zalewu.gpkg" }, "geometry": { "type": "MultiPolygon", "coordinates": [ [ [ [ 14.317950393041084, 53.870006375783198 ], [ 14.320617149344132, 53.870245667720518 ], [ 14.323111503490532, 53.870566819618695 ], [ 14.324509400756924, 53.870993630509275 ], [ 14.323151780632211, 53.873632074557214 ], [ 14.322742801092893, 53.873520240187894 ], [ 14.322573926026942, 53.873451192679973 ], [ 14.322445897386794, 53.87330988670611 ], [ 14.3222597642386, 53.873211156935255 ], [ 14.321390908768967, 53.873061319140525 ], [ 14.320867657728996, 53.872990655356531 ], [ 14.320548744248899, 53.873000521183585 ], [ 14.320133277079815, 53.872921553496276 ], [ 14.319600582261756, 53.872827099931264 ], [ 14.319103512734847, 53.87274413678584 ], [ 14.318447521962426, 53.872726571760396 ], [ 14.317697945438193, 53.8728092360723 ], [ 14.317389560544827, 53.872731047410838 ], [ 14.3169508356136, 53.872687698824699 ], [ 14.316507086246819, 53.87257787807323 ], [ 14.316009815645781, 53.872540933377081 ], [ 14.315808057754225, 53.872507908888707 ], [ 14.315560793581772, 53.872415780497562 ], [ 14.315200340605561, 53.872316343974049 ], [ 14.314929026612083, 53.872165237772393 ], [ 14.31485977015986, 53.872149119332278 ], [ 14.314541283252346, 53.87201737339258 ], [ 14.313956944317598, 53.871875094161169 ], [ 14.313710268396816, 53.871805108581157 ], [ 14.313449866485197, 53.871721417383661 ], [ 14.313394663759048, 53.871623980932057 ], [ 14.312967989431414, 53.871440536013388 ], [ 14.312518928087883, 53.871371034038852 ], [ 14.312140416959458, 53.87122389727535 ], [ 14.311507363160828, 53.870965294885025 ], [ 14.310931546584346, 53.870820191356714 ], [ 14.310321931562358, 53.870650638367252 ], [ 14.310027135409618, 53.870536869702626 ], [ 14.309685200791487, 53.870351732106251 ], [ 14.309190983691815, 53.870102571604065 ], [ 14.308826871882811, 53.869935531237459 ], [ 14.30843778261942, 53.869764058963035 ], [ 14.308255325376471, 53.869627523877909 ], [ 14.307767514491136, 53.869495903436658 ], [ 14.307680977984059, 53.869448195334861 ], [ 14.30746536575359, 53.869368547777121 ], [ 14.307187760643867, 53.869202998818075 ], [ 14.307116300125411, 53.869150507334574 ], [ 14.306994520512058, 53.869109293043401 ], [ 14.306768094872991, 53.868935634799968 ], [ 14.306515180721554, 53.868764528216602 ], [ 14.306379687099664, 53.868718870290834 ], [ 14.306151764137168, 53.86857295807804 ], [ 14.305885669622414, 53.868377182379668 ], [ 14.305769117610737, 53.868228726195127 ], [ 14.305556324668553, 53.868152731727584 ], [ 14.305481380320053, 53.868116520574397 ], [ 14.305441405754134, 53.868066440549185 ], [ 14.305153190538057, 53.867879242740436 ], [ 14.305108012337666, 53.867808458542598 ], [ 14.304633338620802, 53.867271193207792 ], [ 14.304205843025779, 53.866952643297019 ], [ 14.304019075793217, 53.866763139661302 ], [ 14.303806260204622, 53.866647497332252 ], [ 14.303593610726656, 53.866460924849129 ], [ 14.303312329484134, 53.866279647913039 ], [ 14.303042466599974, 53.866081819477614 ], [ 14.3025748610078, 53.865418268055215 ], [ 14.301765179556238, 53.865278472887951 ], [ 14.30151861695615, 53.8651036200174 ], [ 14.301389971829311, 53.865034551260209 ], [ 14.301326171217221, 53.865002546496299 ], [ 14.30119097382844, 53.864933691699413 ], [ 14.300826281274507, 53.864680406007949 ], [ 14.30056522308139, 53.864539684723752 ], [ 14.301825355772221, 53.863613342232561 ], [ 14.303554063944411, 53.864451355918149 ], [ 14.305055373802601, 53.865191089886089 ], [ 14.307345022725078, 53.86578146576737 ], [ 14.309373026053061, 53.866488923879906 ], [ 14.310429468055403, 53.867568526361865 ], [ 14.312308730238401, 53.868396038576527 ], [ 14.313691484379635, 53.869022685560715 ], [ 14.315800516481463, 53.869830119365801 ], [ 14.317950393041084, 53.870006375783198 ] ] ] ] } },
{ "type": "Feature", "properties": { "fid": 14, "full_id": null, "osm_id": null, "osm_type": null, "name": null, "place": null, "wetland": null, "landuse": null, "wikipedia": null, "wikidata": null, "water": null, "type": null, "source:alt_name:pl": null, "part_of": null, "natural": null, "name:sk": null, "name:pl": null, "name:en": null, "name:de": null, "alt_name:pl": null, "alt_name:de": null, "wojewodztwo": "zachodniopomorskie", "powiat": "powiat Świnoujście", "gmina": "Świnoujście (miasto)", "obreb": "Przytór 17", "arkusz": null, "nr_dzialki": "94/1", "teryt": "326301_1.0017.94/1", "pow_m2": 336772.6, "layer": "polnoc_zalewu", "path": "C:/RDOS_Monitoring_Lokalny/polnoc_zalewu.gpkg" }, "geometry": { "type": "MultiPolygon", "coordinates": [ [ [ [ 14.345395753729218, 53.872805359439866 ], [ 14.343782382862276, 53.873040569548422 ], [ 14.343591830271313, 53.873017733966222 ], [ 14.343599869305045, 53.873092355634235 ], [ 14.343533322217068, 53.873126843239589 ], [ 14.343071444944712, 53.873164792717077 ], [ 14.342678249719828, 53.873137011786163 ], [ 14.342339052485082, 53.873059089028963 ], [ 14.341619891803994, 53.873077835294232 ], [ 14.341111950883715, 53.873076630055984 ], [ 14.340541484280253, 53.873312018337295 ], [ 14.340508618030027, 53.873560872031135 ], [ 14.340249274959751, 53.873772508416977 ], [ 14.339513058093049, 53.873727556394293 ], [ 14.339159088902489, 53.873814002946688 ], [ 14.338855622560466, 53.873690469755338 ], [ 14.338180314159114, 53.873802878338424 ], [ 14.337856923034595, 53.873797855035811 ], [ 14.337754801400576, 53.873705318784424 ], [ 14.337446790181327, 53.873697304846814 ], [ 14.337202911617521, 53.87378808282449 ], [ 14.336553187004162, 53.873850587233477 ], [ 14.336102198554133, 53.873950600767493 ], [ 14.335881313224116, 53.873995499683524 ], [ 14.334268418655483, 53.873978987140475 ], [ 14.33409671986861, 53.874016077007695 ], [ 14.333808467562749, 53.8740032991115 ], [ 14.333392048978636, 53.874048905128056 ], [ 14.332892592705356, 53.873950784754683 ], [ 14.332466168700572, 53.874074457467351 ], [ 14.332226331125558, 53.874137451872421 ], [ 14.331907059406287, 53.874064622734444 ], [ 14.331716866145852, 53.874055262807403 ], [ 14.331445358160211, 53.873944382422117 ], [ 14.331188488100818, 53.873928408565455 ], [ 14.330731294309322, 53.873894838750232 ], [ 14.330341134142094, 53.873898003850194 ], [ 14.329854556237224, 53.873893452156118 ], [ 14.329382641527992, 53.873916842103917 ], [ 14.328701884658257, 53.873877593307682 ], [ 14.328345209545382, 53.87386649834022 ], [ 14.328060940801185, 53.873803157838779 ], [ 14.327805171039707, 53.873689023308181 ], [ 14.327478713601476, 53.87376211169282 ], [ 14.327347127377438, 53.873776075311426 ], [ 14.32707344017736, 53.873723303137304 ], [ 14.326975233704728, 53.873783953273715 ], [ 14.32700544855059, 53.873832546818385 ], [ 14.326887596678215, 53.873917304095947 ], [ 14.326631813980313, 53.87393677244085 ], [ 14.326097665800233, 53.873776888563512 ], [ 14.325964101317849, 53.873805200900698 ], [ 14.325545316190848, 53.873630440116202 ], [ 14.325408869948879, 53.873653830391063 ], [ 14.325042434069454, 53.873833474502483 ], [ 14.324619437355194, 53.873872044988275 ], [ 14.324097521731066, 53.87389662074073 ], [ 14.323980663834085, 53.873751592558911 ], [ 14.323786551925389, 53.873715424347921 ], [ 14.323560770328461, 53.873743819304643 ], [ 14.323151780632211, 53.873632074557214 ], [ 14.324509400756924, 53.870993630509275 ], [ 14.326354622414712, 53.871329708467243 ], [ 14.327693101227204, 53.871468080520124 ], [ 14.329531745875544, 53.871636105090225 ], [ 14.331757615289519, 53.871798968323986 ], [ 14.334307423502423, 53.871841957719177 ], [ 14.336488490630984, 53.871774478525673 ], [ 14.338574335650268, 53.871534653503993 ], [ 14.340565644669573, 53.871570777214544 ], [ 14.341670323790179, 53.871577850504401 ], [ 14.34346258932397, 53.871418367967166 ], [ 14.34545742049426, 53.871370250119128 ], [ 14.345395753729218, 53.872805359439866 ] ] ] ] } },
{ "type": "Feature", "properties": { "fid": 15, "full_id": null, "osm_id": null, "osm_type": null, "name": null, "place": null, "wetland": null, "landuse": null, "wikipedia": null, "wikidata": null, "water": null, "type": null, "source:alt_name:pl": null, "part_of": null, "natural": null, "name:sk": null, "name:pl": null, "name:en": null, "name:de": null, "alt_name:pl": null, "alt_name:de": null, "wojewodztwo": "zachodniopomorskie", "powiat": "powiat Świnoujście", "gmina": "Świnoujście (miasto)", "obreb": "Karsibór 15", "arkusz": null, "nr_dzialki": "641/3", "teryt": "326301_1.0015.641/3", "pow_m2": 657693.88, "layer": "polnoc_zalewu", "path": "C:/RDOS_Monitoring_Lokalny/polnoc_zalewu.gpkg" }, "geometry": { "type": "MultiPolygon", "coordinates": [ [ [ [ 14.313511584081622, 53.859252180767115 ], [ 14.315091793364825, 53.859846832170255 ], [ 14.315151577487958, 53.860218611979072 ], [ 14.315922530768356, 53.86050474648286 ], [ 14.317508061992395, 53.860895429963456 ], [ 14.317801597045634, 53.861445856636813 ], [ 14.318785872523279, 53.861920070646924 ], [ 14.319188116803373, 53.861861637901292 ], [ 14.319690772415809, 53.862276587775973 ], [ 14.320473196121197, 53.86278594525686 ], [ 14.320702720816939, 53.863171350114257 ], [ 14.321161833847434, 53.863653590050312 ], [ 14.321836689796987, 53.864565079353483 ], [ 14.322494840721026, 53.864998819201269 ], [ 14.32278662412515, 53.865432372171483 ], [ 14.322620664427205, 53.865697460232461 ], [ 14.323125830994256, 53.866837948987467 ], [ 14.323883253573513, 53.867243278585264 ], [ 14.324577309955053, 53.86761840690076 ], [ 14.319287193384246, 53.867395866785458 ], [ 14.319362082509819, 53.867105341070229 ], [ 14.319219340270969, 53.866863891247732 ], [ 14.318794420173459, 53.866563081272865 ], [ 14.318470966727592, 53.866245659774656 ], [ 14.318052157539086, 53.865968359603393 ], [ 14.317581074182154, 53.865581098704808 ], [ 14.317164900937042, 53.865357799200773 ], [ 14.317165577930844, 53.86515731921871 ], [ 14.316732633300973, 53.8648635143294 ], [ 14.315901221816334, 53.864450194863281 ], [ 14.31527472712356, 53.864067534798167 ], [ 14.314575095762011, 53.863755787781557 ], [ 14.314573018749947, 53.86370278537337 ], [ 14.313895413817329, 53.863382177207434 ], [ 14.312338256069065, 53.862705218614494 ], [ 14.31140390109408, 53.862238306459744 ], [ 14.310596552898001, 53.861830879566952 ], [ 14.309908128918099, 53.86146657597363 ], [ 14.309275181504345, 53.861067550253019 ], [ 14.308719874414304, 53.860738595798772 ], [ 14.307760679294763, 53.860067897204381 ], [ 14.307506598449113, 53.859856293929589 ], [ 14.306943517304251, 53.859483099072939 ], [ 14.305076624262949, 53.858336123231211 ], [ 14.303919051334136, 53.857653734844952 ], [ 14.303611774586866, 53.857418447831208 ], [ 14.302829679356575, 53.856933041196626 ], [ 14.302399267275113, 53.856661712506131 ], [ 14.301877739853969, 53.856395523395335 ], [ 14.301570453892456, 53.85628116047144 ], [ 14.301361538480872, 53.856169551921802 ], [ 14.30098543740605, 53.855957253810971 ], [ 14.300659636338011, 53.855814059718881 ], [ 14.299812310956659, 53.855409790838685 ], [ 14.299084942131607, 53.855029797894503 ], [ 14.298878164667839, 53.85493711364682 ], [ 14.298476183836687, 53.854744452367314 ], [ 14.298138285098288, 53.854558000043269 ], [ 14.297841299020446, 53.854388023836279 ], [ 14.297397181373737, 53.854176874494883 ], [ 14.297034281683496, 53.854026896719404 ], [ 14.295870963537128, 53.853550455610055 ], [ 14.295720203952532, 53.853497151311878 ], [ 14.295406212517445, 53.853383517167828 ], [ 14.295102245013664, 53.853204114139643 ], [ 14.294874458434665, 53.853220368174881 ], [ 14.294713733895897, 53.853163600683722 ], [ 14.294506589535363, 53.853093286798945 ], [ 14.294325814997835, 53.853071490674367 ], [ 14.294253991779959, 53.852992095361238 ], [ 14.294143910816242, 53.852975312628558 ], [ 14.294032626398021, 53.852934766183942 ], [ 14.293899262344549, 53.852911163453513 ], [ 14.293550231040982, 53.852838541245546 ], [ 14.293253136188516, 53.852774104887772 ], [ 14.29301936197049, 53.852708761317984 ], [ 14.292910329784203, 53.85272050294224 ], [ 14.292821809073226, 53.852675974500592 ], [ 14.292725839571281, 53.852683245937378 ], [ 14.292575220468155, 53.852663118034343 ], [ 14.292491416986056, 53.852625619131317 ], [ 14.292394104434063, 53.85263250029103 ], [ 14.292232748864301, 53.852606734631088 ], [ 14.292181666496372, 53.852599465875329 ], [ 14.291857861126234, 53.852553123800107 ], [ 14.291712008796607, 53.852532203445534 ], [ 14.291500626939881, 53.852506384410297 ], [ 14.291418532185149, 53.85248483752931 ], [ 14.291290023950102, 53.852496766318886 ], [ 14.291209125191189, 53.852496734797946 ], [ 14.290753348241793, 53.852497124067185 ], [ 14.290430497537967, 53.852466622504529 ], [ 14.290204439777522, 53.852404324123562 ], [ 14.290050441262423, 53.852398860781371 ], [ 14.289969072042544, 53.852431994150379 ], [ 14.289787398289965, 53.852471218730251 ], [ 14.289435940595652, 53.852236059000298 ], [ 14.289254046970569, 53.852200921707819 ], [ 14.288964719694192, 53.852180974082586 ], [ 14.288748134049722, 53.852134351565233 ], [ 14.28834449375282, 53.852052742384316 ], [ 14.288148425833, 53.852065561538716 ], [ 14.288029105919124, 53.852010709166557 ], [ 14.288028857841095, 53.851880335400658 ], [ 14.288254874926643, 53.851794292708533 ], [ 14.288759056665821, 53.851700515530538 ], [ 14.288797808731905, 53.851733939941553 ], [ 14.288907571690441, 53.851708731598876 ], [ 14.290403828691653, 53.85145904382609 ], [ 14.291018300709569, 53.851480049832418 ], [ 14.291434525910542, 53.851423643382439 ], [ 14.291734987056527, 53.851421979964023 ], [ 14.292156503081877, 53.851440674822491 ], [ 14.292385892804099, 53.851455388462689 ], [ 14.292476135855235, 53.851454010884098 ], [ 14.292668971423579, 53.85145773843481 ], [ 14.292673845749048, 53.851424491620499 ], [ 14.292872388156722, 53.851431764513826 ], [ 14.292870589609779, 53.85144557019381 ], [ 14.293077681142956, 53.851457532038083 ], [ 14.293079769363183, 53.851441575010043 ], [ 14.293282939947487, 53.85145596615537 ], [ 14.293422065731678, 53.851459020092861 ], [ 14.293420317339598, 53.851486223661311 ], [ 14.293454967237583, 53.851484309317883 ], [ 14.293450909777741, 53.851523778549129 ], [ 14.294212810257161, 53.851572553005759 ], [ 14.294204109474224, 53.851608410659935 ], [ 14.294379600721685, 53.851603923915022 ], [ 14.2944933152377, 53.851606942513619 ], [ 14.294601681231354, 53.851662168267069 ], [ 14.29467570697401, 53.85166743698931 ], [ 14.294712627570229, 53.851684454985218 ], [ 14.294772132339785, 53.851688496527501 ], [ 14.29488561726706, 53.85167613494071 ], [ 14.295287766979426, 53.851736198284421 ], [ 14.295360533213094, 53.851744405372031 ], [ 14.295550848157019, 53.851778464479779 ], [ 14.29558658772855, 53.851764256640557 ], [ 14.295630295798464, 53.851767941181855 ], [ 14.295651465378869, 53.851755652020337 ], [ 14.296245942303303, 53.851836691819642 ], [ 14.296786704882699, 53.851965067818298 ], [ 14.296772550572962, 53.851981830906873 ], [ 14.296792129258591, 53.851989465713132 ], [ 14.297451452467072, 53.852131207996848 ], [ 14.297499296770519, 53.852091828532465 ], [ 14.298670980345761, 53.85248392891716 ], [ 14.29912104635201, 53.852742720684773 ], [ 14.299137605575488, 53.85275224227879 ], [ 14.299388888655306, 53.852826786334731 ], [ 14.299461719721087, 53.852848504360189 ], [ 14.299452285103923, 53.852858333260023 ], [ 14.299665338656261, 53.852932089325179 ], [ 14.299705299485703, 53.852940478664273 ], [ 14.299662898653146, 53.852975664797199 ], [ 14.299699990111352, 53.852992325555896 ], [ 14.299716550250729, 53.852977854511984 ], [ 14.299725181950702, 53.853007017706375 ], [ 14.299695408879318, 53.853078997031034 ], [ 14.299710314965559, 53.853114666356774 ], [ 14.299714118497286, 53.853114418993627 ], [ 14.299716303423796, 53.853120092566627 ], [ 14.299712645847958, 53.853120700199248 ], [ 14.299726804147754, 53.853155646325469 ], [ 14.300119605054876, 53.853332165516839 ], [ 14.300121912957964, 53.85333047174101 ], [ 14.300130060451146, 53.853334023581965 ], [ 14.300127901500003, 53.853335897931892 ], [ 14.300650439551951, 53.85357040917426 ], [ 14.300652900922675, 53.853568626433685 ], [ 14.300660892044466, 53.853572446889828 ], [ 14.300658734605156, 53.853574231406746 ], [ 14.300718464090547, 53.853601445935929 ], [ 14.300804146578132, 53.853594307565949 ], [ 14.30083664055392, 53.853568708684215 ], [ 14.30082840919396, 53.853586679862538 ], [ 14.301169354800708, 53.853692813033447 ], [ 14.301185095043401, 53.853680001260201 ], [ 14.301394662344013, 53.853771884510074 ], [ 14.301488714517021, 53.853822551862073 ], [ 14.301415403700721, 53.853874844350891 ], [ 14.302205147662631, 53.854244888506699 ], [ 14.302229581641445, 53.854229075363094 ], [ 14.303025423834756, 53.854603836968103 ], [ 14.30311741101827, 53.854521214060284 ], [ 14.303313164740846, 53.854615255864793 ], [ 14.303477259659052, 53.854735556590583 ], [ 14.303638327521302, 53.854801124669876 ], [ 14.303670172499501, 53.854840231168616 ], [ 14.303731095722398, 53.854874057498861 ], [ 14.303959022496779, 53.854940138608363 ], [ 14.303982586840629, 53.854921338042196 ], [ 14.304032055991797, 53.854932339973054 ], [ 14.304088247671853, 53.855027828007913 ], [ 14.30425028030089, 53.855088025851245 ], [ 14.304433539377248, 53.855137734908418 ], [ 14.304452168631142, 53.855186347323773 ], [ 14.304511265933854, 53.855189745563415 ], [ 14.304738595154516, 53.855306713995901 ], [ 14.305423440345445, 53.855640678139871 ], [ 14.305588943292525, 53.855767756775641 ], [ 14.305844265325893, 53.855867183366001 ], [ 14.305852522399572, 53.855857029417628 ], [ 14.30626374307594, 53.856094819628083 ], [ 14.306688032867175, 53.856251708652124 ], [ 14.307023864188913, 53.856435208207245 ], [ 14.307882999777938, 53.857009462615956 ], [ 14.30813247171448, 53.857176206381382 ], [ 14.309336898477937, 53.857730709529378 ], [ 14.310277257416061, 53.858156342901609 ], [ 14.311151462047704, 53.858445695137377 ], [ 14.311454895784209, 53.858694360644513 ], [ 14.313511584081622, 53.859252180767115 ] ], [ [ 14.320020838208443, 53.8640614201978 ], [ 14.319724127898446, 53.863801246656323 ], [ 14.319585602225624, 53.863683966699796 ], [ 14.319507372403743, 53.86328933211805 ], [ 14.319403500560433, 53.86308202273333 ], [ 14.318816824662255, 53.862862094044672 ], [ 14.317376473295369, 53.862434251572566 ], [ 14.316553136064339, 53.8621802587787 ], [ 14.315946878210347, 53.861980570132985 ], [ 14.315165498019688, 53.861713116420908 ], [ 14.31443565770337, 53.86144860797566 ], [ 14.313572010622966, 53.861183786828988 ], [ 14.312407562361756, 53.860866355075515 ], [ 14.312375459647134, 53.861082312524459 ], [ 14.312420301994839, 53.861189410236186 ], [ 14.312756704549356, 53.861635709507503 ], [ 14.313184736994579, 53.861862889434789 ], [ 14.313845320705479, 53.862211263519939 ], [ 14.314567706575891, 53.862544834590906 ], [ 14.315401568152437, 53.862824256539788 ], [ 14.316173537901497, 53.863120266299582 ], [ 14.317019342168814, 53.86340353946818 ], [ 14.317554845485416, 53.863687052079463 ], [ 14.318330247631479, 53.864001107374001 ], [ 14.319175150476923, 53.864180053960474 ], [ 14.319408693577332, 53.864119648404078 ], [ 14.319859374310761, 53.864374280169784 ], [ 14.320020838208443, 53.8640614201978 ] ] ] ] } },
{ "type": "Feature", "properties": { "fid": 16, "full_id": null, "osm_id": null, "osm_type": null, "name": null, "place": null, "wetland": null, "landuse": null, "wikipedia": null, "wikidata": null, "water": null, "type": null, "source:alt_name:pl": null, "part_of": null, "natural": null, "name:sk": null, "name:pl": null, "name:en": null, "name:de": null, "alt_name:pl": null, "alt_name:de": null, "wojewodztwo": "zachodniopomorskie", "powiat": "powiat Świnoujście", "gmina": "Świnoujście (miasto)", "obreb": "Przytór 18", "arkusz": null, "nr_dzialki": "566", "teryt": "326301_1.0018.566", "pow_m2": 795738.29, "layer": "polnoc_zalewu", "path": "C:/RDOS_Monitoring_Lokalny/polnoc_zalewu.gpkg" }, "geometry": { "type": "MultiPolygon", "coordinates": [ [ [ [ 14.370906159288833, 53.856525106437878 ], [ 14.367890519959362, 53.857273458400662 ], [ 14.366854922451573, 53.85724800496002 ], [ 14.366165919942693, 53.857684198999856 ], [ 14.365171494766201, 53.8578259664855 ], [ 14.364377208337579, 53.858122275459714 ], [ 14.363947445847817, 53.858498526781787 ], [ 14.36400052396341, 53.858742446833325 ], [ 14.363345181198893, 53.858957292482117 ], [ 14.360927232703014, 53.860183452259243 ], [ 14.360093188622695, 53.860674858805488 ], [ 14.3589818018984, 53.861776918308252 ], [ 14.358859136721696, 53.86234693065061 ], [ 14.357908080654301, 53.862931945321911 ], [ 14.357516046031812, 53.863600310112908 ], [ 14.357556826481591, 53.864086714649439 ], [ 14.356868472851149, 53.864726065338296 ], [ 14.356870732041939, 53.865051583564608 ], [ 14.354694584971455, 53.866655179296117 ], [ 14.354757856991004, 53.866905622672284 ], [ 14.353349592480644, 53.868728441486716 ], [ 14.353410874899788, 53.869010310403809 ], [ 14.352258278795642, 53.86941101594698 ], [ 14.351929176085662, 53.869707636023499 ], [ 14.352087424595735, 53.869851391312579 ], [ 14.351981964218039, 53.870075632058416 ], [ 14.352654355874979, 53.870460915321196 ], [ 14.352608479829762, 53.870801558348724 ], [ 14.352062127322835, 53.871213863137768 ], [ 14.350885204561708, 53.871348789021326 ], [ 14.350331288346405, 53.871856224600712 ], [ 14.349802702472301, 53.872010865086864 ], [ 14.348809974417527, 53.872359329012866 ], [ 14.348082752741593, 53.872671414506705 ], [ 14.34734578957281, 53.872560690418709 ], [ 14.346437780421681, 53.872820193829504 ], [ 14.345395753729218, 53.872805359439866 ], [ 14.34545742049426, 53.871370250119128 ], [ 14.34655832113952, 53.871074472938417 ], [ 14.347914364241417, 53.870362747438044 ], [ 14.3501109704325, 53.869014970831962 ], [ 14.351537159505046, 53.86795222291753 ], [ 14.353569089939587, 53.865538657951333 ], [ 14.355366974614357, 53.863079887900803 ], [ 14.35703983372364, 53.861106807174089 ], [ 14.359186789660468, 53.859171664812976 ], [ 14.361033982176581, 53.857718357342186 ], [ 14.362084917511195, 53.856841789975093 ], [ 14.363359542401907, 53.856479107665344 ], [ 14.365878525649618, 53.855733254706927 ], [ 14.368692633598041, 53.855129413923258 ], [ 14.371838003343695, 53.854894030044505 ], [ 14.373374001034264, 53.854914859288975 ], [ 14.376476857668859, 53.855272262772246 ], [ 14.379718675628343, 53.855424226710191 ], [ 14.383390081321622, 53.855715669006877 ], [ 14.385081504144829, 53.856004700665729 ], [ 14.38646137128416, 53.856441908481173 ], [ 14.389131564142001, 53.857656058135852 ], [ 14.391361405017349, 53.858885824722201 ], [ 14.394000350177755, 53.859876124470482 ], [ 14.397874814077984, 53.860977445029143 ], [ 14.400740273430706, 53.861650735032171 ], [ 14.404742951014743, 53.862907181316857 ], [ 14.407473744838562, 53.8637840851665 ], [ 14.408874117480373, 53.864182811470911 ], [ 14.410315800991148, 53.864482168093801 ], [ 14.413366020286496, 53.864688213022269 ], [ 14.41269922933018, 53.865546269258608 ], [ 14.411631027748118, 53.865503421352237 ], [ 14.40995225802097, 53.865421295784195 ], [ 14.408411978221835, 53.864994203596595 ], [ 14.406293471056003, 53.864448487074348 ], [ 14.405054863301951, 53.864014393943151 ], [ 14.403630494071995, 53.863363183864742 ], [ 14.400602873496892, 53.862347229377995 ], [ 14.397508166199104, 53.861776576371852 ], [ 14.394814659585661, 53.861114768911499 ], [ 14.392316707899687, 53.860415798406834 ], [ 14.391568397737851, 53.86034286887913 ], [ 14.390719305657107, 53.859983633606973 ], [ 14.389454692476871, 53.859629724727135 ], [ 14.389288672491512, 53.859365376892939 ], [ 14.387831573449111, 53.858465116473909 ], [ 14.387969372927452, 53.858182216363375 ], [ 14.38786556778399, 53.858090945341502 ], [ 14.387454172705123, 53.85817637785091 ], [ 14.386569091796702, 53.857761484165302 ], [ 14.384678813294983, 53.857126849443773 ], [ 14.382220606192996, 53.856552598468248 ], [ 14.379178247756569, 53.856468098458478 ], [ 14.378925419557357, 53.85666845538838 ], [ 14.374249798591523, 53.856291849325579 ], [ 14.373233652381748, 53.856005244586321 ], [ 14.371415515071019, 53.856333090958216 ], [ 14.370906159288833, 53.856525106437878 ] ] ] ] } },
{ "type": "Feature", "properties": { "fid": 17, "full_id": null, "osm_id": null, "osm_type": null, "name": null, "place": null, "wetland": null, "landuse": null, "wikipedia": null, "wikidata": null, "water": null, "type": null, "source:alt_name:pl": null, "part_of": null, "natural": null, "name:sk": null, "name:pl": null, "name:en": null, "name:de": null, "alt_name:pl": null, "alt_name:de": null, "wojewodztwo": "zachodniopomorskie", "powiat": "powiat Świnoujście", "gmina": "Świnoujście (miasto)", "obreb": "Karsibór 19", "arkusz": null, "nr_dzialki": "781/2", "teryt": "326301_1.0019.781/2", "pow_m2": 267183.65, "layer": "polnoc_zalewu", "path": "C:/RDOS_Monitoring_Lokalny/polnoc_zalewu.gpkg" }, "geometry": { "type": "MultiPolygon", "coordinates": [ [ [ [ 14.38088600937801, 53.854453847958375 ], [ 14.381827907583066, 53.854549241373753 ], [ 14.382751815014595, 53.854453184979903 ], [ 14.383723476766953, 53.854298468776562 ], [ 14.384332022787033, 53.854211336653464 ], [ 14.386204261446764, 53.854716299819948 ], [ 14.385081504144829, 53.856004700665729 ], [ 14.383390081321622, 53.855715669006877 ], [ 14.379718675628343, 53.855424226710191 ], [ 14.376476857668859, 53.855272262772246 ], [ 14.373374001034264, 53.854914859288975 ], [ 14.371838003343695, 53.854894030044505 ], [ 14.368692633598041, 53.855129413923258 ], [ 14.365878525649618, 53.855733254706927 ], [ 14.363359542401907, 53.856479107665344 ], [ 14.362084917511195, 53.856841789975093 ], [ 14.359316066223094, 53.85598671723163 ], [ 14.359282516402532, 53.855925469650117 ], [ 14.359005552019482, 53.855802933610768 ], [ 14.358968750549002, 53.855786028841194 ], [ 14.35924830590605, 53.855727547406929 ], [ 14.359564788251713, 53.855715372601885 ], [ 14.360652242052256, 53.855612656483331 ], [ 14.360949753227818, 53.855500982151334 ], [ 14.361851018000197, 53.855131172683848 ], [ 14.361902455580378, 53.855063076366072 ], [ 14.362311759978052, 53.854960782974196 ], [ 14.362922673704574, 53.854769780702306 ], [ 14.363404728057557, 53.854654068640357 ], [ 14.364088002688073, 53.854571461628481 ], [ 14.364663357779362, 53.854302074450068 ], [ 14.36526756826993, 53.854224191681475 ], [ 14.365556648264059, 53.85407446347385 ], [ 14.366850207847317, 53.853960108679438 ], [ 14.367785829724657, 53.853813542907382 ], [ 14.37002864982002, 53.853608547670341 ], [ 14.370858205081271, 53.853426612308773 ], [ 14.371687929472921, 53.853471889400083 ], [ 14.372572579800902, 53.853526366293686 ], [ 14.37315753421632, 53.853667672056098 ], [ 14.373829049333683, 53.853689672128752 ], [ 14.374169097590606, 53.853723196183282 ], [ 14.374333552728979, 53.85379243306604 ], [ 14.375031113072302, 53.853845569714728 ], [ 14.37570272858957, 53.853842212259053 ], [ 14.376778684627347, 53.853601436628622 ], [ 14.377394922536434, 53.853891497082174 ], [ 14.377725673828971, 53.85387437688869 ], [ 14.378916239464532, 53.854211259383696 ], [ 14.379733195906571, 53.854302769756757 ], [ 14.38088600937801, 53.854453847958375 ] ] ] ] } },
{ "type": "Feature", "properties": { "fid": 18, "full_id": null, "osm_id": null, "osm_type": null, "name": null, "place": null, "wetland": null, "landuse": null, "wikipedia": null, "wikidata": null, "water": null, "type": null, "source:alt_name:pl": null, "part_of": null, "natural": null, "name:sk": null, "name:pl": null, "name:en": null, "name:de": null, "alt_name:pl": null, "alt_name:de": null, "wojewodztwo": "zachodniopomorskie", "powiat": "powiat Świnoujście", "gmina": "Świnoujście (miasto)", "obreb": "Karsibór 19", "arkusz": null, "nr_dzialki": "782/1", "teryt": "326301_1.0019.782/1", "pow_m2": 194057.13, "layer": "polnoc_zalewu", "path": "C:/RDOS_Monitoring_Lokalny/polnoc_zalewu.gpkg" }, "geometry": { "type": "MultiPolygon", "coordinates": [ [ [ [ 14.390698123962553, 53.84753828013671 ], [ 14.391004513668527, 53.848360232138937 ], [ 14.391197908095776, 53.84884355957012 ], [ 14.391383085415669, 53.849490608009326 ], [ 14.391427045535965, 53.849983356543916 ], [ 14.391424153818262, 53.850705873823188 ], [ 14.391246030726473, 53.851343929439174 ], [ 14.391174881083062, 53.851565798208021 ], [ 14.391186987280426, 53.851625309984364 ], [ 14.391219722954503, 53.851802778308368 ], [ 14.390920205999461, 53.852092499892578 ], [ 14.390562016928191, 53.852650121230809 ], [ 14.390040441569722, 53.853406200086333 ], [ 14.389618851455507, 53.853853469532005 ], [ 14.389411105591408, 53.854012302932858 ], [ 14.388689201373941, 53.854600382002282 ], [ 14.388727497586331, 53.854634931438895 ], [ 14.388462917718993, 53.854785691714696 ], [ 14.388152161839667, 53.855057447597041 ], [ 14.388076547710767, 53.855221316770816 ], [ 14.386204261446764, 53.854716299819948 ], [ 14.387379642749837, 53.854170044616808 ], [ 14.389178418948536, 53.853183606233664 ], [ 14.389612807408243, 53.852562831847358 ], [ 14.39046109931682, 53.850712065370097 ], [ 14.390394910326798, 53.849619698481376 ], [ 14.38940894420481, 53.847014099091751 ], [ 14.388451298242657, 53.844509078224419 ], [ 14.387640770198919, 53.842891326105054 ], [ 14.38442081445185, 53.8406883586022 ], [ 14.380581445163108, 53.838571535922114 ], [ 14.380552349891557, 53.838531159717782 ], [ 14.382255691815143, 53.837435454824444 ], [ 14.382515038915274, 53.837637123366051 ], [ 14.382866874403598, 53.837932698824076 ], [ 14.383576139855702, 53.838383351188384 ], [ 14.384110854001236, 53.838717981054984 ], [ 14.385005322335426, 53.839236412605999 ], [ 14.385446111170307, 53.839605128312101 ], [ 14.385569838602706, 53.839795377853562 ], [ 14.385719844877077, 53.839905552616614 ], [ 14.385863177141758, 53.840108097585741 ], [ 14.386266015108365, 53.84049567188876 ], [ 14.386562444064243, 53.840741924856452 ], [ 14.386830566421967, 53.840879039648314 ], [ 14.387212954960216, 53.841060902451993 ], [ 14.387480129457591, 53.841213279086553 ], [ 14.387644831024327, 53.841363420919343 ], [ 14.387604843942096, 53.841431778836238 ], [ 14.38788201461432, 53.841935914174464 ], [ 14.388812881016632, 53.842367080509483 ], [ 14.388809782900971, 53.842814304993588 ], [ 14.388885060369562, 53.843294344573899 ], [ 14.389166518228887, 53.843712973627817 ], [ 14.389512547306854, 53.844356789510982 ], [ 14.389844225080706, 53.845055405319073 ], [ 14.390016267125963, 53.845485764790034 ], [ 14.390321544368593, 53.846337455953943 ], [ 14.390400531304349, 53.846641175971492 ], [ 14.390468994521258, 53.846864918471681 ], [ 14.390646120783961, 53.847335844942755 ], [ 14.390698123962553, 53.84753828013671 ] ] ] ] } },
{ "type": "Feature", "properties": { "fid": 19, "full_id": null, "osm_id": null, "osm_type": null, "name": null, "place": null, "wetland": null, "landuse": null, "wikipedia": null, "wikidata": null, "water": null, "type": null, "source:alt_name:pl": null, "part_of": null, "natural": null, "name:sk": null, "name:pl": null, "name:en": null, "name:de": null, "alt_name:pl": null, "alt_name:de": null, "wojewodztwo": "zachodniopomorskie", "powiat": "powiat Świnoujście", "gmina": "Świnoujście (miasto)", "obreb": "Karsibór 19", "arkusz": null, "nr_dzialki": "781/1", "teryt": "326301_1.0019.781/1", "pow_m2": 226546.02, "layer": "polnoc_zalewu", "path": "C:/RDOS_Monitoring_Lokalny/polnoc_zalewu.gpkg" }, "geometry": { "type": "MultiPolygon", "coordinates": [ [ [ [ 14.400114454905633, 53.860687472257659 ], [ 14.400528890401988, 53.860800396186576 ], [ 14.401088898119134, 53.861013485566595 ], [ 14.401661377467343, 53.861187463537291 ], [ 14.40189612085995, 53.86129918308972 ], [ 14.402209325333031, 53.861374482775879 ], [ 14.402585556768596, 53.861483154689019 ], [ 14.402908186385909, 53.861548767079931 ], [ 14.402992512357081, 53.861547717742781 ], [ 14.403060560057298, 53.861595764237109 ], [ 14.403438432205981, 53.861685408742176 ], [ 14.403668925605139, 53.861762778167922 ], [ 14.403917622541904, 53.861828673836946 ], [ 14.404089613943341, 53.861927251597088 ], [ 14.40423162579475, 53.861979507057129 ], [ 14.404633814767575, 53.862098984048423 ], [ 14.404693647269209, 53.862088232490123 ], [ 14.404886578207607, 53.862158222737435 ], [ 14.405557265485097, 53.8624119878789 ], [ 14.405923958156489, 53.86250551800233 ], [ 14.406657733381074, 53.862728096358637 ], [ 14.407188583350564, 53.862892245521294 ], [ 14.407970213570298, 53.863084024205541 ], [ 14.40837213573757, 53.863178668357151 ], [ 14.409393183801621, 53.863380290643754 ], [ 14.40958367231865, 53.863430980331614 ], [ 14.409956784649752, 53.863487415358193 ], [ 14.410763855287188, 53.86359287574092 ], [ 14.411671279669301, 53.863686652794975 ], [ 14.412400801315174, 53.863698362817523 ], [ 14.412750321453322, 53.863637041708984 ], [ 14.414185876238612, 53.863474370759064 ], [ 14.414852012381296, 53.863413941902813 ], [ 14.415261804644192, 53.863287832793731 ], [ 14.413366020286496, 53.864688213022269 ], [ 14.410315800991148, 53.864482168093801 ], [ 14.408874117480373, 53.864182811470911 ], [ 14.407473744838562, 53.8637840851665 ], [ 14.404742951014743, 53.862907181316857 ], [ 14.400740273430706, 53.861650735032171 ], [ 14.397874814077984, 53.860977445029143 ], [ 14.394000350177755, 53.859876124470482 ], [ 14.391361405017349, 53.858885824722201 ], [ 14.389131564142001, 53.857656058135852 ], [ 14.38646137128416, 53.856441908481173 ], [ 14.385081504144829, 53.856004700665729 ], [ 14.386204261446764, 53.854716299819948 ], [ 14.388076547710767, 53.855221316770816 ], [ 14.38851318609635, 53.85553525771401 ], [ 14.388472773522203, 53.855914951178001 ], [ 14.389064138225727, 53.856235320130409 ], [ 14.389269863065655, 53.856326113430093 ], [ 14.390389873338815, 53.856680470621875 ], [ 14.390536158345677, 53.856731936591643 ], [ 14.391715906380817, 53.857126152451066 ], [ 14.392519428828189, 53.85735186587975 ], [ 14.393261260751853, 53.8586319184774 ], [ 14.393519010952353, 53.858825431243552 ], [ 14.393549484030016, 53.858873385190726 ], [ 14.393506336996357, 53.858897081083818 ], [ 14.393605288824775, 53.858968821580817 ], [ 14.393764566663467, 53.859043852148673 ], [ 14.394116572101197, 53.859167218505881 ], [ 14.394453614251201, 53.85925735249586 ], [ 14.394817106748013, 53.859345273509284 ], [ 14.395040050227498, 53.859369990110352 ], [ 14.395586006746965, 53.859448839022136 ], [ 14.395733246303102, 53.859433878163983 ], [ 14.396116207861818, 53.859499831511734 ], [ 14.396665965414698, 53.859688804079781 ], [ 14.397545878907907, 53.859976200873149 ], [ 14.398554150703093, 53.860293260068538 ], [ 14.399188700121243, 53.860473992129258 ], [ 14.399591620923918, 53.860554302961361 ], [ 14.400069151305777, 53.860662663957626 ], [ 14.400114454905633, 53.860687472257659 ] ] ] ] } },
{ "type": "Feature", "properties": { "fid": 20, "full_id": null, "osm_id": null, "osm_type": null, "name": null, "place": null, "wetland": null, "landuse": null, "wikipedia": null, "wikidata": null, "water": null, "type": null, "source:alt_name:pl": null, "part_of": null, "natural": null, "name:sk": null, "name:pl": null, "name:en": null, "name:de": null, "alt_name:pl": null, "alt_name:de": null, "wojewodztwo": "zachodniopomorskie", "powiat": "powiat Świnoujście", "gmina": "Świnoujście (miasto)", "obreb": "Karsibór 19", "arkusz": null, "nr_dzialki": "782/2", "teryt": "326301_1.0019.782/2", "pow_m2": 192060.84, "layer": "polnoc_zalewu", "path": "C:/RDOS_Monitoring_Lokalny/polnoc_zalewu.gpkg" }, "geometry": { "type": "MultiPolygon", "coordinates": [ [ [ [ 14.38940894420481, 53.847014099091751 ], [ 14.390394910326798, 53.849619698481376 ], [ 14.39046109931682, 53.850712065370097 ], [ 14.389612807408243, 53.852562831847358 ], [ 14.389178418948536, 53.853183606233664 ], [ 14.387379642749837, 53.854170044616808 ], [ 14.386204261446764, 53.854716299819948 ], [ 14.384332022787033, 53.854211336653464 ], [ 14.384364269148941, 53.854130855843792 ], [ 14.384629428175801, 53.85408045583516 ], [ 14.384971189941824, 53.854052585928571 ], [ 14.385540522967652, 53.853913793904091 ], [ 14.386070088621306, 53.853739694937495 ], [ 14.386607432450264, 53.853638493945553 ], [ 14.386940595298086, 53.853441492823094 ], [ 14.387719447312666, 53.853266976461157 ], [ 14.388058964743633, 53.853167930441664 ], [ 14.388316555276685, 53.852961009864067 ], [ 14.388663603804726, 53.85247553690499 ], [ 14.388925141219726, 53.852134472307533 ], [ 14.389087531079548, 53.851754291861575 ], [ 14.389179504347938, 53.851435148504109 ], [ 14.389279714053995, 53.851249695486054 ], [ 14.389497892185807, 53.850718247880771 ], [ 14.389460102716031, 53.850224296840295 ], [ 14.389406728382909, 53.849748701174818 ], [ 14.389294359528066, 53.849526790210675 ], [ 14.389142498299705, 53.849455424115249 ], [ 14.388969275759402, 53.84888072184971 ], [ 14.388890669734014, 53.848636972787773 ], [ 14.38869950505428, 53.847943216015501 ], [ 14.388570264014495, 53.847867756437523 ], [ 14.388289493585384, 53.847579425337997 ], [ 14.388348896537517, 53.847163277993957 ], [ 14.388251419974454, 53.846922177204668 ], [ 14.388018712607145, 53.846396892023549 ], [ 14.38780957383125, 53.845862056187379 ], [ 14.387588549058242, 53.845081514440345 ], [ 14.387390196816279, 53.84466136327201 ], [ 14.387173420844336, 53.844519616569507 ], [ 14.38680684780411, 53.844003373821771 ], [ 14.386468634584341, 53.843415564382965 ], [ 14.385864078018226, 53.842964367542862 ], [ 14.385251329531576, 53.84254687028028 ], [ 14.384639641424714, 53.842216847875392 ], [ 14.38454535552723, 53.842212451026562 ], [ 14.384240251659802, 53.842061206348703 ], [ 14.384222050584068, 53.842006951408813 ], [ 14.383707458276126, 53.841751241894976 ], [ 14.383121602048254, 53.841471147460517 ], [ 14.382288693126769, 53.841133517715065 ], [ 14.382107485688419, 53.84112875059575 ], [ 14.381382379688349, 53.840774840867851 ], [ 14.381079434240572, 53.840703390749141 ], [ 14.380893708224948, 53.840692765877314 ], [ 14.380818059577361, 53.840682030935923 ], [ 14.38038924419673, 53.840462270465402 ], [ 14.38013053545518, 53.840405816785669 ], [ 14.379788836730537, 53.840322462008309 ], [ 14.379443796473753, 53.840270678358024 ], [ 14.378934014342773, 53.84020350576246 ], [ 14.378102743964389, 53.840106633408368 ], [ 14.380552349891557, 53.838531159717782 ], [ 14.380581445163108, 53.838571535922114 ], [ 14.38442081445185, 53.8406883586022 ], [ 14.387640770198919, 53.842891326105054 ], [ 14.388451298242657, 53.844509078224419 ], [ 14.38940894420481, 53.847014099091751 ] ] ] ] } },
{ "type": "Feature", "properties": { "fid": 21, "full_id": null, "osm_id": null, "osm_type": null, "name": null, "place": null, "wetland": null, "landuse": null, "wikipedia": null, "wikidata": null, "water": null, "type": null, "source:alt_name:pl": null, "part_of": null, "natural": null, "name:sk": null, "name:pl": null, "name:en": null, "name:de": null, "alt_name:pl": null, "alt_name:de": null, "wojewodztwo": "zachodniopomorskie", "powiat": "powiat Świnoujście", "gmina": "Świnoujście (miasto)", "obreb": "Przytór 18", "arkusz": null, "nr_dzialki": "558/1", "teryt": "326301_1.0018.558/1", "pow_m2": 8055942.46, "layer": "polnoc_zalewu", "path": "C:/RDOS_Monitoring_Lokalny/polnoc_zalewu.gpkg" }, "geometry": { "type": "MultiPolygon", "coordinates": [ [ [ [ 14.415493256581742, 53.875878078091638 ], [ 14.412271289787526, 53.88373703953814 ], [ 14.408331848655674, 53.893342263863637 ], [ 14.407953688878939, 53.894573908848834 ], [ 14.407263443982774, 53.893858521955472 ], [ 14.405611626585619, 53.893939588197419 ], [ 14.40399780722052, 53.894183287916157 ], [ 14.403212345716101, 53.895262704696613 ], [ 14.402390421093791, 53.89472505961642 ], [ 14.401422168673772, 53.894568322373189 ], [ 14.397940582665562, 53.894004721242297 ], [ 14.395477006612619, 53.89394594148488 ], [ 14.394083284178002, 53.894325471197064 ], [ 14.393590694142741, 53.894023013728521 ], [ 14.393285892621178, 53.895020404941974 ], [ 14.39320748037961, 53.895521206800822 ], [ 14.393141539930525, 53.895941543059131 ], [ 14.393133744517316, 53.895981114130137 ], [ 14.393073960061418, 53.896383244857773 ], [ 14.393347377051319, 53.896412200671826 ], [ 14.393338854838815, 53.896558659335589 ], [ 14.393244429914821, 53.89664238346338 ], [ 14.393209673136498, 53.896943456883868 ], [ 14.392455170477847, 53.896873581475688 ], [ 14.392440491847776, 53.896872183183639 ], [ 14.392487828591943, 53.896664883198405 ], [ 14.392562425923934, 53.896489106918231 ], [ 14.392801811145297, 53.896407183472853 ], [ 14.392848020090776, 53.896359455318901 ], [ 14.393024925878752, 53.89550725969071 ], [ 14.393049314102102, 53.89538955797056 ], [ 14.393066249710966, 53.895020306849062 ], [ 14.393374372953977, 53.893903768788377 ], [ 14.393067453874636, 53.893941333050385 ], [ 14.392804842359713, 53.893934725503726 ], [ 14.391944569498131, 53.894171003526239 ], [ 14.390021005909388, 53.894098951378417 ], [ 14.388992012335416, 53.894285506860157 ], [ 14.387292407658688, 53.893395080539854 ], [ 14.385547725364786, 53.892322402469162 ], [ 14.385510203068002, 53.892299287477435 ], [ 14.385495101846564, 53.892290057449493 ], [ 14.384768261295312, 53.892185747691805 ], [ 14.384142376230898, 53.892078420633148 ], [ 14.383445194038128, 53.891938068189745 ], [ 14.382661767312642, 53.891869827115819 ], [ 14.381824896660348, 53.891826220392865 ], [ 14.381018166588188, 53.891823906383038 ], [ 14.380404829692537, 53.891815379349588 ], [ 14.380162153169824, 53.891709294315113 ], [ 14.379065733032805, 53.891435506171895 ], [ 14.377981755595288, 53.891126114192424 ], [ 14.377383323060476, 53.891020807621118 ], [ 14.376502422243615, 53.890754955566734 ], [ 14.376018567270389, 53.890567981209685 ], [ 14.375501149526954, 53.890292441947551 ], [ 14.374911893202029, 53.890038144509816 ], [ 14.374664953230237, 53.889910080815945 ], [ 14.374444343487964, 53.889707055512744 ], [ 14.374059406953787, 53.88930615625106 ], [ 14.373824058742084, 53.888920308299319 ], [ 14.373807787334497, 53.888464808859844 ], [ 14.373711653902058, 53.888138970657351 ], [ 14.373656087748532, 53.888073661255838 ], [ 14.373776519888414, 53.887932439392458 ], [ 14.373972852173715, 53.887867216705821 ], [ 14.374220004376495, 53.88767381161194 ], [ 14.37429870375048, 53.887431414183517 ], [ 14.374502269001196, 53.887212240752859 ], [ 14.373927659916511, 53.887218040946145 ], [ 14.373589078474518, 53.887306511860672 ], [ 14.373215592024328, 53.887499540262262 ], [ 14.372652933955614, 53.887692305355984 ], [ 14.371021059848673, 53.887671839867643 ], [ 14.370046713637857, 53.887735628026988 ], [ 14.369313614814009, 53.887817866148062 ], [ 14.368695436808272, 53.887861006011612 ], [ 14.367971737569389, 53.887926639876376 ], [ 14.367536770432363, 53.887668122223602 ], [ 14.367101954519068, 53.887409696248476 ], [ 14.368119486673907, 53.886791065657953 ], [ 14.370155021354412, 53.884358138557424 ], [ 14.370485166955326, 53.883827681139131 ], [ 14.370399804878366, 53.883442864134814 ], [ 14.370740617918781, 53.882645604503416 ], [ 14.369969515072761, 53.882035358332544 ], [ 14.370487500329126, 53.881033379830299 ], [ 14.371005897075396, 53.880872152087917 ], [ 14.371552891524752, 53.880643238927242 ], [ 14.371912323474707, 53.880444319697233 ], [ 14.372285260996323, 53.880514464978916 ], [ 14.373061684999708, 53.879926288785576 ], [ 14.374909297627903, 53.879410998657512 ], [ 14.375626527871496, 53.879135372519372 ], [ 14.376255442041092, 53.879078996647607 ], [ 14.375956219376683, 53.878852172782622 ], [ 14.374932339728767, 53.879043765772799 ], [ 14.373921210409847, 53.879468518954859 ], [ 14.372629720860058, 53.879657004538963 ], [ 14.372294550709146, 53.879421283844174 ], [ 14.372094619074636, 53.879164227743878 ], [ 14.371115554185687, 53.879659874767547 ], [ 14.369935332130435, 53.879795757520668 ], [ 14.368637497549338, 53.879285232317706 ], [ 14.368459667696456, 53.878701365723657 ], [ 14.368014955556072, 53.878465904906896 ], [ 14.365685351037094, 53.878442547182914 ], [ 14.363036375179465, 53.878127107417406 ], [ 14.360582001542069, 53.877380752879276 ], [ 14.35997725443516, 53.876596006508471 ], [ 14.35952606990819, 53.875620440299038 ], [ 14.359839895925884, 53.874577218878756 ], [ 14.359776315222611, 53.874162237370953 ], [ 14.360080906579666, 53.873361567399989 ], [ 14.360993330677003, 53.872789166772435 ], [ 14.361903685995042, 53.872876643800055 ], [ 14.362749493005335, 53.872515847098462 ], [ 14.362910102511201, 53.872791805244823 ], [ 14.364976138532976, 53.872308592132882 ], [ 14.366303461813432, 53.871306520200605 ], [ 14.366829170740264, 53.871317174338834 ], [ 14.367239397529223, 53.871639969112486 ], [ 14.368129120360697, 53.871111970264167 ], [ 14.369065464637313, 53.871148715133351 ], [ 14.370292623813427, 53.87171420347152 ], [ 14.370078032251925, 53.872248047128167 ], [ 14.370447023757409, 53.872380218572211 ], [ 14.370445139390831, 53.872870180240348 ], [ 14.371044386242438, 53.872703510217399 ], [ 14.372534459973666, 53.872790134511703 ], [ 14.374420931765785, 53.873299903378125 ], [ 14.37467184943972, 53.874004890932987 ], [ 14.375229822772594, 53.874302123082813 ], [ 14.37611435877499, 53.874462647336614 ], [ 14.376318784856577, 53.874817767068954 ], [ 14.376733119357024, 53.874931130023278 ], [ 14.377141777266674, 53.874673942755798 ], [ 14.377470689666149, 53.874960755868365 ], [ 14.377803263023308, 53.874800801483033 ], [ 14.37773416041996, 53.875150832995992 ], [ 14.378092512612159, 53.875526398718684 ], [ 14.379534175709665, 53.875148838981872 ], [ 14.380341127404213, 53.875018128342724 ], [ 14.380913406741557, 53.874771698103679 ], [ 14.381286029078449, 53.874579344095999 ], [ 14.381654293789678, 53.874164820836448 ], [ 14.381942694346231, 53.873129985120237 ], [ 14.382129138532006, 53.872265546448759 ], [ 14.382559223256337, 53.871932390761494 ], [ 14.383392376984823, 53.871770767726915 ], [ 14.383227078231606, 53.871494737991704 ], [ 14.383226527159094, 53.871162966109701 ], [ 14.38455037603323, 53.870671298449231 ], [ 14.386069144404914, 53.869835027234878 ], [ 14.386394053132271, 53.869431235958807 ], [ 14.387368907642848, 53.869167485677167 ], [ 14.387886353478955, 53.868603357595525 ], [ 14.387979165592187, 53.867603811818938 ], [ 14.387723617365507, 53.867140612690854 ], [ 14.38930255647867, 53.865287866817624 ], [ 14.389798742165395, 53.865380491619646 ], [ 14.390703275538915, 53.865852424547839 ], [ 14.392321760095223, 53.866242788814283 ], [ 14.392809087422878, 53.866062789295981 ], [ 14.393100962734298, 53.866041268015749 ], [ 14.393794030067435, 53.86614804856054 ], [ 14.394178425637643, 53.865910961610773 ], [ 14.395172460385171, 53.8656790353281 ], [ 14.395995038282171, 53.865782324766187 ], [ 14.397825351504899, 53.866313875096949 ], [ 14.39861050953815, 53.866701338593245 ], [ 14.400195629791041, 53.866993770653913 ], [ 14.40065330039895, 53.866947956549282 ], [ 14.402006748856568, 53.866463938629302 ], [ 14.402796608585726, 53.866555682626831 ], [ 14.403515611414999, 53.866514622296663 ], [ 14.404393886117258, 53.866554327351196 ], [ 14.404864129853131, 53.866477302366263 ], [ 14.405612460550278, 53.86638022347914 ], [ 14.406252955045595, 53.866476802411356 ], [ 14.40658519453793, 53.866172017156956 ], [ 14.407512019489987, 53.865820757576678 ], [ 14.408376153122262, 53.865695598834542 ], [ 14.40995225802097, 53.865421295784195 ], [ 14.411631027748118, 53.865503421352237 ], [ 14.411522424144378, 53.865685383609097 ], [ 14.411955418061492, 53.866038178317702 ], [ 14.41269922933018, 53.865546269258608 ], [ 14.413366020286496, 53.864688213022269 ], [ 14.416363697625721, 53.864513823091343 ], [ 14.417779521688544, 53.864326049648156 ], [ 14.417779372735163, 53.869291383973717 ], [ 14.417892375032388, 53.870024036243578 ], [ 14.415493256581742, 53.875878078091638 ] ], [ [ 14.389852511714741, 53.868762177867453 ], [ 14.389272495025107, 53.869427445261792 ], [ 14.388895028623818, 53.869918207865474 ], [ 14.388550797904477, 53.870802589409784 ], [ 14.388786693452031, 53.871093635075809 ], [ 14.388785078553116, 53.871997170075595 ], [ 14.389163524399178, 53.87212499171158 ], [ 14.389752963958538, 53.871992180577763 ], [ 14.390279188564348, 53.871604451309096 ], [ 14.390655656983007, 53.870983296754879 ], [ 14.39062803943691, 53.870474718877432 ], [ 14.390469225900523, 53.870020825099907 ], [ 14.390038933880575, 53.869383002485243 ], [ 14.389852511714741, 53.868762177867453 ] ], [ [ 14.39203683693043, 53.870253643696678 ], [ 14.392113358444901, 53.870734514646173 ], [ 14.392035301205235, 53.871669650069727 ], [ 14.392787905061338, 53.87184785770949 ], [ 14.392945913886047, 53.872168667542077 ], [ 14.392286397706485, 53.87318196009722 ], [ 14.392575547989928, 53.873424707084652 ], [ 14.394056820322708, 53.872969625624201 ], [ 14.393903916153063, 53.872493389018189 ], [ 14.394002311023382, 53.871866178077411 ], [ 14.39416857180457, 53.87168818059768 ], [ 14.393983366830252, 53.871339809063201 ], [ 14.392897357899397, 53.870799222956201 ], [ 14.39203683693043, 53.870253643696678 ] ], [ [ 14.39875735687024, 53.869918699172665 ], [ 14.399809554597626, 53.870367691480482 ], [ 14.400525201684646, 53.870136871383778 ], [ 14.400928799360507, 53.870129441669093 ], [ 14.401769028087349, 53.870317584675881 ], [ 14.403237760443483, 53.870306262475353 ], [ 14.403789560974253, 53.870558268407713 ], [ 14.404038749411347, 53.870881936067377 ], [ 14.404005717662898, 53.871144647242005 ], [ 14.403710651655162, 53.871511368405656 ], [ 14.40374316936202, 53.87177190327747 ], [ 14.404388386586879, 53.871916243442556 ], [ 14.404870590728482, 53.871794522906228 ], [ 14.405211420431511, 53.87061603369898 ], [ 14.406761110373964, 53.870010340345651 ], [ 14.405054458858466, 53.869884391209197 ], [ 14.404164303163402, 53.869765317117825 ], [ 14.403054654884864, 53.869824889991008 ], [ 14.402354609241279, 53.870049769437863 ], [ 14.4015273173748, 53.869947322457712 ], [ 14.400618728517522, 53.869953691849027 ], [ 14.400093349366422, 53.869815526655778 ], [ 14.399698251880547, 53.869931026224961 ], [ 14.39875735687024, 53.869918699172665 ] ], [ [ 14.395989608639155, 53.869536725151406 ], [ 14.396083627097005, 53.869786012437046 ], [ 14.396667280493107, 53.870038744229902 ], [ 14.397039688865606, 53.869994687271486 ], [ 14.396816811152277, 53.869738106553832 ], [ 14.396432722067955, 53.869578719076856 ], [ 14.395989608639155, 53.869536725151406 ] ] ] ] } },
{ "type": "Feature", "properties": { "fid": 22, "full_id": null, "osm_id": null, "osm_type": null, "name": null, "place": null, "wetland": null, "landuse": null, "wikipedia": null, "wikidata": null, "water": null, "type": null, "source:alt_name:pl": null, "part_of": null, "natural": null, "name:sk": null, "name:pl": null, "name:en": null, "name:de": null, "alt_name:pl": null, "alt_name:de": null, "wojewodztwo": "zachodniopomorskie", "powiat": "powiat kamieński", "gmina": "Międzyzdroje", "obreb": "Wapnica", "arkusz": null, "nr_dzialki": "269/1", "teryt": "320704_5.0023.269/1", "pow_m2": 548517.01, "layer": "polnoc_zalewu", "path": "C:/RDOS_Monitoring_Lokalny/polnoc_zalewu.gpkg" }, "geometry": { "type": "MultiPolygon", "coordinates": [ [ [ [ 14.42103922684178, 53.87678219590736 ], [ 14.424167392791961, 53.884299006639274 ], [ 14.425043876381949, 53.885651186131895 ], [ 14.412271343383241, 53.883737008179658 ], [ 14.415493253596461, 53.875878079409617 ], [ 14.42103922684178, 53.87678219590736 ] ] ] ] } },
{ "type": "Feature", "properties": { "fid": 23, "full_id": null, "osm_id": null, "osm_type": null, "name": null, "place": null, "wetland": null, "landuse": null, "wikipedia": null, "wikidata": null, "water": null, "type": null, "source:alt_name:pl": null, "part_of": null, "natural": null, "name:sk": null, "name:pl": null, "name:en": null, "name:de": null, "alt_name:pl": null, "alt_name:de": null, "wojewodztwo": "zachodniopomorskie", "powiat": "powiat kamieński", "gmina": "Międzyzdroje", "obreb": "Wicko", "arkusz": null, "nr_dzialki": "141/15", "teryt": "320704_5.0025.141/15", "pow_m2": 528892.21, "layer": "polnoc_zalewu", "path": "C:/RDOS_Monitoring_Lokalny/polnoc_zalewu.gpkg" }, "geometry": { "type": "MultiPolygon", "coordinates": [ [ [ [ 14.436813227822453, 53.900453842671723 ], [ 14.436790057826432, 53.900615469318382 ], [ 14.436773898493074, 53.90062914102112 ], [ 14.436683252888997, 53.900671845201948 ], [ 14.436478836563111, 53.90066666289772 ], [ 14.436402426380649, 53.900646446752503 ], [ 14.436301659038547, 53.900604641351414 ], [ 14.436254655124158, 53.900581328457527 ], [ 14.436153875362466, 53.900517868308803 ], [ 14.436056872711097, 53.900456402579898 ], [ 14.435880754648434, 53.900349728458465 ], [ 14.435843308474205, 53.900351080019398 ], [ 14.435711151816996, 53.900369328116042 ], [ 14.435494650754299, 53.900391672198332 ], [ 14.435160355127735, 53.900450301524387 ], [ 14.435128343353027, 53.900454823281443 ], [ 14.435427844767103, 53.901227799319194 ], [ 14.435278206047016, 53.901244706799176 ], [ 14.435579179970302, 53.901999359264586 ], [ 14.435754572934494, 53.90243129801862 ], [ 14.435843852475063, 53.902614568255146 ], [ 14.435935537425722, 53.902743578547664 ], [ 14.436082796331203, 53.903163613852186 ], [ 14.435961734330009, 53.903170862430848 ], [ 14.430277376196056, 53.894566656762528 ], [ 14.427222597792978, 53.889011777708788 ], [ 14.425043876381949, 53.885651186131895 ], [ 14.430778730577746, 53.88651028656502 ], [ 14.430768566168714, 53.886788244157572 ], [ 14.430810838842618, 53.886878567343381 ], [ 14.430805027764979, 53.886992833050918 ], [ 14.430772807816908, 53.887002204720318 ], [ 14.430665918916322, 53.887033146468461 ], [ 14.430685648179232, 53.887260209187033 ], [ 14.430693810424042, 53.8873535155019 ], [ 14.43067561301171, 53.887696488658243 ], [ 14.43075447477419, 53.88783658431548 ], [ 14.430851292359057, 53.887920157542993 ], [ 14.430901595815438, 53.887945644756854 ], [ 14.431182055635112, 53.887957936020953 ], [ 14.431486209271444, 53.888006369957793 ], [ 14.431884959247652, 53.888089305163838 ], [ 14.432066600113515, 53.888143088111512 ], [ 14.432226853432709, 53.88821500982732 ], [ 14.432281481645649, 53.888325518005928 ], [ 14.432282904015032, 53.888467492729163 ], [ 14.432075419761828, 53.889074547695728 ], [ 14.432007310762167, 53.889273969037163 ], [ 14.431904097784409, 53.889504582976159 ], [ 14.431175698719505, 53.890263358209083 ], [ 14.431313871001581, 53.89030399744194 ], [ 14.431310098633519, 53.890312964886498 ], [ 14.431107898727351, 53.890361156579495 ], [ 14.430987497017197, 53.89052402884235 ], [ 14.431035538116973, 53.890671525817368 ], [ 14.430961939106258, 53.890737039343144 ], [ 14.430873557439362, 53.890815781010687 ], [ 14.431109398124363, 53.890945209058991 ], [ 14.431222080880412, 53.891037213444655 ], [ 14.431331404389597, 53.891208631973569 ], [ 14.431161840238685, 53.891395981123885 ], [ 14.43117897719068, 53.891455814645724 ], [ 14.431520507094504, 53.891542972480558 ], [ 14.4317591926643, 53.891564049834798 ], [ 14.431820391637849, 53.89159408086239 ], [ 14.432135596799366, 53.891558642556731 ], [ 14.432445037290062, 53.891522008082184 ], [ 14.432541064099365, 53.891440246400023 ], [ 14.432899287272303, 53.891384433050249 ], [ 14.433208906469568, 53.89139065738955 ], [ 14.433386308643225, 53.891477843622127 ], [ 14.433530569816158, 53.891507367232968 ], [ 14.433608364662074, 53.891513844282954 ], [ 14.434018560096019, 53.891484240322988 ], [ 14.434195701016801, 53.891590922245982 ], [ 14.434224334780431, 53.891633288147638 ], [ 14.434226939184139, 53.891643184262605 ], [ 14.43423071855392, 53.891802601479178 ], [ 14.434246440504879, 53.891843648582579 ], [ 14.434324172347543, 53.89189990348784 ], [ 14.434466003640647, 53.891940556303339 ], [ 14.434564941863814, 53.891913347560454 ], [ 14.434616449645672, 53.891962829634636 ], [ 14.434610197537161, 53.892042859301675 ], [ 14.434646619926736, 53.892060462322142 ], [ 14.434785791281387, 53.892230670393502 ], [ 14.434858942655525, 53.892231913288633 ], [ 14.434925752808631, 53.892207068896155 ], [ 14.434995962591637, 53.892200840055956 ], [ 14.435040202869299, 53.892270414834776 ], [ 14.435008794276996, 53.892287069558186 ], [ 14.434900918064331, 53.892345325766286 ], [ 14.434928278016367, 53.892369445318927 ], [ 14.434939181281283, 53.892373090760088 ], [ 14.434976116761089, 53.892375241362025 ], [ 14.434978202663496, 53.892401039015773 ], [ 14.434960385461586, 53.892402482664785 ], [ 14.434935634935959, 53.892410452954557 ], [ 14.434968345444322, 53.892500280288715 ], [ 14.435083648997809, 53.892556801363092 ], [ 14.435246637055238, 53.892574190991311 ], [ 14.435355401241438, 53.892641912676993 ], [ 14.435661794208588, 53.892831865046858 ], [ 14.435841553139459, 53.892959492568927 ], [ 14.435984452167643, 53.893158469708261 ], [ 14.436224963453768, 53.89350813940775 ], [ 14.436491881862267, 53.893964498272496 ], [ 14.436702673284813, 53.894307647886976 ], [ 14.43687702384017, 53.894713792882875 ], [ 14.437034603754141, 53.895122913958197 ], [ 14.437327562955, 53.89588444393695 ], [ 14.437451535949034, 53.896644282898421 ], [ 14.437396416270293, 53.897089515861303 ], [ 14.437260734469064, 53.897257713801586 ], [ 14.43703066882637, 53.897294463384782 ], [ 14.436854389347777, 53.897415567230915 ], [ 14.43691548575503, 53.897454131159748 ], [ 14.436904741496789, 53.89746117915783 ], [ 14.43690546830322, 53.89746369845065 ], [ 14.436832779398872, 53.897506576818721 ], [ 14.436825489419578, 53.897505644094593 ], [ 14.436787445770095, 53.897506364171434 ], [ 14.436747825272846, 53.897511210077134 ], [ 14.436737211787568, 53.89758771504664 ], [ 14.436770950052621, 53.897590389203067 ], [ 14.436806394336511, 53.897590645321408 ], [ 14.436831318931796, 53.89759255929382 ], [ 14.436873266002699, 53.897595721189923 ], [ 14.436870823336497, 53.897618981661267 ], [ 14.436869758449733, 53.89761897666672 ], [ 14.436866481639001, 53.897625071301952 ], [ 14.43686505804062, 53.897640429488483 ], [ 14.436839355867352, 53.897639769818007 ], [ 14.436836414614866, 53.897654851326649 ], [ 14.43679216919764, 53.897720775595801 ], [ 14.436744389220992, 53.89772144998728 ], [ 14.436739831637713, 53.897811461314284 ], [ 14.436749860668739, 53.897857602952357 ], [ 14.436861821711052, 53.897858487543971 ], [ 14.436857538223018, 53.897973389438995 ], [ 14.4368481087053, 53.897973165505377 ], [ 14.436848796757541, 53.897989881390245 ], [ 14.436849953177532, 53.898017022419609 ], [ 14.436850707285826, 53.89807408260986 ], [ 14.436892120441124, 53.898173564405305 ], [ 14.436928365571388, 53.898193502048329 ], [ 14.436933110249218, 53.898236653736575 ], [ 14.436926464191453, 53.89833492174327 ], [ 14.436850985112732, 53.898336274951774 ], [ 14.436848969481863, 53.898395658325761 ], [ 14.436904077726888, 53.898404452824145 ], [ 14.436894351698205, 53.89848284887092 ], [ 14.436878993010501, 53.898584131010701 ], [ 14.437018121539205, 53.898703209692535 ], [ 14.437054093563994, 53.898913274929782 ], [ 14.437017556384314, 53.899220580517088 ], [ 14.436995509842623, 53.89933270351073 ], [ 14.436953480564917, 53.899448686323609 ], [ 14.436903452079804, 53.899548547922976 ], [ 14.43692213745457, 53.899618541166497 ], [ 14.43694199791415, 53.899657720347172 ], [ 14.436937187374614, 53.899687349268966 ], [ 14.436877981004406, 53.900073708931998 ], [ 14.436813227822453, 53.900453842671723 ] ] ] ] } },
{ "type": "Feature", "properties": { "fid": 24, "full_id": null, "osm_id": null, "osm_type": null, "name": null, "place": null, "wetland": null, "landuse": null, "wikipedia": null, "wikidata": null, "water": null, "type": null, "source:alt_name:pl": null, "part_of": null, "natural": null, "name:sk": null, "name:pl": null, "name:en": null, "name:de": null, "alt_name:pl": null, "alt_name:de": null, "wojewodztwo": "zachodniopomorskie", "powiat": "powiat kamieński", "gmina": "Międzyzdroje", "obreb": "Wicko", "arkusz": null, "nr_dzialki": "7/12", "teryt": "320704_5.0025.7/12", "pow_m2": 913930.74, "layer": "polnoc_zalewu", "path": "C:/RDOS_Monitoring_Lokalny/polnoc_zalewu.gpkg" }, "geometry": { "type": "MultiPolygon", "coordinates": [ [ [ [ 14.425043876381949, 53.885651186131895 ], [ 14.427222597792978, 53.889011777708788 ], [ 14.430277376196056, 53.894566656762528 ], [ 14.435961734330009, 53.903170862430848 ], [ 14.43410397167516, 53.902208871397711 ], [ 14.433919918341438, 53.902160022336872 ], [ 14.433783812716218, 53.901783435828129 ], [ 14.433531059160993, 53.901594450969519 ], [ 14.433584549169552, 53.901216961459291 ], [ 14.433763348844941, 53.900832605122737 ], [ 14.433647508829177, 53.90046545864309 ], [ 14.433194446928256, 53.90019340238613 ], [ 14.432565060223649, 53.899977118604966 ], [ 14.432445357566836, 53.899839796586072 ], [ 14.432166104140446, 53.899654097900942 ], [ 14.431971538614821, 53.899495126164979 ], [ 14.431454222195921, 53.89936284008278 ], [ 14.43139070126173, 53.899323722782178 ], [ 14.431070114882205, 53.899202160517056 ], [ 14.430671065643773, 53.899055246225167 ], [ 14.430614884214865, 53.899002325947592 ], [ 14.430474073894132, 53.89892986555072 ], [ 14.430227819933483, 53.898902909397393 ], [ 14.430173088165359, 53.898900043919497 ], [ 14.430315666595572, 53.898775375543828 ], [ 14.430280662857646, 53.898675562457861 ], [ 14.429947431463365, 53.898567055703154 ], [ 14.429488772906934, 53.898441059728455 ], [ 14.429271914066179, 53.898367337995779 ], [ 14.429184804822837, 53.898295490735592 ], [ 14.429082247343272, 53.898218538184842 ], [ 14.429040324541068, 53.898146636112934 ], [ 14.429067071192263, 53.898048374229631 ], [ 14.429054963918677, 53.897898621500204 ], [ 14.42900890878456, 53.897850870229206 ], [ 14.428811069575753, 53.897844178611926 ], [ 14.428496921622358, 53.897675826599091 ], [ 14.428388137714339, 53.897497938834491 ], [ 14.428161980171478, 53.89729235637774 ], [ 14.427912039594942, 53.897057188360954 ], [ 14.42759728321208, 53.896956310698265 ], [ 14.42752808584075, 53.896910065868262 ], [ 14.427275641238726, 53.896847312584683 ], [ 14.427236322315336, 53.896841194718249 ], [ 14.426731780783927, 53.896701581114563 ], [ 14.426379814150112, 53.896652098228792 ], [ 14.426409675589007, 53.896593387132903 ], [ 14.426529718034043, 53.896581560839941 ], [ 14.426826710048664, 53.896479378438073 ], [ 14.427082477323118, 53.896454721497292 ], [ 14.427122169087008, 53.896500286690575 ], [ 14.427557637378817, 53.896350781602358 ], [ 14.427658033855785, 53.896373813355069 ], [ 14.427918284333757, 53.896265882215594 ], [ 14.428009156351045, 53.89617313754291 ], [ 14.42787844310463, 53.896075293721232 ], [ 14.427802415368578, 53.895972319204326 ], [ 14.427680043359391, 53.895709454816242 ], [ 14.427727446346958, 53.895647143029777 ], [ 14.427796311739773, 53.895550519785395 ], [ 14.428010361746219, 53.895449915906148 ], [ 14.4280569603974, 53.895401886796115 ], [ 14.428008908568597, 53.895244414990685 ], [ 14.427701403879047, 53.894970065781521 ], [ 14.427532522926978, 53.894748940879801 ], [ 14.427373248087157, 53.894515192258659 ], [ 14.427293157264643, 53.894375897353463 ], [ 14.427168785258404, 53.894315461851505 ], [ 14.427002269566566, 53.894155357709316 ], [ 14.42699793432908, 53.89401633426872 ], [ 14.42688927889577, 53.893885798203073 ], [ 14.426902378174429, 53.893573261767251 ], [ 14.426829522463578, 53.893261213520169 ], [ 14.426604127975409, 53.893046556394083 ], [ 14.426412609352266, 53.892835475100071 ], [ 14.426107059123028, 53.89257595673886 ], [ 14.425929353821225, 53.892411754158417 ], [ 14.425588688610155, 53.892117652781664 ], [ 14.425672090715397, 53.891970333226524 ], [ 14.42562406442539, 53.891700993305754 ], [ 14.425421200911789, 53.891619154761571 ], [ 14.42550701453067, 53.891307056173524 ], [ 14.42580502324437, 53.891105952831929 ], [ 14.42585776266829, 53.891009253506148 ], [ 14.425777623777016, 53.890863218266041 ], [ 14.425782196019558, 53.89069611326093 ], [ 14.425698106499269, 53.890516543833023 ], [ 14.425652298010627, 53.890418384744365 ], [ 14.425674603431144, 53.890300334540555 ], [ 14.425773632089124, 53.890200082839954 ], [ 14.425601861167689, 53.890080924506876 ], [ 14.425449976004945, 53.889975878188196 ], [ 14.42516712808332, 53.889881795740514 ], [ 14.425136634216194, 53.889820549569663 ], [ 14.424918448021247, 53.889758674014843 ], [ 14.424515803232028, 53.889715501985606 ], [ 14.424338225023869, 53.889720491081903 ], [ 14.424298277118387, 53.889749591660987 ], [ 14.424130711567654, 53.889701165821421 ], [ 14.423890740869364, 53.889675035316245 ], [ 14.423495192085678, 53.889602691625349 ], [ 14.42311200676107, 53.889505247144271 ], [ 14.422792047490082, 53.889466779571684 ], [ 14.422531208314425, 53.889442972043462 ], [ 14.422369307870131, 53.889458276900051 ], [ 14.421934355952665, 53.889386816699243 ], [ 14.421663269338675, 53.889389195074138 ], [ 14.421666878247134, 53.889315083570125 ], [ 14.42130886564515, 53.889300778934327 ], [ 14.42098809129387, 53.88932151587727 ], [ 14.420709680128724, 53.889336615926823 ], [ 14.420684803017151, 53.889243677524917 ], [ 14.420456196167182, 53.889199085216497 ], [ 14.420259073149634, 53.889176658548081 ], [ 14.420172311344519, 53.88924704386929 ], [ 14.420132069766085, 53.889363119555796 ], [ 14.420008050367899, 53.889366923275063 ], [ 14.419814698332775, 53.889214945769297 ], [ 14.419652568287937, 53.889169954348631 ], [ 14.419673088389242, 53.888995289044026 ], [ 14.419272368293013, 53.88900071928802 ], [ 14.419149900386877, 53.888969486869208 ], [ 14.419056986300012, 53.888781423767554 ], [ 14.41871790246463, 53.888795506752395 ], [ 14.418526800973504, 53.888525740459386 ], [ 14.418698096532101, 53.888468974089136 ], [ 14.418818233714214, 53.888448799647101 ], [ 14.41876701435919, 53.888336324998349 ], [ 14.418508055289408, 53.888429776269568 ], [ 14.41848898241849, 53.888466972975117 ], [ 14.418394416530484, 53.888672099060379 ], [ 14.418493498367736, 53.888875827021316 ], [ 14.418366452838157, 53.888944308703756 ], [ 14.418050254635499, 53.888997047712614 ], [ 14.417707619167203, 53.889233677061732 ], [ 14.417779732370589, 53.889352992471295 ], [ 14.417695391109325, 53.889413054629379 ], [ 14.417796175290947, 53.889395662638123 ], [ 14.417773763606402, 53.889279014325773 ], [ 14.417929831184164, 53.889158109851387 ], [ 14.418188672386044, 53.889084516816077 ], [ 14.418361496392643, 53.889367044081311 ], [ 14.418473311707459, 53.889431561243725 ], [ 14.418275084464565, 53.889620101314009 ], [ 14.417953743726734, 53.889933119906445 ], [ 14.417819754357552, 53.889909917069424 ], [ 14.417859254207755, 53.889825826299251 ], [ 14.41749749898486, 53.889708520375024 ], [ 14.417206028422049, 53.889798306816289 ], [ 14.416978070150776, 53.889794594248634 ], [ 14.416855120378811, 53.889623096281987 ], [ 14.416599048810019, 53.889694004310748 ], [ 14.416458855556273, 53.889821453649866 ], [ 14.416870160336382, 53.889941339573134 ], [ 14.416544210046883, 53.890060159224731 ], [ 14.416444135524145, 53.890310363289181 ], [ 14.415778673453563, 53.890559883883427 ], [ 14.415418324869409, 53.890734152223942 ], [ 14.415123860889768, 53.890688869670683 ], [ 14.415000944113753, 53.890722325157732 ], [ 14.41471488722315, 53.890587049645255 ], [ 14.414625447316219, 53.89067404075724 ], [ 14.414521496967831, 53.890667333990976 ], [ 14.414347572748365, 53.890780509409389 ], [ 14.414211416067337, 53.890825221007006 ], [ 14.413982726336664, 53.89103651793377 ], [ 14.414537558722804, 53.891128898408844 ], [ 14.414428750568778, 53.891469630220357 ], [ 14.414118484812381, 53.891618530767808 ], [ 14.413752896423782, 53.891644331054486 ], [ 14.413841140317384, 53.891947477358393 ], [ 14.413776795427816, 53.892099644063585 ], [ 14.413544960318951, 53.892285047054067 ], [ 14.413257941249618, 53.892446099259104 ], [ 14.413123892592425, 53.892481025930053 ], [ 14.412977352816618, 53.892593165123358 ], [ 14.412781100431928, 53.892616286042198 ], [ 14.412541757913042, 53.892696522140582 ], [ 14.41234263198923, 53.892729242575086 ], [ 14.41201970620533, 53.892781842965952 ], [ 14.411555217992364, 53.892678482402644 ], [ 14.411215196425019, 53.892789311564052 ], [ 14.410887436048096, 53.892796149924521 ], [ 14.410609821613573, 53.89282839247435 ], [ 14.410453879265624, 53.892883874923236 ], [ 14.410133873340062, 53.892901711397009 ], [ 14.409821946899363, 53.892864327015054 ], [ 14.40952686517036, 53.892883811894727 ], [ 14.409563229933077, 53.892732138820371 ], [ 14.409395913881996, 53.89263400482875 ], [ 14.409243543437794, 53.892846027570208 ], [ 14.409036204196225, 53.892932344477572 ], [ 14.408608104153855, 53.893021078065608 ], [ 14.408445705498591, 53.89314571307866 ], [ 14.40833188102912, 53.893342290120657 ], [ 14.412271343383241, 53.883737008179658 ], [ 14.425043876381949, 53.885651186131895 ] ] ] ] } },
{ "type": "Feature", "properties": { "fid": 25, "full_id": null, "osm_id": null, "osm_type": null, "name": null, "place": null, "wetland": null, "landuse": null, "wikipedia": null, "wikidata": null, "water": null, "type": null, "source:alt_name:pl": null, "part_of": null, "natural": null, "name:sk": null, "name:pl": null, "name:en": null, "name:de": null, "alt_name:pl": null, "alt_name:de": null, "wojewodztwo": "zachodniopomorskie", "powiat": "powiat kamieński", "gmina": "Międzyzdroje", "obreb": "Wapnica", "arkusz": null, "nr_dzialki": "269/11", "teryt": "320704_5.0023.269/11", "pow_m2": 232521.79, "layer": "polnoc_zalewu", "path": "C:/RDOS_Monitoring_Lokalny/polnoc_zalewu.gpkg" }, "geometry": { "type": "MultiPolygon", "coordinates": [ [ [ [ 14.425220219899213, 53.877463609654562 ], [ 14.425182380293355, 53.87792752104351 ], [ 14.42516199865682, 53.878238316033823 ], [ 14.42514530890152, 53.878279928062412 ], [ 14.425231091305781, 53.878400652467327 ], [ 14.425252356424341, 53.878524392488728 ], [ 14.425217655883582, 53.878814812042826 ], [ 14.42515914488679, 53.879111586993908 ], [ 14.425148525298296, 53.879165178579584 ], [ 14.425099321831063, 53.879271149582138 ], [ 14.424971116679574, 53.879360568546744 ], [ 14.424838534971061, 53.879425346591653 ], [ 14.424656228366645, 53.879467782253066 ], [ 14.424524702544382, 53.87947775448017 ], [ 14.424509842245934, 53.879507873958296 ], [ 14.424440240729119, 53.879515537204774 ], [ 14.424154313419931, 53.879440576039968 ], [ 14.423994322469039, 53.879441515652005 ], [ 14.423867245025455, 53.879481878931685 ], [ 14.423570806473395, 53.879773197973257 ], [ 14.423379081588902, 53.879759428138875 ], [ 14.423356926353984, 53.879767049099669 ], [ 14.423352851598954, 53.879786887112289 ], [ 14.423368973839814, 53.879797746958786 ], [ 14.423545663327433, 53.879810096807375 ], [ 14.423766140413457, 53.879812053905276 ], [ 14.423880788754529, 53.879813053466712 ], [ 14.424528849258044, 53.879973135761617 ], [ 14.424350825303534, 53.879980368988484 ], [ 14.423944435619765, 53.879973118134068 ], [ 14.423942729279716, 53.879953432066742 ], [ 14.423550328421793, 53.879946336860051 ], [ 14.423529221487337, 53.879955130979944 ], [ 14.4235281880404, 53.879974983602956 ], [ 14.423532095931209, 53.879978326942961 ], [ 14.4235365948169, 53.879993983027099 ], [ 14.423550427598018, 53.880005460827356 ], [ 14.423593232511065, 53.880000185320661 ], [ 14.423669116658854, 53.880011242220078 ], [ 14.423719570779287, 53.880046886657318 ], [ 14.423831150474506, 53.880083094037218 ], [ 14.42440787242367, 53.88008963462439 ], [ 14.424640114376837, 53.880176288354662 ], [ 14.424710891749498, 53.880293526741433 ], [ 14.424810746243169, 53.880707689912256 ], [ 14.425034326237299, 53.881049125339935 ], [ 14.425206985406289, 53.881156158807073 ], [ 14.425448777512392, 53.881356521094411 ], [ 14.425640127696832, 53.881631219783465 ], [ 14.425713041739062, 53.88181486934559 ], [ 14.425723975383333, 53.881960304276326 ], [ 14.426089049539158, 53.882109679149856 ], [ 14.426125029576479, 53.882147589539521 ], [ 14.426183293894683, 53.882190728077482 ], [ 14.426265489479553, 53.882329854417861 ], [ 14.426321099980667, 53.882622412905526 ], [ 14.426359744210943, 53.882787927603069 ], [ 14.426439952786803, 53.882850129909905 ], [ 14.426466501547209, 53.882921600252288 ], [ 14.426453344008006, 53.883105107621191 ], [ 14.42641625138018, 53.883203948697826 ], [ 14.426350618677169, 53.883276775642464 ], [ 14.426348253697366, 53.883349545487114 ], [ 14.426490450828059, 53.883449692473569 ], [ 14.427035993795206, 53.883359658816367 ], [ 14.427071386951697, 53.883296031922242 ], [ 14.427362498320415, 53.883038463821357 ], [ 14.427946733081647, 53.882921025644102 ], [ 14.428025316845554, 53.882968752766203 ], [ 14.428368651113294, 53.883051885059118 ], [ 14.428316588081342, 53.883423449916862 ], [ 14.428275151959312, 53.883528830156351 ], [ 14.428339301177152, 53.883586821442613 ], [ 14.428358032378071, 53.883607307327971 ], [ 14.428366384366953, 53.883619387434585 ], [ 14.428620582591298, 53.883804347501808 ], [ 14.428780065485659, 53.883886513523642 ], [ 14.428955131373671, 53.884108654958425 ], [ 14.429094239252505, 53.884302231502218 ], [ 14.429156683281818, 53.884440902436587 ], [ 14.429123353579378, 53.884442541008305 ], [ 14.429124192604426, 53.884447936192437 ], [ 14.429274406830096, 53.884440383935427 ], [ 14.429380298118438, 53.884415279143759 ], [ 14.429438118179617, 53.884402165834274 ], [ 14.4295687364903, 53.88437052925795 ], [ 14.42963684282719, 53.884428538638986 ], [ 14.429423098018756, 53.884477661015929 ], [ 14.429419468070984, 53.884487347912234 ], [ 14.429293673868203, 53.884510920469495 ], [ 14.429117309451419, 53.884528951078636 ], [ 14.429218236366486, 53.88458918339429 ], [ 14.429289443789983, 53.884631663105857 ], [ 14.429690936681949, 53.884845624774456 ], [ 14.430030976442771, 53.885149955230276 ], [ 14.430186456240856, 53.88524746524223 ], [ 14.430629081603389, 53.885535568152612 ], [ 14.430639942505728, 53.885900333844546 ], [ 14.430817823758327, 53.886319623725804 ], [ 14.430778730577746, 53.88651028656502 ], [ 14.425043876381949, 53.885651186131895 ], [ 14.424167392791961, 53.884299006639274 ], [ 14.42103922684178, 53.87678219590736 ], [ 14.425220219899213, 53.877463609654562 ] ] ] ] } },
{ "type": "Feature", "properties": { "fid": 26, "full_id": null, "osm_id": null, "osm_type": null, "name": null, "place": null, "wetland": null, "landuse": null, "wikipedia": null, "wikidata": null, "water": null, "type": null, "source:alt_name:pl": null, "part_of": null, "natural": null, "name:sk": null, "name:pl": null, "name:en": null, "name:de": null, "alt_name:pl": null, "alt_name:de": null, "wojewodztwo": "zachodniopomorskie", "powiat": "powiat kamieński", "gmina": "Międzyzdroje", "obreb": "Lubin", "arkusz": null, "nr_dzialki": "163/18", "teryt": "320704_5.0024.163/18", "pow_m2": 1121895.89, "layer": "polnoc_zalewu", "path": "C:/RDOS_Monitoring_Lokalny/polnoc_zalewu.gpkg" }, "geometry": { "type": "MultiPolygon", "coordinates": [ [ [ [ 14.422378410465223, 53.85507697613825 ], [ 14.441352391245291, 53.862943447901607 ], [ 14.44134125802287, 53.862980415721118 ], [ 14.440871126597512, 53.862818017641111 ], [ 14.440668089067792, 53.862791643032935 ], [ 14.440193641294046, 53.862770741444059 ], [ 14.4400716976869, 53.862727582029471 ], [ 14.440083149511988, 53.862678216025955 ], [ 14.440046373913836, 53.862677415476902 ], [ 14.440041321649188, 53.862725643239592 ], [ 14.439843205864266, 53.86271780001951 ], [ 14.439855217223728, 53.86262656491234 ], [ 14.439826070470129, 53.862623643416427 ], [ 14.43981773431382, 53.862690096106 ], [ 14.439661369515145, 53.862686131444768 ], [ 14.43965838255637, 53.862648019610184 ], [ 14.43962792735436, 53.862652010677685 ], [ 14.439628985590456, 53.862675197824771 ], [ 14.43956739438619, 53.862677246426301 ], [ 14.439399504089948, 53.862671250826565 ], [ 14.439394215978428, 53.862680211477034 ], [ 14.439369482222741, 53.862722416946824 ], [ 14.439298988433109, 53.862730893277281 ], [ 14.438512487928886, 53.862697025528099 ], [ 14.438323861199049, 53.862673050558755 ], [ 14.438292478693651, 53.862655472103555 ], [ 14.438021035857982, 53.862652044901829 ], [ 14.437904835979728, 53.862668213497322 ], [ 14.437248494397688, 53.862654265488274 ], [ 14.437116944644899, 53.862670181639309 ], [ 14.436845909596023, 53.862659026289094 ], [ 14.43674319638799, 53.862644347430347 ], [ 14.436462852464565, 53.862715093942697 ], [ 14.436325838336776, 53.8627529976836 ], [ 14.436137810298629, 53.862763705549717 ], [ 14.435752316855396, 53.862819939199476 ], [ 14.435285961708752, 53.862875521604558 ], [ 14.435024385479529, 53.862929460604477 ], [ 14.434780051263242, 53.862955985056885 ], [ 14.434390252018389, 53.862959270329334 ], [ 14.434165261065827, 53.863005472759028 ], [ 14.433784326325375, 53.863095236956013 ], [ 14.433139270859513, 53.863269293326077 ], [ 14.432513346533398, 53.863410909716308 ], [ 14.432082439707951, 53.86347473411557 ], [ 14.43204406146099, 53.86353610217833 ], [ 14.431743948179667, 53.863606384718757 ], [ 14.431408354128626, 53.863714776030449 ], [ 14.431228667922912, 53.86374887765438 ], [ 14.430906401357774, 53.863927955601945 ], [ 14.43059458535034, 53.864020104045224 ], [ 14.430076002665736, 53.864170034217651 ], [ 14.42966901860394, 53.864251215444881 ], [ 14.429259238172293, 53.864336694966283 ], [ 14.428884234335818, 53.864402301242315 ], [ 14.428646256076414, 53.864430011568828 ], [ 14.428450346019881, 53.864427191855491 ], [ 14.427876750126234, 53.864418977881094 ], [ 14.427807222117101, 53.864411997265165 ], [ 14.427636812755702, 53.864356284204817 ], [ 14.427488891805602, 53.864457203049106 ], [ 14.427456175562487, 53.86451527207894 ], [ 14.42732794912405, 53.864554285730044 ], [ 14.427270178646864, 53.864599116543701 ], [ 14.427178588242047, 53.864615841470041 ], [ 14.427088753528631, 53.864615322827348 ], [ 14.426945224605577, 53.86462829534981 ], [ 14.426851680700764, 53.864665587160943 ], [ 14.426803951559721, 53.864720888713023 ], [ 14.426492026565292, 53.864842138545207 ], [ 14.426327180338143, 53.864946479370282 ], [ 14.426325595480899, 53.865006763520483 ], [ 14.426297351724006, 53.86512667284574 ], [ 14.426235383259273, 53.865200415933757 ], [ 14.426199308403199, 53.865314896583698 ], [ 14.426113692416974, 53.86538367445948 ], [ 14.426012696388968, 53.865421019838038 ], [ 14.425754780746272, 53.86548313285126 ], [ 14.425642280036406, 53.865527970570653 ], [ 14.425335497326181, 53.865561724666051 ], [ 14.425110674959544, 53.865571699986056 ], [ 14.424914347471315, 53.865610025433419 ], [ 14.424858562226932, 53.865642824225688 ], [ 14.424849927669662, 53.865684924157513 ], [ 14.424705822335008, 53.865772829096599 ], [ 14.424742939981163, 53.865837521843751 ], [ 14.424745128090398, 53.865855323331097 ], [ 14.424690639839801, 53.865882197928109 ], [ 14.424731143982452, 53.86602139548895 ], [ 14.424704336274546, 53.866113816133385 ], [ 14.424603241440973, 53.866246764010661 ], [ 14.424415108805883, 53.866407688145195 ], [ 14.424026635725275, 53.866577624483973 ], [ 14.423881336309552, 53.866641441955323 ], [ 14.423277318329532, 53.866709705095708 ], [ 14.422960628418453, 53.866700365690953 ], [ 14.422863249000477, 53.866717508767699 ], [ 14.422907238291556, 53.866824017010551 ], [ 14.422881243339804, 53.867011685892194 ], [ 14.422820325811973, 53.867030531762431 ], [ 14.422818859332157, 53.867214365022456 ], [ 14.422763410399766, 53.867332884718586 ], [ 14.42264420514848, 53.867477604503151 ], [ 14.422571161136302, 53.86758211217213 ], [ 14.422471601954438, 53.86765800864832 ], [ 14.422357250360559, 53.86770409233641 ], [ 14.422268481489555, 53.867824338358481 ], [ 14.422267460087852, 53.867898462593217 ], [ 14.422358705134178, 53.867984711869703 ], [ 14.422370994424721, 53.868019634177159 ], [ 14.42246715322103, 53.868146520803428 ], [ 14.422560060822608, 53.868421200727887 ], [ 14.422611747970016, 53.868642219445007 ], [ 14.422595494769304, 53.868751582823258 ], [ 14.422622605953929, 53.868946695338884 ], [ 14.422597016116788, 53.869292418344934 ], [ 14.422622504349059, 53.869517084833205 ], [ 14.422683545579604, 53.869577849849655 ], [ 14.422680179661709, 53.869689791106232 ], [ 14.422635881736809, 53.869726957079138 ], [ 14.422635312766383, 53.869834508965276 ], [ 14.422670346294758, 53.870194091411982 ], [ 14.422726730761028, 53.870206672533477 ], [ 14.422894714015333, 53.870362567434817 ], [ 14.422962079675829, 53.870494167243741 ], [ 14.422970307063352, 53.870581274812565 ], [ 14.423103399847506, 53.870831078249573 ], [ 14.423159798797316, 53.870875826775126 ], [ 14.423184591790747, 53.87093030727177 ], [ 14.423199005916166, 53.871042962932542 ], [ 14.423185083425174, 53.871049275622823 ], [ 14.422863841124645, 53.871357186746913 ], [ 14.422659353720942, 53.871489096605139 ], [ 14.422564972516701, 53.871663048159981 ], [ 14.422592872236873, 53.87181206955475 ], [ 14.422598181321018, 53.871868163650561 ], [ 14.422605968044858, 53.87188787901492 ], [ 14.422656180357643, 53.872006547399032 ], [ 14.422719559432249, 53.872206955871249 ], [ 14.422854102114977, 53.872561535598606 ], [ 14.422986902433875, 53.872821940369761 ], [ 14.422965539432195, 53.872827498438369 ], [ 14.422966276114828, 53.87282920919521 ], [ 14.423021233526237, 53.872923639786485 ], [ 14.423072066521817, 53.87299738423642 ], [ 14.423112395474973, 53.873083118540372 ], [ 14.423132920323354, 53.873127425073548 ], [ 14.42318911346762, 53.873176305830107 ], [ 14.423266762538482, 53.873301305656838 ], [ 14.423255168087829, 53.873304125256574 ], [ 14.423381976842547, 53.873503041014658 ], [ 14.423385179544603, 53.873502337572553 ], [ 14.42338860598956, 53.873507475677968 ], [ 14.423384791424141, 53.873508445741138 ], [ 14.423522606439722, 53.873725295044117 ], [ 14.42364198001582, 53.873912224294095 ], [ 14.423645333549784, 53.873911611422734 ], [ 14.423648760059782, 53.873916749520511 ], [ 14.423645404054691, 53.873917542086971 ], [ 14.423659686143933, 53.873940433432288 ], [ 14.423671427843052, 53.873937973914124 ], [ 14.423675594795235, 53.873944553221001 ], [ 14.423706374180357, 53.873995108769023 ], [ 14.423707712899537, 53.873997271678441 ], [ 14.423697646103088, 53.873999559534916 ], [ 14.423712522823582, 53.874023442116048 ], [ 14.423716181682041, 53.874022740855146 ], [ 14.423719608209716, 53.874027878950855 ], [ 14.423716254667521, 53.874028491824312 ], [ 14.423798547279926, 53.874158814927569 ], [ 14.423883985115623, 53.87429265734955 ], [ 14.423887187869788, 53.874291953894293 ], [ 14.423890309121976, 53.874297180373006 ], [ 14.423886801049203, 53.874297972216361 ], [ 14.423889783843741, 53.874302209642991 ], [ 14.423902126698502, 53.874322396047518 ], [ 14.423904213298586, 53.874325461078122 ], [ 14.423904788280426, 53.874338941849572 ], [ 14.423903699290546, 53.874340733691234 ], [ 14.42390138779148, 53.874342968932552 ], [ 14.42390336804014, 53.874342708876483 ], [ 14.423876029205486, 53.874362614972071 ], [ 14.423828424434239, 53.874396710477065 ], [ 14.423742617249497, 53.874411393936413 ], [ 14.423720702295119, 53.874423868202427 ], [ 14.423647545492264, 53.874447417962067 ], [ 14.42363973830107, 53.874462296141118 ], [ 14.423667319814683, 53.87446898787433 ], [ 14.423764405325342, 53.874441329867615 ], [ 14.423979008323727, 53.87442609643859 ], [ 14.424109222923297, 53.874610022201068 ], [ 14.423877429686554, 53.874636854301052 ], [ 14.423672042993049, 53.874612057181459 ], [ 14.423618202378128, 53.874590952668427 ], [ 14.423581586023102, 53.874588889915266 ], [ 14.42356654374268, 53.874599150821211 ], [ 14.423592124139978, 53.874618681999017 ], [ 14.423632970625034, 53.874633793805188 ], [ 14.423736394607207, 53.874653878416368 ], [ 14.423788774590296, 53.874703818808072 ], [ 14.423904105272598, 53.874731597969983 ], [ 14.424030592817303, 53.874799505174828 ], [ 14.424254753340227, 53.874974177349628 ], [ 14.424362411578779, 53.875117830151332 ], [ 14.424473723052653, 53.875205881115413 ], [ 14.424676574488746, 53.875548566005541 ], [ 14.42487562270351, 53.875847293998547 ], [ 14.424920413826932, 53.875885336872699 ], [ 14.42509778310504, 53.87615736400921 ], [ 14.425386952961155, 53.876604331504588 ], [ 14.425227064398861, 53.876798188412764 ], [ 14.425167064792308, 53.87699306261586 ], [ 14.425186140113491, 53.877265319803271 ], [ 14.425220219899213, 53.877463609654562 ], [ 14.42103922684178, 53.87678219590736 ], [ 14.417892364757703, 53.870024013982849 ], [ 14.420367570650026, 53.863982739524815 ], [ 14.420581460981072, 53.863036176361824 ], [ 14.422378410465223, 53.85507697613825 ] ] ] ] } },
{ "type": "Feature", "properties": { "fid": 27, "full_id": null, "osm_id": null, "osm_type": null, "name": null, "place": null, "wetland": null, "landuse": null, "wikipedia": null, "wikidata": null, "water": null, "type": null, "source:alt_name:pl": null, "part_of": null, "natural": null, "name:sk": null, "name:pl": null, "name:en": null, "name:de": null, "alt_name:pl": null, "alt_name:de": null, "wojewodztwo": "zachodniopomorskie", "powiat": "powiat kamieński", "gmina": "Międzyzdroje", "obreb": "Lubin", "arkusz": null, "nr_dzialki": "153/1", "teryt": "320704_5.0024.153/1", "pow_m2": 126877.91, "layer": "polnoc_zalewu", "path": "C:/RDOS_Monitoring_Lokalny/polnoc_zalewu.gpkg" }, "geometry": { "type": "MultiPolygon", "coordinates": [ [ [ [ 14.417892364757703, 53.870024013982849 ], [ 14.42103922684178, 53.87678219590736 ], [ 14.415493253596461, 53.875878079409617 ], [ 14.417892364757703, 53.870024013982849 ] ] ] ] } },
{ "type": "Feature", "properties": { "fid": 28, "full_id": null, "osm_id": null, "osm_type": null, "name": null, "place": null, "wetland": null, "landuse": null, "wikipedia": null, "wikidata": null, "water": null, "type": null, "source:alt_name:pl": null, "part_of": null, "natural": null, "name:sk": null, "name:pl": null, "name:en": null, "name:de": null, "alt_name:pl": null, "alt_name:de": null, "wojewodztwo": "zachodniopomorskie", "powiat": "powiat Świnoujście", "gmina": "Świnoujście (miasto)", "obreb": "Przytór 18", "arkusz": null, "nr_dzialki": "558/2", "teryt": "326301_1.0018.558/2", "pow_m2": 56234.9, "layer": "polnoc_zalewu", "path": "C:/RDOS_Monitoring_Lokalny/polnoc_zalewu.gpkg" }, "geometry": { "type": "MultiPolygon", "coordinates": [ [ [ [ 14.420367606627018, 53.863982701576191 ], [ 14.417892375032388, 53.870024036243578 ], [ 14.417779372735163, 53.869291383973717 ], [ 14.417779521688544, 53.864326049648156 ], [ 14.420367606627018, 53.863982701576191 ] ] ] ] } },
{ "type": "Feature", "properties": { "fid": 29, "full_id": null, "osm_id": null, "osm_type": null, "name": null, "place": null, "wetland": null, "landuse": null, "wikipedia": null, "wikidata": null, "water": null, "type": null, "source:alt_name:pl": null, "part_of": null, "natural": null, "name:sk": null, "name:pl": null, "name:en": null, "name:de": null, "alt_name:pl": null, "alt_name:de": null, "wojewodztwo": "zachodniopomorskie", "powiat": "powiat Świnoujście", "gmina": "Świnoujście (miasto)", "obreb": "Przytór 18", "arkusz": null, "nr_dzialki": "572", "teryt": "326301_1.0018.572", "pow_m2": 273773.39, "layer": "polnoc_zalewu", "path": "C:/RDOS_Monitoring_Lokalny/polnoc_zalewu.gpkg" }, "geometry": { "type": "MultiPolygon", "coordinates": [ [ [ [ 14.382131390171264, 53.859997696150167 ], [ 14.384596756535229, 53.86211581007143 ], [ 14.385218279647168, 53.862465628380335 ], [ 14.385975272515488, 53.86305755233122 ], [ 14.38682162051056, 53.863631640284154 ], [ 14.388373516649811, 53.864794710006521 ], [ 14.388591257375577, 53.864644814815513 ], [ 14.389068412496906, 53.864920438960553 ], [ 14.389030685385173, 53.865208219365691 ], [ 14.38930255647867, 53.865287866817624 ], [ 14.387723617365507, 53.867140612690854 ], [ 14.3847757452733, 53.864923030679719 ], [ 14.384374296490432, 53.864702086779033 ], [ 14.382654682360194, 53.86340133720482 ], [ 14.380855457978907, 53.862061959037291 ], [ 14.380551091471951, 53.861748720696227 ], [ 14.377907410229911, 53.85981002779544 ], [ 14.376261121241411, 53.857855356924006 ], [ 14.374249798591523, 53.856291849325579 ], [ 14.378925419557357, 53.85666845538838 ], [ 14.3792684500629, 53.857310707131539 ], [ 14.379503802105818, 53.857413854470927 ], [ 14.379596739640576, 53.857678417176857 ], [ 14.37996880248115, 53.858124403846858 ], [ 14.381128203664082, 53.859039836305797 ], [ 14.381212718521219, 53.859317699463304 ], [ 14.382131390171264, 53.859997696150167 ] ] ] ] } },
{ "type": "Feature", "properties": { "fid": 30, "full_id": null, "osm_id": null, "osm_type": null, "name": null, "place": null, "wetland": null, "landuse": null, "wikipedia": null, "wikidata": null, "water": null, "type": null, "source:alt_name:pl": null, "part_of": null, "natural": null, "name:sk": null, "name:pl": null, "name:en": null, "name:de": null, "alt_name:pl": null, "alt_name:de": null, "wojewodztwo": "zachodniopomorskie", "powiat": "powiat Świnoujście", "gmina": "Świnoujście (miasto)", "obreb": "Karsibór 19", "arkusz": null, "nr_dzialki": "786", "teryt": "326301_1.0019.786", "pow_m2": 61338.3, "layer": "polnoc_zalewu", "path": "C:/RDOS_Monitoring_Lokalny/polnoc_zalewu.gpkg" }, "geometry": { "type": "MultiPolygon", "coordinates": [ [ [ [ 14.401889004975221, 53.858862915595452 ], [ 14.402533100349332, 53.859026934533944 ], [ 14.403230763624194, 53.859217464608889 ], [ 14.404017763137736, 53.859453710678132 ], [ 14.40560033539556, 53.859653326146969 ], [ 14.406136748444208, 53.859650914200564 ], [ 14.406561349151728, 53.859577750768729 ], [ 14.407017376066806, 53.859424439925839 ], [ 14.40731284639555, 53.859218744145956 ], [ 14.407818731997763, 53.858584340296233 ], [ 14.408017348842741, 53.85836090376948 ], [ 14.408292619447218, 53.858247911954891 ], [ 14.408688250667705, 53.858318144914293 ], [ 14.408869375393392, 53.85850007694723 ], [ 14.408716830343822, 53.858750763933948 ], [ 14.407789939229067, 53.85949878641685 ], [ 14.406674569030873, 53.860011213554301 ], [ 14.40552314113334, 53.860064505952259 ], [ 14.404540172123209, 53.859978844512135 ], [ 14.403513970694826, 53.859820312784954 ], [ 14.403026530207674, 53.859668235873869 ], [ 14.401842674095574, 53.859330055348686 ], [ 14.40062859335281, 53.859158074188869 ], [ 14.399996482402706, 53.859092573123412 ], [ 14.399383080997714, 53.85906622462506 ], [ 14.398749496974331, 53.859105246604891 ], [ 14.397916772781405, 53.859118273193928 ], [ 14.396142514790352, 53.859118478748634 ], [ 14.395280712749342, 53.858946186310874 ], [ 14.394812037156072, 53.858815791390057 ], [ 14.39438988383243, 53.858739451378227 ], [ 14.393796076035949, 53.858620806200335 ], [ 14.393335392922763, 53.858613751737479 ], [ 14.393261260751853, 53.8586319184774 ], [ 14.392519428828189, 53.85735186587975 ], [ 14.394350182616433, 53.857938147005953 ], [ 14.395074564930976, 53.858236115477169 ], [ 14.395653597741024, 53.858440653829312 ], [ 14.396288042316598, 53.858641988047431 ], [ 14.396899953941448, 53.858772881789044 ], [ 14.39754711255878, 53.858755202664184 ], [ 14.399582139635354, 53.8587066921312 ], [ 14.401238327983766, 53.858758448466574 ], [ 14.401889004975221, 53.858862915595452 ] ] ] ] } },
{ "type": "Feature", "properties": { "fid": 31, "full_id": null, "osm_id": null, "osm_type": null, "name": null, "place": null, "wetland": null, "landuse": null, "wikipedia": null, "wikidata": null, "water": null, "type": null, "source:alt_name:pl": null, "part_of": null, "natural": null, "name:sk": null, "name:pl": null, "name:en": null, "name:de": null, "alt_name:pl": null, "alt_name:de": null, "wojewodztwo": "zachodniopomorskie", "powiat": "powiat Świnoujście", "gmina": "Świnoujście (miasto)", "obreb": "Karsibór 19", "arkusz": null, "nr_dzialki": "785", "teryt": "326301_1.0019.785", "pow_m2": 32293.43, "layer": "polnoc_zalewu", "path": "C:/RDOS_Monitoring_Lokalny/polnoc_zalewu.gpkg" }, "geometry": { "type": "MultiPolygon", "coordinates": [ [ [ [ 14.412561260892147, 53.856085405755927 ], [ 14.411453362740939, 53.856651620821296 ], [ 14.410710357111748, 53.85709597717338 ], [ 14.40993573135621, 53.857702106671631 ], [ 14.409634566996424, 53.85772247804821 ], [ 14.409382178866775, 53.857642758472025 ], [ 14.409214474435167, 53.857509397183854 ], [ 14.409227326506421, 53.857390189311673 ], [ 14.410211296456584, 53.856681960358841 ], [ 14.411323144602974, 53.856020181344824 ], [ 14.411663378192619, 53.855864531552726 ], [ 14.411992186577185, 53.855778041819534 ], [ 14.412323666236365, 53.855618784685433 ], [ 14.413013275867941, 53.855533341246989 ], [ 14.414186341309795, 53.855228438376926 ], [ 14.414704615231766, 53.855050909418097 ], [ 14.415202902542209, 53.854857123578661 ], [ 14.415409729362102, 53.854718994027721 ], [ 14.415651530898019, 53.854595643966185 ], [ 14.416211797098462, 53.854486534161857 ], [ 14.416537584038917, 53.854581757737058 ], [ 14.416584409257966, 53.854749543681777 ], [ 14.416694810862152, 53.854870330824973 ], [ 14.416508740322964, 53.855137925697989 ], [ 14.41565216972821, 53.855284969792102 ], [ 14.414791492630819, 53.855582152820382 ], [ 14.413653428036623, 53.855820117690662 ], [ 14.412561260892147, 53.856085405755927 ] ] ] ] } },
{ "type": "Feature", "properties": { "fid": 32, "full_id": null, "osm_id": null, "osm_type": null, "name": null, "place": null, "wetland": null, "landuse": null, "wikipedia": null, "wikidata": null, "water": null, "type": null, "source:alt_name:pl": null, "part_of": null, "natural": null, "name:sk": null, "name:pl": null, "name:en": null, "name:de": null, "alt_name:pl": null, "alt_name:de": null, "wojewodztwo": "zachodniopomorskie", "powiat": "powiat Świnoujście", "gmina": "Świnoujście (miasto)", "obreb": "Karsibór 19", "arkusz": null, "nr_dzialki": "780/1", "teryt": "326301_1.0019.780/1", "pow_m2": 3134518.85, "layer": "polnoc_zalewu", "path": "C:/RDOS_Monitoring_Lokalny/polnoc_zalewu.gpkg" }, "geometry": { "type": "MultiPolygon", "coordinates": [ [ [ [ 14.385768070174818, 53.831765245747654 ], [ 14.426003376312485, 53.839010657980644 ], [ 14.422378337497134, 53.855076985460748 ], [ 14.42058138514197, 53.863036186598173 ], [ 14.417779537525318, 53.863736534936862 ], [ 14.417779521688544, 53.864326049648156 ], [ 14.416363697625721, 53.864513823091343 ], [ 14.413366020286496, 53.864688213022269 ], [ 14.415261804644192, 53.863287832793731 ], [ 14.415523095818289, 53.862876753111259 ], [ 14.415548440634444, 53.862692901943035 ], [ 14.415234860710017, 53.86222905432254 ], [ 14.415118294611952, 53.861646284373514 ], [ 14.415334405448753, 53.861348501407186 ], [ 14.415398785941152, 53.860534889337558 ], [ 14.415387074055403, 53.859805766106504 ], [ 14.415273185307028, 53.859150139818901 ], [ 14.414765132186362, 53.857467010555865 ], [ 14.414726267940873, 53.85666798322994 ], [ 14.414954281933044, 53.856110538679609 ], [ 14.415222352810003, 53.855916550298161 ], [ 14.415592238495567, 53.855812416311835 ], [ 14.416081277440414, 53.85580552237753 ], [ 14.416613547461465, 53.855953208523445 ], [ 14.416908270616878, 53.856019710341073 ], [ 14.417057924547214, 53.855896258744195 ], [ 14.416824365742604, 53.85530674238283 ], [ 14.416727549491377, 53.855207286379091 ], [ 14.416508740322964, 53.855137925697989 ], [ 14.416694810862152, 53.854870330824973 ], [ 14.417073265950616, 53.854824276889559 ], [ 14.417460627884941, 53.854700375096833 ], [ 14.418015134582854, 53.854433077539845 ], [ 14.418239604408589, 53.854247852985608 ], [ 14.418201524250961, 53.854056520959027 ], [ 14.418123610753454, 53.853887256606129 ], [ 14.418750583491859, 53.853522171049576 ], [ 14.418748420296795, 53.853377195528282 ], [ 14.41818899562824, 53.853186947016589 ], [ 14.417723580189296, 53.853168824869485 ], [ 14.417340639849183, 53.853061044138478 ], [ 14.41698786556014, 53.852841439706175 ], [ 14.416868886731411, 53.852662568128032 ], [ 14.416825070364139, 53.852285814855634 ], [ 14.416899645612999, 53.85183861030422 ], [ 14.416826485822186, 53.851328702335792 ], [ 14.416674621666775, 53.850840023283837 ], [ 14.416321116239342, 53.850452725344191 ], [ 14.415993376865179, 53.85015804617165 ], [ 14.415646375501479, 53.850096707182018 ], [ 14.415120587695656, 53.849916699204023 ], [ 14.414921073851678, 53.849614084647321 ], [ 14.414926919093919, 53.849305112428603 ], [ 14.415085640500779, 53.849049247101632 ], [ 14.415353500860078, 53.848909647765858 ], [ 14.415706726766846, 53.848993149113312 ], [ 14.415989985500953, 53.84912881438278 ], [ 14.416241248592538, 53.849176849409375 ], [ 14.416551256423675, 53.849078614344862 ], [ 14.41674854159201, 53.848823488688559 ], [ 14.416864346555187, 53.848331410708006 ], [ 14.416817452154978, 53.84772362121312 ], [ 14.416538793883461, 53.847247311626461 ], [ 14.416408918456906, 53.846974251972163 ], [ 14.416384930002218, 53.846640990892368 ], [ 14.416261134902085, 53.846444392715718 ], [ 14.415147865913164, 53.845863585331116 ], [ 14.414800150259683, 53.845661704031237 ], [ 14.414431549412491, 53.845330265124232 ], [ 14.414323852623498, 53.845136619462394 ], [ 14.41391742775469, 53.844972217903091 ], [ 14.41369045370168, 53.844708566630111 ], [ 14.413284536039461, 53.844408055222154 ], [ 14.412830816031194, 53.844239122159799 ], [ 14.41239423122245, 53.844213688793729 ], [ 14.411955507140142, 53.844043278140809 ], [ 14.411469807355138, 53.843786799052324 ], [ 14.411094475501226, 53.84365102043413 ], [ 14.410360603779496, 53.843604679215382 ], [ 14.409868663373162, 53.843380514841471 ], [ 14.40947477090025, 53.843205759719908 ], [ 14.408858042110532, 53.843084532776842 ], [ 14.408551103292787, 53.842973870871823 ], [ 14.408362564038889, 53.842765433844939 ], [ 14.407974932627509, 53.842585504570394 ], [ 14.407608005081414, 53.842562370009155 ], [ 14.406527562284717, 53.842785687145074 ], [ 14.406183680167636, 53.842928026304762 ], [ 14.405497313482572, 53.842831706739517 ], [ 14.404870606090437, 53.842729483152567 ], [ 14.40452799612433, 53.842463577940428 ], [ 14.404180182044209, 53.842316056257324 ], [ 14.403449219605273, 53.842142337512634 ], [ 14.402939297258522, 53.842074192419311 ], [ 14.402394375466161, 53.842072806383669 ], [ 14.40167514085674, 53.842161140429155 ], [ 14.401122317425799, 53.842323837578554 ], [ 14.400154496277798, 53.84270391249985 ], [ 14.399700082925332, 53.842779910962726 ], [ 14.399231394832373, 53.842694034736333 ], [ 14.398898825925656, 53.842409000978449 ], [ 14.398750130987414, 53.842232970649853 ], [ 14.398639922604248, 53.841672253776416 ], [ 14.398675488025516, 53.841469206452324 ], [ 14.39882072284836, 53.841164787648601 ], [ 14.399092333587349, 53.841011369667349 ], [ 14.39989011555123, 53.840874587859382 ], [ 14.400548225734731, 53.84086945098263 ], [ 14.400939063482541, 53.840813198585167 ], [ 14.401010718111539, 53.840547729141512 ], [ 14.400748835610003, 53.84035099419004 ], [ 14.40028766655062, 53.840264385478584 ], [ 14.399316048464916, 53.840272874136843 ], [ 14.398951623005855, 53.840285730168247 ], [ 14.39850281471953, 53.840161711870522 ], [ 14.397883171323734, 53.839836544594391 ], [ 14.397545255211895, 53.839669887874365 ], [ 14.3972167385079, 53.839701859850422 ], [ 14.397086481245173, 53.840004894233161 ], [ 14.397171607378395, 53.840200674015669 ], [ 14.39742239474122, 53.840384858691607 ], [ 14.397874779128616, 53.840522264908962 ], [ 14.398001137899033, 53.840700418747147 ], [ 14.397666830824082, 53.840986973659909 ], [ 14.397181167300381, 53.841115958309736 ], [ 14.396793371040403, 53.841044866337626 ], [ 14.396210009677084, 53.840630032311182 ], [ 14.395776201397515, 53.840504441940695 ], [ 14.395480161187038, 53.840515178110941 ], [ 14.395024302335688, 53.840668448003079 ], [ 14.394608643461577, 53.840717938340973 ], [ 14.394122505764146, 53.84062473945523 ], [ 14.392901191819492, 53.839405721797519 ], [ 14.392382081319054, 53.839166057462791 ], [ 14.391861187437366, 53.839030824650592 ], [ 14.391254538143302, 53.838944789585774 ], [ 14.390966471409122, 53.838764184675533 ], [ 14.390708579997211, 53.838526245750998 ], [ 14.390311057195994, 53.838365372137964 ], [ 14.389837255186416, 53.838316298740807 ], [ 14.3893963696179, 53.838109792820681 ], [ 14.388975732011643, 53.8377833397507 ], [ 14.388696004590912, 53.837357012363611 ], [ 14.388545251362975, 53.837090565302901 ], [ 14.388239068679312, 53.836762019175104 ], [ 14.387846546065969, 53.836618867524827 ], [ 14.387420523588466, 53.836410879436237 ], [ 14.38706116265778, 53.83638685716106 ], [ 14.386635523232966, 53.836455521435056 ], [ 14.386134414266696, 53.836418154045838 ], [ 14.385732984711057, 53.83629853644927 ], [ 14.38542699081496, 53.836301117946874 ], [ 14.385129302088854, 53.836443417423645 ], [ 14.384863968220388, 53.836537332790343 ], [ 14.384710303197311, 53.836756320747888 ], [ 14.384471004876795, 53.836888475451644 ], [ 14.384173592546661, 53.836894747696768 ], [ 14.383817778704655, 53.836911251875641 ], [ 14.38299713349339, 53.836827871272014 ], [ 14.382576461580705, 53.836914162061369 ], [ 14.382298357799398, 53.837127191562899 ], [ 14.382272736682271, 53.837311034142481 ], [ 14.382255691815143, 53.837435454824444 ], [ 14.380552349891557, 53.838531159717782 ], [ 14.377717592982274, 53.834601165846166 ], [ 14.385768070174818, 53.831765245747654 ] ] ] ] } },
{ "type": "Feature", "properties": { "fid": 33, "full_id": null, "osm_id": null, "osm_type": null, "name": null, "place": null, "wetland": null, "landuse": null, "wikipedia": null, "wikidata": null, "water": null, "type": null, "source:alt_name:pl": null, "part_of": null, "natural": null, "name:sk": null, "name:pl": null, "name:en": null, "name:de": null, "alt_name:pl": null, "alt_name:de": null, "wojewodztwo": "zachodniopomorskie", "powiat": "powiat Świnoujście", "gmina": "Świnoujście (miasto)", "obreb": "Karsibór 19", "arkusz": null, "nr_dzialki": "784", "teryt": "326301_1.0019.784", "pow_m2": 42139.19, "layer": "polnoc_zalewu", "path": "C:/RDOS_Monitoring_Lokalny/polnoc_zalewu.gpkg" }, "geometry": { "type": "MultiPolygon", "coordinates": [ [ [ [ 14.415196853997545, 53.852526349910683 ], [ 14.414931143534544, 53.852756351491237 ], [ 14.414905471577246, 53.853021920509434 ], [ 14.414780474240583, 53.853233740005543 ], [ 14.414437020863364, 53.853267235809462 ], [ 14.414146991256734, 53.853272843947543 ], [ 14.413923199198125, 53.853212990783035 ], [ 14.413845528515704, 53.853402005742723 ], [ 14.413859675004018, 53.853672749629872 ], [ 14.41412011219747, 53.853973983373784 ], [ 14.414763824520483, 53.854328440625466 ], [ 14.415176605273286, 53.854433277024107 ], [ 14.415651530898019, 53.854595643966185 ], [ 14.415409729362102, 53.854718994027721 ], [ 14.415304320171478, 53.854615935002435 ], [ 14.414744735687357, 53.854479970531727 ], [ 14.414405368318194, 53.854363410853686 ], [ 14.413886144348206, 53.853987723739763 ], [ 14.413735028321961, 53.853721215725614 ], [ 14.413622300926887, 53.853564412914359 ], [ 14.41312363730588, 53.853454300216995 ], [ 14.412798595450068, 53.853554000448838 ], [ 14.412617682245733, 53.853730445923539 ], [ 14.412281920876644, 53.853627084312215 ], [ 14.412074728834323, 53.853406923379822 ], [ 14.411748950248338, 53.853338929296349 ], [ 14.411611084711069, 53.853202709430633 ], [ 14.411693745918743, 53.85305857702707 ], [ 14.411440327229462, 53.852865556950618 ], [ 14.411337786980688, 53.852635158695826 ], [ 14.411557447481709, 53.852405068919502 ], [ 14.411792833681265, 53.852314134138261 ], [ 14.411900334620027, 53.852149410204746 ], [ 14.412265533378953, 53.851946018624282 ], [ 14.412647890364967, 53.851831554426767 ], [ 14.413125640556101, 53.851812202049864 ], [ 14.413752848184711, 53.851805424529886 ], [ 14.414696166352899, 53.851749723668725 ], [ 14.414979771331437, 53.851803673592002 ], [ 14.415032657732279, 53.852048011546479 ], [ 14.415216122381105, 53.852265947175468 ], [ 14.415196853997545, 53.852526349910683 ] ] ] ] } }
]
}
